course_code,course_title,department,section,times,location,instructor,credits,enrollment,description,url
N/A,AFAS UN1003 Blackness and Frenchness: A Radical Genealogy. .,N/A,N/A,N/A,N/A,N/A,4.00 points,N/A,,https://bulletin.columbia.edu/columbia-college/departments-instruction/african-american-studies/
N/A,AFAS UN3030 AFRICAN-AMERICAN MUSIC. .,N/A,N/A,N/A,N/A,N/A,3.00 points,N/A,"This course focuses on a central question: how do we define “African-American music”? In attempting to answer this question, we will be thinking through concepts such as authenticity, representation, recognition, cultural ownership, appropriation, and origin(s). These concepts have structured the ways in which critics, musicians and audiences have addressed the various social, political and aesthetic contexts in which African-American music has been composed (produced), performed (re-produced) and heard (consumed)",https://bulletin.columbia.edu/columbia-college/departments-instruction/african-american-studies/
N/A,AFAS UN3936 Black Intellectuals Seminar. .,N/A,N/A,N/A,N/A,N/A,4 points,N/A,,https://bulletin.columbia.edu/columbia-college/departments-instruction/african-american-studies/
N/A,AFAS GU4031 POPULAR MUSIC/PROTEST MOVEMNTS. .,N/A,N/A,N/A,N/A,N/A,4.00 points,N/A,,https://bulletin.columbia.edu/columbia-college/departments-instruction/african-american-studies/
N/A,AFAS GU4035 Criminal Justice and the Carceral State in the 20th Century United States. .,N/A,N/A,N/A,N/A,N/A,4 points,N/A,,https://bulletin.columbia.edu/columbia-college/departments-instruction/african-american-studies/
N/A,AFAS GU4037 Third World Studies. .,N/A,N/A,N/A,N/A,N/A,4 points,N/A,,https://bulletin.columbia.edu/columbia-college/departments-instruction/african-american-studies/
N/A,ENGL GU4621 HARLEM RENAISSANCE. .,N/A,N/A,N/A,N/A,N/A,3.00 points,N/A,"(Lecture). This course will focus on the arts of the Harlem Renaissance as experiments in cultural modernity and as forms of incipient political empowerment. What was the Harlem Renaissance? Where and when did it take place? Who were its major players? What difference did it make to everyday Harlemites? What were its outposts beyond Harlem itself? Was there a rural HR? An international HR? As we wonder about these problems of definition, we will upset the usual literary/historical framework with considerations of music and painting of the period. How to fit Bessie Smith into a frame with W.E.B. Du Bois? Ellington with Zora Neale Hurston? Aaron Douglas with Langston Hughes? Where is Harlem today? Does it survive as more than a memory, a trace? Is it doomed to be black no more? How does Harlem function in our national/(international?) imagination? Has the Harlem Renaissance's moment come and gone? What continuities might we detect? What institutions from the early twentieth century have endured?",https://bulletin.columbia.edu/columbia-college/departments-instruction/african-american-studies/
N/A,ENGL GU4622 AFRICAN AMERICAN LITERATURE II. .,N/A,N/A,N/A,N/A,N/A,3.00 points,N/A,"(Lecture). This survey of African American literature focuses on language, history, and culture. What are the contours of African American literary history? How do race, gender, class, and sexuality intersect within the politics of African American culture? What can we expect to learn from these literary works? Why does our literature matter to student of social change? This lecture course will attempt to provide answers to these questions, as we begin with Zora Neale Hurstons Their Eyes Were Watching God (1937) and Richard Wrights Native Son (1940) and end with Melvin Dixons Loves Instruments (1995) with many stops along the way. We will discuss poetry, fiction, drama, and non-fictional prose. Ohter authors include Ralph Ellison, James Baldwin, Gwendolyn Brooks, Malcom X, Ntzozake Shange, Audre Lorde, and Toni Morrison. There are no prerequisites for this course. The formal assignments are two five-page essays and a final examination. Class participation will be graded",https://bulletin.columbia.edu/columbia-college/departments-instruction/african-american-studies/
N/A,AMST UN3920 SENIOR PROJECT COLLOQUIUM. .,N/A,N/A,N/A,N/A,N/A,1.00 point,N/A,"This course is for American studies majors planning to complete senior projects in the spring. The course is designed to help students clarify their research agenda, sharpen their questions, and locate their primary and secondary sources. Through class discussions and a workshop peer review process, each member of the course will enter spring semester with a completed bibliography that will provide an excellent foundation for the work of actually writing the senior essay. The colloquium will meet every other week and is required for everyone planning to do a senior research project. Application due June 15. See American Studies website",https://bulletin.columbia.edu/columbia-college/departments-instruction/american-studies/
N/A,AMST UN3937 JOURNALISM AND DEMOCRACY: THE 2024 ELECTION. .,N/A,N/A,N/A,N/A,N/A,4.00 points,N/A,"The 2024 presidential election poses a dramatic test of both our political system and the media that covers it. The campaign offers us an opportunity to examine, in real time, the critical role the press plays in our democracy and how it has been disrupted in an era dominated by social media and hyper-partisanship. We’ll look back at some iconic pieces of political reporting and compare them to the landscape journalists face today. How are groups that were underrepresented (or misrepresented) in legacy media changing the discourse? Is objectivity obsolete? And what happens to the decisions voters make when disinformation is rampant, and the fact base is under assault? Join waitlist and attend first class for instructor's permission",https://bulletin.columbia.edu/columbia-college/departments-instruction/american-studies/
N/A,ANTH UN2031 Corpse Life: Anthropological Histories of the Dead [Previously Archaeologies of Death and . .,N/A,N/A,N/A,N/A,N/A,4 points,N/A,,https://bulletin.columbia.edu/columbia-college/departments-instruction/anthropology/
N/A,ANTH UN3007 ARCHAEOL BEFORE THE BIBLE. .,N/A,N/A,N/A,N/A,N/A,3.00 points,N/A,"Please note that this is not a class on “biblical archaeology”. It is a course about the politics of archaeology in the context of Israel/Palestine, and the wider southwest Asia region. This course provides a critical overview of prehistoric archaeology in southwest Asia (or the Levant - the geographical area from Lebanon in the north to the Sinai in the south, and from the middle Euphrates in Syria to southern Jordan). It has been designed to appeal to anthropologists, historians, and students interested in the Ancient Mediterranean and Middle Eastern Studies. The course is divided into two parts. First, a social and political history of archaeology, emphasizing how the nature of current theoretical and practical knowledge has been shaped and defined by previous research traditions and, second, how the current political situation in the region impinges upon archaeological practice. Themes include: the dominance of ""biblical archaeology"" and the implications for Palestinian archaeology, Islamic archaeology, the impact of European contact from the Crusades onwards, and the development of prehistory",https://bulletin.columbia.edu/columbia-college/departments-instruction/anthropology/
N/A,ANTH BC3234 Indigenous Place-Thought. .,N/A,N/A,N/A,N/A,N/A,4.00 points,N/A,"This seminar considers what it means to be of a place and to think with and be committed to that place—environmentally, politically, and spiritually. After locating ourselves in our own particular places and place-based commitments, our attention turns to the Indigenous traditions of North America, to accounts of tribal emergence and pre-colonial being, to colonial histories of land dispossession, to ongoing struggles to protect ecological health and land-based sovereignty, to the epistemological and moral systems that have developed over the course of many millennia of living with and for the land, and to the contributions such systems might make to our collective future. The seminar’s title is borrowed from an essay on “Indigenous place-thought” by Mohawk/Anishinaabe scholar Vanessa Watts",https://bulletin.columbia.edu/columbia-college/departments-instruction/anthropology/
N/A,ANTH UN3823 ARCH ENGAGE: PAST IN PUB EYE. .,N/A,N/A,N/A,N/A,N/A,4.00 points,N/A,"This course provides a panoramic, but intensive, inquiry into the ways that archaeology and its methods for understanding the world have been marshaled for debate in issues of public interest. It is designed to examine claims to knowledge of the past through the lenses of alternative epistemologies and a series of case-based problems that range from the academic to the political, legal, cultural, romantic, and fraudulent",https://bulletin.columbia.edu/columbia-college/departments-instruction/anthropology/
N/A,ANTH GU4175 WRITING ARCHAEOLOGY. .,N/A,N/A,N/A,N/A,N/A,3.00 points,N/A,Prerequisites: the instructor's permission.,https://bulletin.columbia.edu/columbia-college/departments-instruction/anthropology/
N/A,ANTH UN2028 THINK LIKE AN ARCHAEOLOGIST. .,N/A,N/A,N/A,N/A,N/A,4.00 points,N/A,"This course provides a comprehensive introduction to methods and theory in archaeology – by exploring how archaeologists work to create narratives about the past (and the present) on the basis on the material remains of the past. The course begins with a consideration of how archaeologists deal with the remains of the past in the present: What are archaeological sites and how do we ‘discover’ them? How do archaeologists ‘read’ or analyze sites and artifacts? From there, we will turn to the question of how archaeologists interpret these materials traces, in order to create narratives about life in the past. After a review of the historical development of theoretical approaches in archaeological interpretation, the course will consider contemporary approaches to interpreting the past",https://bulletin.columbia.edu/columbia-college/departments-instruction/anthropology/
N/A,ANTH GU4346 LAB TECHNIQUES IN ARCHAEOLOGY. .,N/A,N/A,N/A,N/A,N/A,3.00 points,N/A,"“Laboratory Methods in Archaeology” is an intensive introduction to the analysis of archaeological artifacts and samples in which we explore how the organic and inorganic remains from archaeological sites can be used to build rigorous claims about the human past. In 2023, this course will focus on pre-contact and post-contact assemblages from the New York-metro area, including materials from the legacy collections of Ralph Solecki. Participants will be introduced to the history, geology, and ecology of the New York area and specialized laboratory modules focus on the analysis of chipped stone artifacts, ceramics, animal bone, glass, and a range of post-contact artifacts. The course only demands participation in the seminars and laboratory modules and successful completion of the written assignments, but all students are encouraged to develop specialized research projects to be subsequently expanded into either (1) a thesis project or (2) a conference presentation at the Society for American Archaeology, Society for Historical Archaeology, or Theoretical Archaeology Group meeting",https://bulletin.columbia.edu/columbia-college/departments-instruction/anthropology/
N/A,ANTH GU4148 HUMAN SKELETAL BIOLOGY II. .,N/A,N/A,N/A,N/A,N/A,3.00 points,N/A,"Recommended for archaeology and physical anthropology students, pre-meds, and biology majors interested in the human skeletal system. Intensive study of human skeletal materials using anatomical and anthropological landmarks to assess sex, age, and ethnicity of bones. Other primate skeletal materials and fossil casts used for comparative study",https://bulletin.columbia.edu/columbia-college/departments-instruction/anthropology/
N/A,ANTH UN2028 THINK LIKE AN ARCHAEOLOGIST. .,N/A,N/A,N/A,N/A,N/A,4.00 points,N/A,"This course provides a comprehensive introduction to methods and theory in archaeology – by exploring how archaeologists work to create narratives about the past (and the present) on the basis on the material remains of the past. The course begins with a consideration of how archaeologists deal with the remains of the past in the present: What are archaeological sites and how do we ‘discover’ them? How do archaeologists ‘read’ or analyze sites and artifacts? From there, we will turn to the question of how archaeologists interpret these materials traces, in order to create narratives about life in the past. After a review of the historical development of theoretical approaches in archaeological interpretation, the course will consider contemporary approaches to interpreting the past",https://bulletin.columbia.edu/columbia-college/departments-instruction/archaeology/
N/A,"ARCH UN3120 CITY,LANDSCAPE, ＆ ECOLOGY. .",N/A,N/A,N/A,N/A,N/A,3.00 points,N/A,"City, Landscape, Ecology is a thematically driven course that centers on issues and polemics related to landscape, land settlement and ecology over the past two centuries. The course interrogates our changing attitudes to nature from the 18th century to the present, focusing on the artistic and architectural responses to these perceptions. It aims to demonstrate the important role that artists and architects have played, and are to play, in making visible the sources of environmental degradation and in the development of new means of mitigating anthropogenic ecological change. City, Landscape, Ecology is divided into three parts. Part I explores important episodes in the history of landscape: picturesque garden theory, notions of “wilderness” as epitomized in national and state parks in the United States, Modern and Postmodern garden practices, and the prevalence of landscape in the work of artists from the 1960s to the present. The purpose here is to better understand the role that territorial organization plays in the construction of social practices, human subjectivities, and technologies of power. We then turn to ecology and related issues of climate, urbanization and sustainability in Part II. Here we will look at the rise of ecological thinking in the 1960s; approaches to the environment that were based on the systems-thinking approach of the era. In the session “Capitalism, Race and Population Growth” we examine the history of the “crisis” of scarcity from Thomas Robert Malthus, to Paul R. Ehrlich (The Population Bomb, 1968) to today and look at questions of environmental racism, violence and equity. The course concludes with Part III (Hybrid Natures). At this important juncture in the course, we will ask what is to be done today. We’ll examine the work of contemporary theorists, architects, landscape architects, policy makers and environmentalists who have channeled some of the lessons of the past in proposing lasting solutions to our land management and ecological crises of the present and future",https://bulletin.columbia.edu/columbia-college/departments-instruction/architecture/
N/A,AHIS UN2804 Mediterranean Artistic Interactions in the Middle Ages and the Early Modern Era. .,N/A,N/A,N/A,N/A,N/A,4.00 points,N/A,"Transcultural studies are, today, part of any undergraduate curriculum in the field of humanities. In our contemporary mobile society, transculturality becomes a major phenomenon for understanding the driving power behind the creation of art, style, fashion and social behavior. The Medieval world was no less mobile, and the idea of the ‘Global’ has its roots in ancient times. In this course the medieval Mediterranean basin as space of interactions and the port/trade cities around it will serve as the exemplary arena, in which the constant interactions between Asia, Europe and Africa contributed to the mobility of aesthetic notions and novel ideas",https://bulletin.columbia.edu/columbia-college/departments-instruction/art-history-archaeology/
N/A,"ASTR S1403D Earth, Moon, and Planets. .",N/A,N/A,N/A,N/A,N/A,3 points,N/A,,https://bulletin.columbia.edu/columbia-college/departments-instruction/astronomy/
N/A,"ASTR UN1404 STARS, GALAXIES ＆ COSMOLOGY. .",N/A,N/A,N/A,N/A,N/A,3.00 points,N/A,"Distances to, and fundamental properties of, nearby stars; nucleosynthesis and stellar evolution; novae and supernovae; galaxies; the structure of the universe and theories concerning its origin, evolution, and ultimate fate. You can only receive credit for ASTR UN1404 if you have not taken ASTR BC1754, ASTR UN1420 or ASTR UN1836",https://bulletin.columbia.edu/columbia-college/departments-instruction/astronomy/
N/A,ASTR UN1453 ANOTHER EARTH. .,N/A,N/A,N/A,N/A,N/A,3.00 points,N/A,"This course will explore the unique properties of Earth, compared to other planets in the Solar System, and the possibility of Earth-like planets around other stars. The basics of the Solar System, gravity, and light will be covered, as well as the geology and atmospheres of the terrestrial planets. The properties of Earth that allowed life to develop and whether life can develop on other planets will be discussed. Finally, the discovery of planets beyond our Solar System and the likelihood of another Earth will be a key component of the course",https://bulletin.columbia.edu/columbia-college/departments-instruction/astronomy/
N/A,ASTR UN1420 Galaxies and Cosmology. .,N/A,N/A,N/A,N/A,N/A,3 points,N/A,,https://bulletin.columbia.edu/columbia-college/departments-instruction/astronomy/
N/A,"ASTR BC1754 Stars, Galaxies, and Cosmology. .",N/A,N/A,N/A,N/A,N/A,3 points,N/A,"Prerequisites: Recommended preparation: A working knowledge of high school algebra.
Corequisites: Suggested parallel laboratory course: ASTR C 1904y.",https://bulletin.columbia.edu/columbia-college/departments-instruction/astronomy/
N/A,ASTR UN3101 MODERN STELLAR ASTROPHYSICS. .,N/A,N/A,N/A,N/A,N/A,3.00 points,N/A,Prerequisites: one year of calculus-based general physics.,https://bulletin.columbia.edu/columbia-college/departments-instruction/astronomy/
N/A,ASTR UN3102 Planetary Dynamics and Physics of the Solar System. .,N/A,N/A,N/A,N/A,N/A,3 points,N/A,,https://bulletin.columbia.edu/columbia-college/departments-instruction/astronomy/
N/A,ASTR UN3106 The Science of Space Exploration. .,N/A,N/A,N/A,N/A,N/A,3 points,N/A,"Prerequisites: one semester course in introductory astronomy or astrophysics (e.g., ASTR W1403, ASTR W1404, ASTR W1420, ASTR W1836, ASTR W2001, ASTR W2002, ASTR BC1753, and ASTR BC1754). Ability in mathematics up to and including calculus is strongly urged.",https://bulletin.columbia.edu/columbia-college/departments-instruction/astronomy/
N/A,ASTR UN3273 HIGH ENERGY ASTROPHYSICS. .,N/A,N/A,N/A,N/A,N/A,3.00 points,N/A,"Prerequisites: one year of calculus-based general physics. No previous,\nastronomy background required.",https://bulletin.columbia.edu/columbia-college/departments-instruction/astronomy/
N/A,ASTR UN3985 Statistics and the Universe (Seminar). .,N/A,N/A,N/A,N/A,N/A,3 points,N/A,,https://bulletin.columbia.edu/columbia-college/departments-instruction/astronomy/
N/A,"ASTR GU4302 General Relativity, Black Holes, and Cosmology. .",N/A,N/A,N/A,N/A,N/A,3 points,N/A,,https://bulletin.columbia.edu/columbia-college/departments-instruction/astronomy/
N/A,ASTR GU4303 ASTROSTATISTICS. .,N/A,N/A,N/A,N/A,N/A,3.00 points,N/A,"Astronomers live in era of “big data”. Whilst astronomers of a century ago collected a handful of photographic plates each night, modern astronomers collect thousands of images encoded by millions of pixels in the same time. Both the volume of data and the ever present desire to dig deeper into data sets has led to a growing interest in the use of statistical methods to interpret observations. This class will provide an introduction to the methods commonly used in understanding astronomical data sets, both in terms of theory and application. It is one six classes the department offers every fourth semester",https://bulletin.columbia.edu/columbia-college/departments-instruction/astronomy/
N/A,ASTR GR6001 RADIATIVE PROCESSES. .,N/A,N/A,N/A,N/A,N/A,3.00 points,N/A,"Prerequisites: 3000-level electromagnetic theory and quantum mechanics.
Prerequisites: 3000-level electromagnetic theory and quantum mechanics. Radiation mechanisms and interaction of radiation with matter. Applications of classical and semiclassical radiation theory and atomic physics to astrophysical settings. Radiative transfer, polarization, scattering, line radiation, special relativity, bremsstrahlung, synchrotron radiation, inverse compton scattering, ionization losses, shocks and particle acceleration, plasma processes, atomic structure and spectroscopic terms, radiative transitions and oscillator strengths, curve of growth, molecular spectra",https://bulletin.columbia.edu/columbia-college/departments-instruction/astronomy/
N/A,ASTR GR6003 GALAXIES. .,N/A,N/A,N/A,N/A,N/A,3.00 points,N/A,,https://bulletin.columbia.edu/columbia-college/departments-instruction/astronomy/
N/A,ASTR GR6005 PHYSICAL COSMOLOGY LEC. .,N/A,N/A,N/A,N/A,N/A,3.00 points,N/A,,https://bulletin.columbia.edu/columbia-college/departments-instruction/astronomy/
N/A,BIOL UN1002 Theory and Practice of Science: Biology. .,N/A,N/A,N/A,N/A,N/A,4 points,N/A,,https://bulletin.columbia.edu/columbia-college/departments-instruction/biological-sciences/
N/A,BIOL UN1130 GENES AND DEVELOPMENT. .,N/A,N/A,N/A,N/A,N/A,3.00 points,N/A,"Prerequisites: one year of high school or college biology.
Prerequisites: one year of high school or college biology. This course covers selected topics in genetics and developmental biology, with special emphasis on issues that are relevant to contemporary society. Lectures and readings will cover the basic principles of genetics, how genes are expressed and regulated, the role of genes in normal development, and how alterations in genes lead to abnormal development and disease. We will also examine how genes can be manipulated in the laboratory, and look at the contributions of these manipulations to basic science and medicine, as well as some practical applications of these technologies. Interspersed student-run workshops will allow students to research and discuss the ethical and societal impacts of specific topics (e.g. in vitro fertilization, uses and misuses of genetic information, genetically modified organisms, steroid use, and cloning). SCE and TC students may register for this course, but they must first obtain the written permission of the instructor, by filling out a paper Registration Adjustment Form (Add/Drop form). The form can be downloaded at the URL below, but must be signed by the instructor and returned to the office of the registrar. http://registrar.columbia.edu/sites/default/files/content/reg-adjustment.pdf",https://bulletin.columbia.edu/columbia-college/departments-instruction/biological-sciences/
N/A,BIOL UN1201 Engineered Mouse Models and Identifying Phenotypes In Vivo. .,N/A,N/A,N/A,N/A,N/A,1.50 point,N/A,"This undergraduate lecture course will introduce how transgenic and mutant mouse models are generated and their utility in defining the functional roles of genes in vivo. Classically, the function of a gene is tested in vivo by either overexpressing or inactivating its expression, leading to a gain-of-function or loss-of-function phenotype from which is inferred a gene’s normal role in homeostasis. Here we will explore the classic strategies for the generation of transgenic and knockout mice, comparing and contrasting their individual strengths and weaknesses, while exploring the phenotypes that have resulted from these changes in gene expression. Using a subset of primary papers, students will be introduced to research analysis to become more versed in the layers of experimental design needed to identify a gene’s function in vivo. The theoretical timing and the strategy needed to design such experiments with these transgenic and mutant mouse models, and the power of stem cell experiments will be discussed. In addition, to develop critical and additional analytical skills, students will become versed in basic tissue histology and immunohistochemistry, using processed paraffin-embedded mouse tissues from wild-type and engineered mutant mouse lines. Students will learn how to recognize numerous, normal adult tissues with light microscopy and to identify proliferative zones vs. fully differentiated layers within each. In addition, they will analyze the development of mid-to-late gestational embryos in serial sections, to underscore the coordinated transformation of tissues required for normal embryonic development. Finally, serial sections from well-defined mutant mouse models will used to identify and characterize abnormal phenotypes resulting from the knock-out of genes encoding cell cycle regulators or tumor suppressors. Live animal handling or experimentation is not a component of this course",https://bulletin.columbia.edu/columbia-college/departments-instruction/biological-sciences/
N/A,BIOL UN1360 Science and Society. .,N/A,N/A,N/A,N/A,N/A,3.00 points,N/A,"This course, which has been given at another institution for the past five years, uses a seminar discussion format to examine the relationship between science and society from numerous perspectives, using examples from many fields of science, mostly biology and medicine, including the Covid-19 pandemic. We welcome undergraduates from all classes who are concentrating in any field of sciences, humanities, or the arts; there are no prerequisites, other than an interest in how the scientific enterprise works. The course addresses a wide array of topics: why do people choose a scientific career; why do governments and other funders support scientific work; how does science fail; why is there widespread skepticism about science; how is it represented in the arts; how are results disseminated, evaluated, and legally protected; and many other subjects. Assignments-- mainly short articles (from newspapers and journals) and book chapters, but also a few films and novels --will be provided for each class, and every student will undertake a term project of their own choosing, after consultations with the instructor",https://bulletin.columbia.edu/columbia-college/departments-instruction/biological-sciences/
N/A,BIOL UN1440 DNA Diversity and You. .,N/A,N/A,N/A,N/A,N/A,3.00 points,N/A,"This seminar focuses on the biochemistry, biology, and sociology of DNA and its use and potential for misuse. Even before the discovery of the human genome, the DNA that is the lattice of each human being has been thought to be static and determinative. More recently, with advances in sequencing that DNA, the emerging picture is much more complex. Even so, deeply held beliefs about being solely “my DNA” have persisted affecting our entire species. Students in this seminar are expected to critically discuss and examine the ethical and societal impacts of several topics related to DNA (e.g., artificial reproductive techniques, eugenics, bodily autonomy, definitions and treatment of diseases, neuroscience, epigenetics and the microbiome), as well as the underlying biology and biochemistry of DNA. Human identity and its relationship to DNA is examined using an interdisciplinary framework of perspectives, including those originating from biology, genetics, medicine, public health, psychiatry, religion, and the law. Students are expected to draw from their own experiences as an individual in reflection through the readings to complete the written coursework and participate each week in class discussion. This seminar also allows for expression in other modalities (e.g., visual or aural), in a two-part final class project consisting of a media component in addition to a final written assignment",https://bulletin.columbia.edu/columbia-college/departments-instruction/biological-sciences/
N/A,BIOL UN2300 Interpreting Scientific Evidence. .,N/A,N/A,N/A,N/A,N/A,3.00 points,N/A,"This class focuses on how we gather reliable scientific evidence about human biology and public health. The aim is to help students better interpret and evaluate the scientific evidence that they will encounter throughout their lifetime, in primary papers but also as presented in news, advertisement, and politics. To these ends, students will be introduced to basic definitions and concepts in statistics and epidemiology, including point estimates and measures of uncertainty, p-values, error rates, association and causation, different study designs, and selection bias. Readings will draw from a textbook as well as the primary literature. The second half of the course will turn to dissecting the representation and misrepresentation of scientific evidence presented in different venues. It will draw primarily from the textbook “Calling Bullshit” and include discussions of timely examples from the news",https://bulletin.columbia.edu/columbia-college/departments-instruction/biological-sciences/
N/A,BIOL UN2502 Foundations for Lab Biology. .,N/A,N/A,N/A,N/A,N/A,3.00 points,N/A,"Due to COVID-19 related restrictions on in-person laboratory work, this course acts as a replacement for BIOL UN2501. This course will act as a virtual introduction to the practice of contemporary biology, with an emphasis on common laboratory methods, online tools, statistical analysis, styles of scientific reasoning, and science communication. Students will be expected to watch a weekly lecture, either in-person or via recording. Lab activities are designed to be highly interactive and collaborative to reflect the realities of biological research. Small groups of students will work together on in-class activities, as well as on a long-term student-designed biological research project",https://bulletin.columbia.edu/columbia-college/departments-instruction/biological-sciences/
N/A,BIOL UN2700 Past and future of the human genome. .,N/A,N/A,N/A,N/A,N/A,3 points,N/A,,https://bulletin.columbia.edu/columbia-college/departments-instruction/biological-sciences/
N/A,BIOL UN3008 The Cellular Physiology of Disease. .,N/A,N/A,N/A,N/A,N/A,3 points,N/A,,https://bulletin.columbia.edu/columbia-college/departments-instruction/biological-sciences/
N/A,BIOL UN3014 Neurobiology I Recitation. .,N/A,N/A,N/A,N/A,N/A,0.00 points,N/A,Discussion/recitation section for BIOL UN3004 Neurobiology I,https://bulletin.columbia.edu/columbia-college/departments-instruction/biological-sciences/
N/A,BIOL UN3016 Neurobiology I Recitation. .,N/A,N/A,N/A,N/A,N/A,0.00 points,N/A,Discussion/recitation section for BIOL UN3004 Neurobiology I section 002,https://bulletin.columbia.edu/columbia-college/departments-instruction/biological-sciences/
N/A,BIOL UN3019 Brain Evolution. .,N/A,N/A,N/A,N/A,N/A,3.00 points,N/A,"If an engineer were to build “the brain”, they would not be able to reproduce any of the brains that exist on Earth. Our brains were not designed to be perfect, but are a result of millions of years of evolution and adaptation. The goal of this course is to provide an overview of brain evolution, ranging from the evolution of the first neurons to the origin of the human brain. Specifically, the course will focus on recent insights emerging from studies of development, gene expression, and neural circuit architecture. The evolutionary perspective on commonly used terms, such as “neuron” and “brain”, and general principles of brain organization and function emerging from comparative studies will be discussed",https://bulletin.columbia.edu/columbia-college/departments-instruction/biological-sciences/
N/A,BIOL UN3034 Biotechnology. .,N/A,N/A,N/A,N/A,N/A,3 points,N/A,Prerequisites: genetics or molecular biology.,https://bulletin.columbia.edu/columbia-college/departments-instruction/biological-sciences/
N/A,BIOL UN3050 Project Laboratory In Protein Biochemistry. .,N/A,N/A,N/A,N/A,N/A,5 points,N/A,,https://bulletin.columbia.edu/columbia-college/departments-instruction/biological-sciences/
N/A,BIOL UN3073 CELLULAR/MOLECULAR IMMUNOLOGY. .,N/A,N/A,N/A,N/A,N/A,3.00 points,N/A,"Prerequisites: two semesters of a rigorous, molecularly-oriented introductory biology course (such as C2005 and C2006), or the instructor's permission.
Prerequisites: two semesters of a rigorous, molecularly-oriented introductory biology course (such as UN2005 and UN2006), or the instructors permission. This course will cover the basic concepts underlying the mechanisms of innate and adaptive immunity, as well as key experimental methods currently used in the field. To keep it real, the course will include clinical correlates in such areas as infectious diseases, autoimmune diseases, cancer immunotherapy and transplantation. Taking this course wont turn you into an immunologist, but it may make you want to become one, as was the case for several students last year. After taking the course, you should be able to read the literature intelligently in this rapidly advancing field. SCE and TC students may register for this course, but they must first obtain the written permission of the instructor, by filling out a paper Registration Adjustment Form (Add/Drop form). The form can be downloaded at the URL below, but must be signed by the instructor and returned to the office of the registrar. http://registrar.columbia.edu/sites/default/files/content/reg-adjustment.pdf",https://bulletin.columbia.edu/columbia-college/departments-instruction/biological-sciences/
N/A,"BIOL UN3190 STEM CELLS: BIOL,ETHICS,APPLIC. .",N/A,N/A,N/A,N/A,N/A,3.00 points,N/A,,https://bulletin.columbia.edu/columbia-college/departments-instruction/biological-sciences/
N/A,BIOL UN3193 STEM CELL BIOL ＆ APPLICATIONS. .,N/A,N/A,N/A,N/A,N/A,3.00 points,N/A,"Prerequisites: three semesters of Biology or the instructors permission. The course examines current knowledge and potential medical applications of pluripotent stem cells (embryonic stem cells and induced pluripotent stem cells), direct conversions between cell types and adult, tissue-specific stem cells (concentrating mainly on hematopoietic and gut stem cells as leading paradigms). A basic lecture format will be supplemented by presentations and discussions of research papers. Recent reviews and research papers, together with extensive instructor notes, will be used in place of a textbook. SCE and TC students may register for this course, but they must first obtain the written permission of the instructor, by filling out a paper Registration Adjustment Form (Add/Drop form). The form can be downloaded at the URL below, but must be signed by the instructor and returned to the office of the registrar. http://registrar.columbia.edu/sites/default/files/content/reg-adjustment.pdf",https://bulletin.columbia.edu/columbia-college/departments-instruction/biological-sciences/
N/A,BIOL UN3208 Introduction to Evolutionary Biology. .,N/A,N/A,N/A,N/A,N/A,3 points,N/A,,https://bulletin.columbia.edu/columbia-college/departments-instruction/biological-sciences/
N/A,BIOL UN3310 Virology. .,N/A,N/A,N/A,N/A,N/A,3 points,N/A,"Prerequisites: two semesters of a rigorous, molecularly-oriented introductory biology course (such as C2005), or the instructor's permission.",https://bulletin.columbia.edu/columbia-college/departments-instruction/biological-sciences/
N/A,BIOL UN3387 BIOLOGY TEST. .,N/A,N/A,N/A,N/A,N/A,3 points,N/A,,https://bulletin.columbia.edu/columbia-college/departments-instruction/biological-sciences/
N/A,BIOL UN3560 EVOL IN THE AGE OF GENOMICS. .,N/A,N/A,N/A,N/A,N/A,4.00 points,N/A,"Prerequisites: introductory genetics or the instructor's permission.
Prerequisites: Introductory Biology I and II, or the instructors permission. This course introduces basic concepts in evolutionary biology, from speciation to natural selection. While the lectures incorporate a historical perspective, the main goal of the class is to familiarize students with topics and tools of evolutionary genetics as practiced today, in the era of genomics. Thus, the focus will be on evidence from molecular evolution and genetics and exercises will assume a basic background in genetics. Examples will be drawn from across the tree of life, but with a primary focus on humans",https://bulletin.columbia.edu/columbia-college/departments-instruction/biological-sciences/
N/A,BIOL UN3700 INDEPENDENT CLINICAL RESEARCH. .,N/A,N/A,N/A,N/A,N/A,2.00-4.00 points,N/A,"Prerequisites: concurrent with registering for this course, a student must register with the department, provide a written invitation from a mentor, and submit a research proposal.
Prerequisites: concurrent with registering for this course, a student must register with the department, provide a written invitation from a mentor, and submit a research proposal. BIOL 3700 will provide an opportunity for students interested in independent research work in a hospital or hospice setting. In these settings, where patients and their needs are paramount, and where IRB rules and basic medical ethics make “wet-lab biology research” inappropriate, undergraduates may well find a way nevertheless, to assist and participate in ongoing clinical research. Such students, once they have identified a mentor willing to provide support, participation, and advising, may apply to the faculty member in charge of the course for 2-4 points/semester in BIOL W3700. This course will closely follow procedures already in place for BIOL 3500, but will ask potential mentors to provide evidence that students will gain hands-on experience in a clinical setting, while participating in a hospital- or hospice-based research agenda. A paper summarizing results of the work is required by the last day of finals for a letter grade; no late papers will be accepted",https://bulletin.columbia.edu/columbia-college/departments-instruction/biological-sciences/
N/A,BIOL UN3799 MOLECULAR BIOLOGY OF CANCER. .,N/A,N/A,N/A,N/A,N/A,3.00 points,N/A,"Prerequisites: three terms of biology (genetics and cell biology recommended).
Prerequisites: three terms of biology (genetics and cell biology recommended). Cancer is one of the most dreaded common diseases. Yet it is also one of the great intellectual challenges in biology today. How does a cell become cancerous? What are the agents that cause this to occur? How do current findings about genes, cells, and organisms ranging from yeast cells to humans inform us about cancer? How do findings about cancer teach us new biological concepts? Over the past few years there have been great inroads into answering these questions which have led to new ways to diagnose and treat cancer. This course will discuss cancer from the point of view of basic biological research. We will cover topics in genetics, molecular and cell biology that are relevant to understanding the differences between normal and cancer cells. These will include tumor viruses, oncogenes, tumor suppressor genes, cell cycle regulation, programmed cell death and cell senescence. We will also study some current physiological concepts related to cancer including angiogenesis, tumor immunology, cancer stem cells, metastasis and new approaches to treatment that are built on recent discoveries in cancer biology. SPS and TC students may register for this course, but they must first obtain the written permission of the instructor, by filling out a paper Registration Adjustment Form (Add/Drop form). The form can be downloaded at the URL below, but must be signed by the instructor and returned to the office of the registrar. http://registrar.columbia.edu/sites/default/files/content/reg-adjustment.pdf",https://bulletin.columbia.edu/columbia-college/departments-instruction/biological-sciences/
N/A,BIOL UN3995 (Section 1) Topics in Biology: Crossroads in Bioethics. .,N/A,N/A,N/A,N/A,N/A,1-2 points,N/A,Prerequisites: at least one introductory course in biology or chemistry.,https://bulletin.columbia.edu/columbia-college/departments-instruction/biological-sciences/
N/A,BIOL GU4002 Macromolecular Structure ＆ Interactions. .,N/A,N/A,N/A,N/A,N/A,4.00 points,N/A,"This course has three interrelated goals: (i) to develop an intuitive understanding of the thermodynamic forces that control the structure of biological macromolecules and the evolution of life, (ii) to learn how to apply that understanding to experimental analyses of macromolecular interactions, and (iii) to master the use of molecular graphics software for understanding and interpreting macromolecular structures and interactions. The lectures develop the essential thermodynamic theory from the ground up, starting from a review of the relevant physical forces (Newton's and Coulomb's Laws) and culminating with an intuitive explanation of how complex biological organisms can evolve spontaneously, in a universe in which all natural processes are driven by increasing randomness or entropy, as specified by the 2nd Law of Thermodynamics. Subsequent lectures elaborate how these thermodynamic principles govern the formation and interaction of macromolecular structures, which represent the physical foundation for the evolution of life, and how the same principles are applied to analyze related experimental data. The problem sets for the course focus on practical applications of these principles to the analysis of data from common experiments used by molecular biologists to characterize macromolecular interactions. Extensive use is made of molecular graphics software throughout the semester, including in the problem sets, based on instruction provided in both the lectures and recitation sections. The course is designed to develop a deep understanding of the physical mechanisms controlling macromolecular interactions while simultaneously empowering students to critically read related literature and rigorously design and analyze related experiments themselves",https://bulletin.columbia.edu/columbia-college/departments-instruction/biological-sciences/
N/A,BIOL GU4004 NEUROBIO I:CELLULAR ＆ MOLECULR. .,N/A,N/A,N/A,N/A,N/A,4.00 points,N/A,"Prerequisites: one year of biology; a course in physics is highly recommended. Lecture and recitation. This is an advanced course intended for majors providing an in depth survey of the cellular and molecular aspects of nerve cell function. Topics include the cell biology and biochemistry of neurons, ionic and molecular basis of electrical signals, synaptic transmission and its modulation, function of sensory receptors. Although not required, it is intended to be followed by Neurobiology II (see below). The recitation meets once per week in smaller groups and emphasizes readings from the primary literature",https://bulletin.columbia.edu/columbia-college/departments-instruction/biological-sciences/
N/A,BIOL GU4008 The Cellular Physiology of Disease. .,N/A,N/A,N/A,N/A,N/A,3 points,N/A,"Prerequisites: one 3000-level course in Cell Biology or Biochemistry or the instructor's permission.
Corequisites: BIOL GU4009",https://bulletin.columbia.edu/columbia-college/departments-instruction/biological-sciences/
N/A,BIOL GU4009 Cellular Physiology of Diseases Laboratory. .,N/A,N/A,N/A,N/A,N/A,1 point,N/A,,https://bulletin.columbia.edu/columbia-college/departments-instruction/biological-sciences/
N/A,BIOL GU4013 ADV SEMINAR IN NEUROBIOLOGY. .,N/A,N/A,N/A,N/A,N/A,3.00 points,N/A,,https://bulletin.columbia.edu/columbia-college/departments-instruction/biological-sciences/
N/A,BIOL GU4022 DEVELOPMENTAL BIOLOGY. .,N/A,N/A,N/A,N/A,N/A,3.00 points,N/A,"Prerequisites: BIOL C2005-C2006 or equivalent. Come discover how the union of egg and sperm triggers the complex cellular interactions that specify the diverse variety of cells present in multicellular organisms. Cellular and molecular aspects of sex determination, gametogenesis, genomic imprinting, X-chromosome inactivation, telomerase as the biological clock, stem cells, cloning, the pill and cell interactions will be explored, with an emphasis on humans. Original research articles will be discussed to further examine current research in developmental biology. SCE and TC students may register for this course, but they must first obtain the written permission of the instructor, by filling out a paper Registration Adjustment Form (Add/Drop form). The form can be downloaded at the URL below, but must be signed by the instructor and returned to the office of the registrar. http://registrar.columbia.edu/sites/default/files/content/reg-adjustment.pdf",https://bulletin.columbia.edu/columbia-college/departments-instruction/biological-sciences/
N/A,BIOL GU4031 Genetics. .,N/A,N/A,N/A,N/A,N/A,3 points,N/A,"Prerequisites: BIOL C2005-C2006 or the equivalent.
Corequisites: Recommended: one term of organic chemistry.",https://bulletin.columbia.edu/columbia-college/departments-instruction/biological-sciences/
N/A,BIOL GU4035 SEMINAR IN EPIGENETICS. .,N/A,N/A,N/A,N/A,N/A,3.00 points,N/A,"Prerequisites: Genetics (3032/4032) or Molecular Biology (3512/4512), and the instructor's permission.",https://bulletin.columbia.edu/columbia-college/departments-instruction/biological-sciences/
N/A,BIOL GU4041 Cell Biology. .,N/A,N/A,N/A,N/A,N/A,3 points,N/A,"Prerequisites: one year of biology, normally BIOL C2005-C2006, or the equivalent.",https://bulletin.columbia.edu/columbia-college/departments-instruction/biological-sciences/
N/A,BIOL GU4065 Molecular Biology of Disease. .,N/A,N/A,N/A,N/A,N/A,3 points,N/A,,https://bulletin.columbia.edu/columbia-college/departments-instruction/biological-sciences/
N/A,BIOL GU4070 The Biology and Physics of Single Molecules. .,N/A,N/A,N/A,N/A,N/A,3 points,N/A,"Prerequisites: calculus, chemistry, physics, one year of biology, or the instructor's permission.",https://bulletin.columbia.edu/columbia-college/departments-instruction/biological-sciences/
N/A,BIOL GU4075 BIOLOGY AT PHYSICAL EXTREMES. .,N/A,N/A,N/A,N/A,N/A,3.00 points,N/A,"Prerequisites: one year each of biology and physics, or the instructor's permission.
Prerequisites: one year each of biology and physics, or the instructor's permission. This is a combined lecture/seminar course designed for graduate students and advanced undergraduates. The course will cover a series of cases where biological systems take advantage of physical phenomena in counter intuitive and surprising ways to accomplish their functions. In each of these cases, we will discuss different physical mechanisms at work. We will limit our discussions to simple, qualitative arguments. We will also discuss experimental methods enabling the study of these biological systems. Overall, the course will expose students to a wide range of physical concepts involved in biological processes",https://bulletin.columbia.edu/columbia-college/departments-instruction/biological-sciences/
N/A,BIOL GU4082 Theoretical Foundations and Applications of Biophysical Methods. .,N/A,N/A,N/A,N/A,N/A,4 points,N/A,,https://bulletin.columbia.edu/columbia-college/departments-instruction/biological-sciences/
N/A,BIOL GU4088 Seminar in Neurobiochemistry and Neurological Diseases. .,N/A,N/A,N/A,N/A,N/A,3.00 points,N/A,"Students will read and discuss classical as well as contemporary research papers on the molecular and cellular mechanisms of membrane excitability, synaptic transmission and sensory transduction, and the pathogenic mechanisms and therapeutics of certain neurological diseases related to these processes. Focus will be on intellectual creativity, conceptual breakthroughs, and technical advances. A key goal of the course is to help students become a critical reader and thinker. Graduate students in all disciplines are welcome. Advanced undergraduate students can enroll with instructor’s permission. For PhD students in the Biological Sciences Program, this is a tier 3 course",https://bulletin.columbia.edu/columbia-college/departments-instruction/biological-sciences/
N/A,BIOL GU4193 Stem Cell Biology and Applications. .,N/A,N/A,N/A,N/A,N/A,3 points,N/A,,https://bulletin.columbia.edu/columbia-college/departments-instruction/biological-sciences/
N/A,BIOL GU4402 Biological Image Computing. .,N/A,N/A,N/A,N/A,N/A,3.00 points,N/A,"We will aim for practical understanding of the fundamentals of Python programming, image visualization ＆ rendering tools and common image processing tasks, including image segmentation, measurements of features and registration",https://bulletin.columbia.edu/columbia-college/departments-instruction/biological-sciences/
N/A,BIOL GU4505 Biochemistry I Recitation in VR: Leveraging Virtual Reality. .,N/A,N/A,N/A,N/A,N/A,0.00 points,N/A,"In this course, we will use virtual reality to explore the basic biochemistry of living systems and how this knowledge can be harnessed to create new medicines. We will learn how living systems convert environmental resources into energy through metabolism, and how they use this energy and these materials to build the molecules required for the diverse functions of life. We will discuss the applications of this biochemical knowledge to mechanisms of disease and to drug discovery. We will look at examples of drug discovery related to neurodegeneration, cancer, and the SARS-CoV-2 COVID19 pandemic. This course satisfies the requirement of most medical schools for introductory biochemistry, and is suitable for advanced undergraduates, and beginning graduate students. This course is equivalent to and replaces the prior course named UN3501, and is equivalent to the course offered in the Fall semester. This course is a co-requisite to GU4501. We will meet twice each week in Zoom (Tuesday and Thursday 2:30-5:15, GU4501) to discuss the course material. We will then meet Friday 9:30-10:30 each week in virtual reality, using the Spatial.io platform and an Oculus Quest headset. In VR, we will examine the 3D spatial concepts relevant to biochemistry, where you will be able to examine molecular structures in an immersive format",https://bulletin.columbia.edu/columbia-college/departments-instruction/biological-sciences/
N/A,BIOL GU4506 Biochemistry I in XR: Mixed Reality. .,N/A,N/A,N/A,N/A,N/A,1.00 point,N/A,"In this course, we will use mixed reality to explore the basic 3D aspects of biochemistry of living systems and how this knowledge can be harnessed to create new medicines. Students may register for this course alongside of GU4501 or independent of GU4501. Professor Stockwell will meet each week with a group of 4 students to discuss protein structures using Oculus Quest Pro Mixed Reality headsets in the XR app Nanome. Students will rotate through in person meetings but can join all weekly sessions using a virtual live stream. We will examine 3D spatial concepts relevant to biochemistry, where you will be able to examine molecular structures in an immersive format in real time with other students and with the instructor",https://bulletin.columbia.edu/columbia-college/departments-instruction/biological-sciences/
N/A,BIOL GU4511 Biochemistry I recitation: Structure and Metabolism. .,N/A,N/A,N/A,N/A,N/A,0.00 points,N/A,"This is the recitation for GU4501. How does life work on a molecular level? Why do we succumb to disease, and how can we create new cures? This course will explore the biochemistry of life and how this knowledge can be harnessed to create new medicines. You will learn how cells convert environmental resources into energy through metabolism, how cellular molecules function, and how to use this biochemical knowledge for drug discovery related to neurodegeneration, cancer, and the current SARS-CoV-2 COVID19 pandemic. At the conclusion of the course, you will be able to diagram the major metabolic pathways and compare how these pathways are dysregulated in normal tissues in and in disease states. In addition, you will know what techniques are used to uncover biochemical knowledge and how to interpret relevant experiments. You will be capable of collaborating with other people in the analysis and interpretation of biochemical data, and be able to communicate, defend and refute interpretations of data. Having completed one year of college-level biology and one year of organic chemistry will be helpful to maximally benefit from this course. This course satisfies the requirement of most medical schools for introductory biochemistry, and is suitable for advanced undergraduates, and beginning graduate students; this replaces the previous UN3511 course",https://bulletin.columbia.edu/columbia-college/departments-instruction/biological-sciences/
N/A,BIOL GU4560 EVOL IN THE AGE OF GENOMICS. .,N/A,N/A,N/A,N/A,N/A,4.00 points,N/A,Prerequisites: introductory genetics or the instructor's permission.,https://bulletin.columbia.edu/columbia-college/departments-instruction/biological-sciences/
N/A,BIOL GU4600 CELL SIGNALING. .,N/A,N/A,N/A,N/A,N/A,3.00 points,N/A,"Prerequisites: A strong background in molecular and cellular biology. Generally students with four or more courses are accepted. Cell Signaling is a graduate course for Ph.D. students open to advanced undergraduate and masters students. The basic molecular mechanism of signal transduction pathways will be discussed related to cell growth and stress systems. There will be an emphasis on specific categories of signaling components. Students will read the literature and give presentations. Topics include the pathways by which cells respond to extracellular signals such as growth factors and the mechanisms by which extracellular signals are translated into alterations in the cell cycle, morphology, differentiation state, and motility of the responding cells. For stress pathways we will discuss how cells respond to survive the stress or induce their own death. In many cases these pathways will be related to human diseases",https://bulletin.columbia.edu/columbia-college/departments-instruction/biological-sciences/
N/A,BIOL GU4777 From Curiosity to Cure – Case Studies in Cool Biochemistry. .,N/A,N/A,N/A,N/A,N/A,4.00 points,N/A,"Course overview: The goal of this course is to engage upper-level undergraduates and beginning graduate students in an immersive intellectual experience at the intersection of rigorous scientific inquiry and the history of innovation in molecular biology. The central theme will be curiosity and critical thinking as the twin drivers of both technological innovation and scientific discovery. The course will be divided into a series of modules focused on analysis and presentation of original research papers related to one important breakthrough in molecular biology that occurred during the past century. A prominent theme of the course will be the persistently unpredictable trajectory linking technical research and methodological developments to breakthrough science. Approximately six-to-eight original research papers will be covered in each module, spanning topics from the development of the methods that made the breakthrough possible through practical application of the resulting knowledge. Three or four of the following breakthroughs will likely be covered in 2023: Discovery and clinical application of insulin by Banting ＆ Best. Development of the Trikafta triple drug treatment for cystic fibrosis. Development of CRISPR for human genetic engineering. Genetics and pharmacological treatment of human hyperlipidemia. Development of the Gleevec tyrosine kinase inhibitor to cure Ph leukemias. Development of “next-generation” nucleic acid sequencing methods",https://bulletin.columbia.edu/columbia-college/departments-instruction/biological-sciences/
N/A,BIOT GU4161 ETHICS IN BIOPHARM PAT/REG LAW. .,N/A,N/A,N/A,N/A,N/A,3.00 points,N/A,"Prerequisites: BIOT GU4160 BIOTECHNOLOGY LAW (BIOT W4160)
This course – the first of its kind at Columbia – introduces students to a vital subfield of ethics focusing on patent and regulatory law in the biotech and pharmaceutical sectors. The course combines lectures, structured debate, and research to best present this fascinating and nuanced subject. Properly exploring this branch of bioethics requires an in-depth understanding of biotech and pharmaceutical patent and regulatory law. Students can gain this understanding by first completing Biotechnology Law (BIOT GU4160), formerly the prerequisite for this course. Now, they can also gain it by reading the appropriate chapters of Biotechnology Law: A Primer for Scientists (the textbook for BIOT GU4160 published earlier this year) prior to each class. A number of students in the biotechnology fields (such as those in biotechnology, biomedical engineering, and bioethics programs) have shown a keen interest over the years in taking this course, yet were unable to do so because they hadn’t taken BIOT GU4160. Given the recent publication of Biotechnology Law and the desirability of making BIOT GU4161 accessible to more students having the appropriate science background, BIOT GU4160 has been removed as a prerequisite",https://bulletin.columbia.edu/columbia-college/departments-instruction/biological-sciences/
N/A,BIOT GU4180 ENTREPRENEURSHIP IN BIOTECH. .,N/A,N/A,N/A,N/A,N/A,3.00 points,N/A,"Prerequisites: the instructors permission. The course examines the entrepreneurial process in biotechnology from idea generation through economic viability. Biotechnology companies are unique in that they need a years-to-decades long period of incubation prior to becoming self-sustaining. Students will be introduced to the steps needed to start and nurture a company, and gain an ability to assess the health of potential collaborators, partners or employers. Topics include an overview of the global biotechnology industry, idea generation, business plan formulation, intellectual property protection, funding, personnel management including board composition, regulatory body interaction, and company exits. Course website: http://biot4180.weebly.com/",https://bulletin.columbia.edu/columbia-college/departments-instruction/biological-sciences/
N/A,BUSI UN3702 VENTURING TO CHANGE THE WORLD. .,N/A,N/A,N/A,N/A,N/A,3.00 points,N/A,"How do founders and their new ventures change the world? Changes in technology and society are increasing the power of small teams to impact everything. Startups, large corporations, social groups and governments are increasingly focused on the power of innovation to solve the world’s hardest problems. The ideas and patterns driving this recent form of change-making build on frameworks defining the development of modern civilizations since the Renaissance. Venturing to Change the World introduces the intellectual foundations and practical aspects of founding a new venture. We explore the entrepreneurial mindset, team formation, idea selection, how ideas become products with markets, and the key steps in building a venture. Our scope is commercial as well as social ventures, and the course is appropriate not only for prospective founders but anyone who will operate in a society increasingly animated by entrepreneurial activity",https://bulletin.columbia.edu/columbia-college/departments-instruction/business/
N/A,BUSI UN3704 Making History Through Venturing. .,N/A,N/A,N/A,N/A,N/A,3 points,N/A,Prerequisites: BUSI UN3702 BUSI UN3702 or equivalent,https://bulletin.columbia.edu/columbia-college/departments-instruction/business/
N/A,BCHM UN3300 BIOCHEMISTRY. .,N/A,N/A,N/A,N/A,N/A,3.00 points,N/A,"Prerequisites: one year each of Introductory Biology and General Chemistry. Corequisites: Organic Chemistry. Biochemistry is the study of the chemical processes within organisms that give rise to the immense complexity of life. This complexity emerges from a highly regulated and coordinated flow of chemical energy from one biomolecule to another. This course serves to familiarize students with the spectrum of biomolecules (carbohydrates, lipids, amino acids, nucleic acids, etc.) as well as the fundamental chemical processes (glycolysis, citric acid cycle, fatty acid metabolism, etc.) that allow life to happen. In particular, this course will employ active learning techniques and critical thinking problem-solving to engage students in answering the question: how is the complexity of life possible? NOTE: While Organic Chemistry is listed as a corequisite, it is highly recommended that you take Organic Chemistry beforehand",https://bulletin.columbia.edu/columbia-college/departments-instruction/chemistry/
N/A,BIOC GU4501 BIOCHEM I-STRUCTURE/METABOLISM. .,N/A,N/A,N/A,N/A,N/A,4.00 points,N/A,Prerequisites: BIOL UN2005 and BIOL UN2006 and CHEM UN2443 and CHEM UN2444 one year of BIOL C2005 and BIOL C2006 and one year of organic chemistry.,https://bulletin.columbia.edu/columbia-college/departments-instruction/chemistry/
N/A,BIOC GU4323 Biophysical Chemistry I. .,N/A,N/A,N/A,N/A,N/A,4 points,N/A,,https://bulletin.columbia.edu/columbia-college/departments-instruction/chemistry/
N/A,CHEM GR6168 MATERIALS CHEMISTRY IIA. .,N/A,N/A,N/A,N/A,N/A,2.50 points,N/A,"Prerequisites: CHEM UN2443 CHEM C3443 (or equivalent).
Prerequisites: CHEM UN2443 , or the equivalent. This is an introductory course to the emerging field macromolecular materials chemistry. The general topics will be based on the chemistry, self-assembly, and performance of block copolymers and conjugated polymers. Particular emphasis will be devoted to the demands required to drive materials from scientific curiosity to commercialization. At the fundamental level, the course will cover topics on polymerization techniques, electronic structure of organic semiconductors, characterization strategies, nanostructures and self-assembly",https://bulletin.columbia.edu/columbia-college/departments-instruction/chemistry/
N/A,BIOC GU4512 MOLECULAR BIOLOGY. .,N/A,N/A,N/A,N/A,N/A,3.00 points,N/A,"Prerequisites: one year of biology. Recommended but not required: BIOC C3501.
Prerequisites: one year of biology. This is a lecture course designed for advanced undergraduates and graduate students. The focus is on understanding at the molecular level how genetic information is stored within the cell and how it is regulated. Topics covered include genome organization, DNA replication, transcription, RNA processing, and translation. This course will also emphasize the critical analysis of the scientific literature and help students understand how to identify important biological problems and how to address them experimentally. SPS and TC students may register for this course, but they must first obtain the written permission of the instructor, by filling out a paper Registration Adjustment Form (Add/Drop form). The form can be downloaded at the URL below, but must be signed by the instructor and returned to the office of the registrar. http://registrar.columbia.edu/sites/default/files/content/reg-adjustment.pdf",https://bulletin.columbia.edu/columbia-college/departments-instruction/chemistry/
N/A,CHEM GR6169 MATERIALS CHEMISTRY IIB. .,N/A,N/A,N/A,N/A,N/A,2.50 points,N/A,"Prerequisites: CHEM UN2443 CHEM C3443 (or equivalent).
Prerequisites: CHEM UN2443 , or the equivalent",https://bulletin.columbia.edu/columbia-college/departments-instruction/chemistry/
N/A,CHEM GR6222 QUANTUM CHEMISTRY II. .,N/A,N/A,N/A,N/A,N/A,2.50 points,N/A,"Prerequisites: CHEM GU4221 Quantum Chemistry G4221.
Prerequisites: CHEM GU4221 Atomic and molecular quantum mechanics: fundamentals of electronic structure, many-body wave functions and operators, Hartree-Fock and density functional theory, the Dirac equation",https://bulletin.columbia.edu/columbia-college/departments-instruction/chemistry/
N/A,CHEM GR8223 QUANTUM CHEMISTRY III. .,N/A,N/A,N/A,N/A,N/A,2.5 points,N/A,Prerequisites: CHEM G6222.,https://bulletin.columbia.edu/columbia-college/departments-instruction/chemistry/
N/A,CHEM GR8300 BIOPHOTONICS. .,N/A,N/A,N/A,N/A,N/A,2.50 points,N/A,,https://bulletin.columbia.edu/columbia-college/departments-instruction/chemistry/
N/A,CHEM GU4111 APPLICATIONS OF NMR SPECTROSCOPY TO INOR. .,N/A,N/A,N/A,N/A,N/A,2.50 points,N/A,The use of multinuclear NMR spectroscopy in the determination of the structures of inorganic molecules and the use of dynamic NMR spectroscopy (variable temperature NMR and magnetization transfer techniques) to provide information concerned with reaction mechanisms,https://bulletin.columbia.edu/columbia-college/departments-instruction/chemistry/
N/A,CHEM GU4154 Chemical Characterization for Synthetic Chemists. .,N/A,N/A,N/A,N/A,N/A,3 points,N/A,,https://bulletin.columbia.edu/columbia-college/departments-instruction/chemistry/
N/A,CHEM GU4210 Writing Workshop for Chemists. .,N/A,N/A,N/A,N/A,N/A,1 point,N/A,Prerequisites: recommended for undergraduate students to have taken at least one semester of independent research.,https://bulletin.columbia.edu/columbia-college/departments-instruction/chemistry/
N/A,CHEM GR6168 MATERIALS CHEMISTRY IIA. .,N/A,N/A,N/A,N/A,N/A,2.50 points,N/A,"Prerequisites: CHEM UN2443 CHEM C3443 (or equivalent).
Prerequisites: CHEM UN2443 , or the equivalent. This is an introductory course to the emerging field macromolecular materials chemistry. The general topics will be based on the chemistry, self-assembly, and performance of block copolymers and conjugated polymers. Particular emphasis will be devoted to the demands required to drive materials from scientific curiosity to commercialization. At the fundamental level, the course will cover topics on polymerization techniques, electronic structure of organic semiconductors, characterization strategies, nanostructures and self-assembly",https://bulletin.columbia.edu/columbia-college/departments-instruction/chemistry/
N/A,CHEM GR6169 MATERIALS CHEMISTRY IIB. .,N/A,N/A,N/A,N/A,N/A,2.50 points,N/A,"Prerequisites: CHEM UN2443 CHEM C3443 (or equivalent).
Prerequisites: CHEM UN2443 , or the equivalent",https://bulletin.columbia.edu/columbia-college/departments-instruction/chemistry/
N/A,CHEM GR6222 QUANTUM CHEMISTRY II. .,N/A,N/A,N/A,N/A,N/A,2.50 points,N/A,"Prerequisites: CHEM GU4221 Quantum Chemistry G4221.
Prerequisites: CHEM GU4221 Atomic and molecular quantum mechanics: fundamentals of electronic structure, many-body wave functions and operators, Hartree-Fock and density functional theory, the Dirac equation",https://bulletin.columbia.edu/columbia-college/departments-instruction/chemistry/
N/A,CHEM GR6231 INTERMEDIATE STATISTICAL MECH. .,N/A,N/A,N/A,N/A,N/A,2.50 points,N/A,Prerequisites: CHEM GU4221 and CHEM GU4230 CHEM G4221 and CHEM G4230.,https://bulletin.columbia.edu/columbia-college/departments-instruction/chemistry/
N/A,CHEM GR8106 KINETICS. .,N/A,N/A,N/A,N/A,N/A,2.5 points,N/A,,https://bulletin.columbia.edu/columbia-college/departments-instruction/chemistry/
N/A,CHEM GR8120 Polymers in Nanotechnology. .,N/A,N/A,N/A,N/A,N/A,2.5 points,N/A,,https://bulletin.columbia.edu/columbia-college/departments-instruction/chemistry/
N/A,CHEM GR8223 QUANTUM CHEMISTRY III. .,N/A,N/A,N/A,N/A,N/A,2.5 points,N/A,Prerequisites: CHEM G6222.,https://bulletin.columbia.edu/columbia-college/departments-instruction/chemistry/
N/A,CHEM GR8232 ADV STATISTICAL MECHANICS. .,N/A,N/A,N/A,N/A,N/A,2.50 points,N/A,"Prerequisites: CHEM GU4221 and CHEM GU4230 CHEM G4221 and CHEM G4230, or their equivalents.",https://bulletin.columbia.edu/columbia-college/departments-instruction/chemistry/
N/A,CHEM GR8349 Research Ethics & Philosophy. .,N/A,N/A,N/A,N/A,N/A,2.5 points,N/A,,https://bulletin.columbia.edu/columbia-college/departments-instruction/chemistry/
N/A,LATN UN3033 MEDIEVAL LANGUAGE ＆ LITERATURE. .,N/A,N/A,N/A,N/A,N/A,3.00 points,N/A,"Prerequisites: four semesters of college Latin or the instructor's permission.
Prerequisites: four semesters of college Latin or the instructors permission. This course offers an introduction to medieval Latin literature in conversation with its two most important traditions, classical literature and early Christian culture. Illustrative passages from the principal authors and genres of the Latin Middle Ages will be read, including Augustine and biblical exegesis; Ambrose and poetry; Bede and history and hagiography; Abelard and Heloise and the 12th century Renaissance. The course is suitable both for students of Latin and of the Middle Ages",https://bulletin.columbia.edu/columbia-college/departments-instruction/classics/
N/A,LATN UN3035 Poetry as Neurosis: Lucan’s Bellum Civile. .,N/A,N/A,N/A,N/A,N/A,3 points,N/A,,https://bulletin.columbia.edu/columbia-college/departments-instruction/classics/
N/A,LATN UN3320 Intensive Reading Course. .,N/A,N/A,N/A,N/A,N/A,3 points,N/A,,https://bulletin.columbia.edu/columbia-college/departments-instruction/classics/
N/A,LATN GU4105 LAT LITERATURE OF THE REPUBLIC. .,N/A,N/A,N/A,N/A,N/A,4.00 points,N/A,Prerequisites: at least two terms of Latin at the 3000-level or higher. Latin literature from the beginning to early Augustan times,https://bulletin.columbia.edu/columbia-college/departments-instruction/classics/
N/A,LATN GU4106 HISTORY OF LATIN LIT II. .,N/A,N/A,N/A,N/A,N/A,4.00 points,N/A,"Prerequisites: at least two terms of Latin at the 3000-level or higher.
Prerequisites: at least two terms of Latin at the 3000-level or higher. Latin literature from Augustus to 600 C.E",https://bulletin.columbia.edu/columbia-college/departments-instruction/classics/
N/A,LATN GR5139 ELEMENTS LATIN PROSE STYLE. .,N/A,N/A,N/A,N/A,N/A,4.00 points,N/A,"Prerequisites: at least four semesters of Latin, or the equivalent. Intensive review of Latin syntax with translation of English sentences and paragraphs into Latin",https://bulletin.columbia.edu/columbia-college/departments-instruction/classics/
N/A,GREK UN3309 SELECTIONS FROM GREEK LIT. .,N/A,N/A,N/A,N/A,N/A,3.00 points,N/A,"Since the content of this course changes from year to year, it may be repeated for credit",https://bulletin.columbia.edu/columbia-college/departments-instruction/classics/
N/A,"GREK GU4030 Philo of Alexandria: Life of Moses, On the Contemplative Life. .",N/A,N/A,N/A,N/A,N/A,3 points,N/A,,https://bulletin.columbia.edu/columbia-college/departments-instruction/classics/
N/A,GREK GU4105 HISTORY OF GREEK LITERATURE I. .,N/A,N/A,N/A,N/A,N/A,4.00 points,N/A,Prerequisites: at least two terms of Greek at the 3000-level or higher. Readings in Greek literature from Homer to the 4th century B.C,https://bulletin.columbia.edu/columbia-college/departments-instruction/classics/
N/A,GREK GU4106 HISTORY OF GREEK LITERATURE II. .,N/A,N/A,N/A,N/A,N/A,4.00 points,N/A,"Prerequisites: at least two terms of Greek at the 3000-level or higher.
Prerequisites: at least two terms of Greek at the 3000-level or higher. Greek literature of the 4th century B.C. and of the Hellenistic and Imperial Ages",https://bulletin.columbia.edu/columbia-college/departments-instruction/classics/
N/A,CLCV UN3009 Ancient Greek ＆ Roman Medicine. .,N/A,N/A,N/A,N/A,N/A,3.00 points,N/A,"This course aims to identify, analyze, and discuss ancient Greek and Roman medical theories, observations, methodologies for diagnosis and treatment, and the philosophical and professional disputes that arose around them. This course is arranged thematically and focuses on common methodologies, such as reasoning from first causes, in contrast to epistemic observation and experience. Other broad themes include the relationship between medicine and natural history, and the connection between medical treatments and the rise of herbals as ostensibly reliable sources of information. By focusing on such general themes and methodologies, and by reading the original Greek and Latin texts in translation, this course will aim to provide an answer to the following questions: in what exactly did ancient Greek and Roman medicine consist and how did the field’s practitioners and theorists perform medical work, in their own words? There are no prerequisites for this course, nor does it require knowledge of Greek or Latin. It is equally suited to premed students, individuals with an interest in medical humanities, and Classics students",https://bulletin.columbia.edu/columbia-college/departments-instruction/classics/
N/A,CLCV UN3060 Worlds of Alexander the Great Discussion. .,N/A,N/A,N/A,N/A,N/A,0 points,N/A,Corequisites: CLCV UN3059,https://bulletin.columbia.edu/columbia-college/departments-instruction/classics/
N/A,CLCV UN3111 PLATO&CONFUCIUS: COMP ANC PHIL. .,N/A,N/A,N/A,N/A,N/A,3 points,N/A,,https://bulletin.columbia.edu/columbia-college/departments-instruction/classics/
N/A,"CLCV UN3220 War, reality and truth in Thucydides. .",N/A,N/A,N/A,N/A,N/A,4 points,N/A,,https://bulletin.columbia.edu/columbia-college/departments-instruction/classics/
N/A,"CLCV UN3321 War, reality and truth in Thucydides - Discussion. .",N/A,N/A,N/A,N/A,N/A,0 points,N/A,,https://bulletin.columbia.edu/columbia-college/departments-instruction/classics/
N/A,CLCV V3230 Classics and Film. .,N/A,N/A,N/A,N/A,N/A,3 points,N/A,,https://bulletin.columbia.edu/columbia-college/departments-instruction/classics/
N/A,CLCV GU4110 Gender and Sexuality In Ancient Greece. .,N/A,N/A,N/A,N/A,N/A,3 points,N/A,Prerequisites: sophomore standing or the instructor's permission.,https://bulletin.columbia.edu/columbia-college/departments-instruction/classics/
N/A,CLCV UN3008 The Age of Augustus. .,N/A,N/A,N/A,N/A,N/A,3.00 points,N/A,"The reign of the first Roman emperor, Augustus (27bce-14ce), has been seen as a Roman revolution, both political and cultural. Rome had for centuries been governed as a Republic, but a series of increasingly divisive civil wars allowed Augustus to create a new political system in which he exercised sole rule as the ‘first citizen’ within a ‘Restored Republic’. Augustus’ reign lasted more than 40 years, and established a model of autocratic rule that would last for four centuries. During this time there were profound changes in the political, social, and cultural structures of Rome. In this course, you will examine the nature of these changes, Augustus’ political strategies, military activities, and religious initiatives through his own writing, the accounts of (often hostile) historians and a range of literary and archaeological sources, including Roman poetry. Ultimately, we will address the question: how did Augustus achieve the seemingly paradoxical feat of becoming a monarch within a republican system?",https://bulletin.columbia.edu/columbia-college/departments-instruction/classics/
N/A,CLCV UN3070 Polis: the Biography of the Ancient Greek City-State 650 BCE-350 CE. .,N/A,N/A,N/A,N/A,N/A,4.00 points,N/A,"This course explores the history of the Greek city-state, first as a long narrative story from the obscure leap to stately forms in the Aegean basin during the early seventh century BCE, to the end of municipal forms in the late Roman empire in the fourth century CE. Is there a single polis form that develops and endures during this century ? This is the concern of the first half of the course. The second half explores implications of the polis as a social and political organism: as ideas, ideology and institutions; as self-interest; and as a site and a tool of domination. The possible consequences for the politics of living together will be examined throughout the course, which balances between history and political philosophy",https://bulletin.columbia.edu/columbia-college/departments-instruction/classics/
N/A,CLCV UN3071 Discussion - Polis: the Biography of the Ancient Greek City-State 650 BCE-350 CE. .,N/A,N/A,N/A,N/A,N/A,0.00 points,N/A,"This course explores the history of the Greek city-state, first as a long narrative story from the obscure leap to stately forms in the Aegean basin during the early seventh century BCE, to the end of municipal forms in the late Roman empire in the fourth century CE. Is there a single polis form that develops and endures during this century ? This is the concern of the first half of the course. The second half explores implications of the polis as a social and political organism: as ideas, ideology and institutions; as self-interest; and as a site and a tool of domination. The possible consequences for the politics of living together will be examined throughout the course, which balances between history and political philosophy",https://bulletin.columbia.edu/columbia-college/departments-instruction/classics/
N/A,CLCV UN3015 Race and Ethnicity in the Greco-Roman World - Discussion. .,N/A,N/A,N/A,N/A,N/A,0 points,N/A,,https://bulletin.columbia.edu/columbia-college/departments-instruction/classics/
N/A,"CLCV BC3601 Priestess, Queen, Goddess: The Divine Feminine in the Kingdom of Kush. .",N/A,N/A,N/A,N/A,N/A,4.00 points,N/A,"The prominence of powerful goddesses (Hathor, Mut, and Isis), the reverence awarded to the queen mothers of Kush, and a series of sole-ruling queens (one of whom led her army in battle against the invading Romans), highlight the unusually high status of women in this ancient African society and serve as a fitting focus for the study of female power in the ancient world. This course will examine more closely the queens, priestesses, and mothers who formed an essential societal component in ancient Nubia and its complex systems of goddess worship, sacred sexualities, and family lineages, both royal and non-royal. Examining the rich funerary traditions and goods found in royal burials, and temple and tomb imagery, we will explore how ancient Africans of the Nile Valley understood female power and presence to be an essential enlivening element in maintaining Maat, the balance of male and female energies, in order to cultivate “divine right order” in the world and in the cosmos. In this six-week immersive seminar, we’ll examine the history of Kushite queens who served as powerful complements to their husband the king, as the central figure in the coronation ceremonies for their son as he assumed the kingship, and as rulers in their own right during a time when this level of power was unavailable to women anywhere else in the world. After surveying the earlier phases of the ancient African kingdom of Kush: Kerma (2600-1500 BCE) and Napata (900-300 BCE), we will focus on the last phase of the Kingdom of Kush – Meroe (300 BCE – 300 CE) where women truly came into their power",https://bulletin.columbia.edu/columbia-college/departments-instruction/classics/
N/A,CLCV GU4190 PHILOSOPHY IN CLASSICAL ROME. .,N/A,N/A,N/A,N/A,N/A,3.00 points,N/A,,https://bulletin.columbia.edu/columbia-college/departments-instruction/classics/
N/A,CLCV GU4160 Reading Rome in the Middle Ages and Beyond. .,N/A,N/A,N/A,N/A,N/A,3.00 points,N/A,"This course will examine the ways Rome has been described and imagined from late antiquity through the Middle Ages, when the imperial city was transformed into a Christian capital, renowned for its monuments and its complex historical significance. The city became the goal of pilgrims, visitors, artists and scholars, but also the subject of criticisms and satire, and continued to be so into the modern age. The great German poet Goethe wrote at length in his Italian Journey (1786-1787) about his enchantment with the monuments of “the First City of the world [sic]” (Johann Wolfgang von Goethe, Italian Journey (1786-1788), trans. W. H. Auden and Elizabeth Mayer [1962], p. 115), while at the same time he described the living contemporary city and its inhabitants through stereotypical and ethnic preconceptions. His near-contemporary Edward Gibbon declared that he was inspired to write his great work The Decline and Fall of the Roman Empire as he contrasted the city’s classical ruins and the Christian Church of the Ara Coeli, once a pagan temple: “It was at Rome, on the fifteenth of October, 1764, as I sat musing amidst the ruins of the Capitol, while the barefoot friars were singing vespers in the Temple of Jupiter, that the idea of writing the decline and fall of the city first started to my mind.” Memoirs of My Life (1796). This course is not meant to be a history of post-classical Rome. Rather, we will consider and discuss a selection of interdisciplinary texts, written, visual and material (buildings, artistic works in various forms, including films, and other physical evidence) that present the transformation of old Rome into new Rome, but which also shaped the varied images of Rome in the Middle Ages, and beyond, even in modern times, as illustrated by the films included in the syllabus",https://bulletin.columbia.edu/columbia-college/departments-instruction/classics/
N/A,CLCV GU4180 Friendship from Antiquity to the Present. .,N/A,N/A,N/A,N/A,N/A,3.00 points,N/A,"At all times and in all places, human beings have established and cherished friendships, that is, affectionate bonds with individuals to whom they were not linked by blood relationship or erotic love. But what is friendship? This and related questions are asked in some of our earliest literature and remain relevant today. What is a friend? Can I really trust my friend? How many friends can or should a person have? And is it ever necessary to sever a friendship or ""unfriend"" a person? In this course, we will examine how philosophical writers of Greco-Roman antiquity—notably, Plato, Aristotle, and Cicero—address these issues and how their discourse on friendship resonates through western thought, including in such writers as Aquinas, Montaigne, Bacon, Kant, and Emerson. We will put these theoretical approaches in dialogue with depictions of and reflections on friendship in letters, poetry, novels, plays, children's literature, and film, ranging from the second millennium BCE Epic of Gilgamesh to Elena Ferrante's 2012 bestseller My Brilliant Friend. These sometimes complementary and sometimes jarring juxtapositions will lead us to consider friendship both in its historically and culturally conditioned and in its universal aspects, and will, with any luck, inspire a new appreciation of this profoundly human experience",https://bulletin.columbia.edu/columbia-college/departments-instruction/classics/
N/A,CLLT UN3125 Book Histories and the Classics. .,N/A,N/A,N/A,N/A,N/A,3 points,N/A,Prerequisites: HUMA CC1001 or HUMA GS1001COCI CC1101,https://bulletin.columbia.edu/columbia-college/departments-instruction/classics/
N/A,"CLLT UN3126 Queer Classics: Desire, Embodiment, Backward Glances. .",N/A,N/A,N/A,N/A,N/A,3.00 points,N/A,"While the word ‘homosexual’ didn’t appear in print until 1891, Ancient Greece and Rome were full of queers, people whose sexual behavior, desires, gender, and/or other characteristics were at odds with dominant norms. This course traces ancient queerness across three modules. First, we discuss primary evidence and scholarly attitudes towards homoeroticism and gender variance in antiquity. Second, we explore the reception of ancient homoeroticism at the turn of the 20th century, a period that witnessed an explosion of engagement with ancient queer icons. Third, we trace the transformations of ancient queer myths and imagery in contemporary popular culture, engaging with film, novels, Zines, and social media. No prerequisites",https://bulletin.columbia.edu/columbia-college/departments-instruction/classics/
N/A,"CLLT UN3127 Hercules: Hero, Murderer, Philosopher, Buffoon. .",N/A,N/A,N/A,N/A,N/A,3 points,N/A,,https://bulletin.columbia.edu/columbia-college/departments-instruction/classics/
N/A,CLLT UN3128 THE ARTIST AND THE DICTATOR: ROMAN WRITERS UNDER NERO. .,N/A,N/A,N/A,N/A,N/A,3 points,N/A,,https://bulletin.columbia.edu/columbia-college/departments-instruction/classics/
N/A,CLLT UN3129 An Odyssey of Odysseys: Receptions of Homer’s Odyssey from Antiquity to the 21st Century. .,N/A,N/A,N/A,N/A,N/A,3.00 points,N/A,"Homer’s Odyssey, likely composed around the 9th or 8th century BCE, has had an enduring legacy. Our journey this semester will bring us into contact with a varied selection of artistic endeavors, spanning different cultures, times, and media, that draw on the Odyssey for material or inspiration. A guiding set of broadly-formulated questions will steer our course: Can we find in the Odyssey some of the same meaning, today, that it held for its original audience and that it held, subsequently, for later Greeks? Do receptions of the Odyssey try to recapture it, reframe it, refashion it, or become something independent? (Are these mutually exclusive options?) How do we read these works in light of the Odyssey, and also how do we re-visit and re-read the Odyssey in light of its receptions? It is no secret that the present bears the enduring weight of the past, but is the past changed as a result?",https://bulletin.columbia.edu/columbia-college/departments-instruction/classics/
N/A,CLLT UN3132 Classical Myth. .,N/A,N/A,N/A,N/A,N/A,3 points,N/A,,https://bulletin.columbia.edu/columbia-college/departments-instruction/classics/
N/A,GRKM UN3001 Advanced Modern Greek I. .,N/A,N/A,N/A,N/A,N/A,3 points,N/A,Prerequisites: GRKM V2101 or the equivalent.,https://bulletin.columbia.edu/columbia-college/departments-instruction/classics/
N/A,"GRKM UN3003 GREECE TODAY: LANG, LIT. .",N/A,N/A,N/A,N/A,N/A,3.00 points,N/A,"Prerequisites: GRKM UN2102
Prerequisites: GRKM UN2102 This course builds on the elements of the language acquired in GRKM1101 through 2102, but new students may place into it, after special arrangement with the instructor. It introduces the students to a number of authentic multimodal materials drawn from a range of sources which include films, literary texts, media, music etc. in order to better understand Greece’s current cultural, socio-economic, and political landscape. In doing so, it aims to foster transcultural understanding and intercultural competence, while further developing the four language skills: listening, speaking, reading and writing. Topics of discussion include language, gender equality, youth unemployment, education, queer identities, refugees, and the multilayered aspects of the crisis.Pre-requisite for this class: GRKM 2102 or placement test. Instructor’s permission required if the students have not taken GRKM2102 or equivalent",https://bulletin.columbia.edu/columbia-college/departments-instruction/classics/
N/A,GRKM UN3935 Hellenism and the Topographical Imagination. .,N/A,N/A,N/A,N/A,N/A,3 points,N/A,,https://bulletin.columbia.edu/columbia-college/departments-instruction/classics/
N/A,GRKM UN3996 Readings in Modern Greek. .,N/A,N/A,N/A,N/A,N/A,1 point,N/A,,https://bulletin.columbia.edu/columbia-college/departments-instruction/classics/
N/A,GRKM GU4135 Topics Through Greek Film. .,N/A,N/A,N/A,N/A,N/A,4.00 points,N/A,"This course explores issues of memory and trauma, public history and testimony, colonialism and biopolitics, neoliberalism and governmentality, and crisis and kinship, all through the medium of Greek film. It brings the Greek cinema canon (Angelopoulos, Cacoyannis, Gavras, Koundouros, et al.) into conversation with the work of contemporary artists, ethnographers, documentary filmmakers, and the recent “weird wave” and asks: what kind of lens does film offer onto the study of a society’s history and contemporary predicament? The viewing and discussion of films is facilitated through a consideration of a wide range of materials, including travelogues, criticism, archival footage, and interviews with directors. The course does not assume any background knowledge and all films will have English subtitles. An additional 1-credit bilingual option (meeting once per week at a time TBD) is offered for students who wish to read, view, and discuss materials in Greek",https://bulletin.columbia.edu/columbia-college/departments-instruction/classics/
N/A,CLGM UN3650 Mental health in Literature from antiquity to futurity. .,N/A,N/A,N/A,N/A,N/A,3.00 points,N/A,"This seminar explores the relationship between literature, culture, and mental health. It pays particular emphasis to the poetics of emotions structuring them around the five stages of grief: denial, anger, bargaining, depression, acceptance and the concept of hope. During the course of the semester, we will discuss a variety of content that explores issues of race, socioeconomic status, political beliefs, abilities/disabilities, gender expressions, sexualities, and stages of life as they are connected to mental illness and healing. Emotions are anchored in the physical body through the way in which our bodily sensors help us understand the reality that we live in. By feeling backwards and thinking forwards, we will ask a number of important questions relating to literature and mental health, and will trace how human experiences are first made into language, then into science, and finally into action. The course surveys texts from Homer, Ovid, Aeschylus and Sophocles to Virginia Woolf, Sylvia Plath, C.P. Cavafy, Dinos Christianopoulos, Margarita Karapanou, Katerina Anghelaki-Rooke, Katerina Gogou etc., and the work of artists such as Toshio Matsumoto, Yorgos Lanthimos, and Anohni",https://bulletin.columbia.edu/columbia-college/departments-instruction/classics/
N/A,CLGM UN3800 WRITING RESISTANCE. .,N/A,N/A,N/A,N/A,N/A,3.00 points,N/A,"Set within a transnational and transdisciplinary feminist framework, Writing Resistance will unfold and examine the ways traumatic, lived experiences of gender and structural violence, systematic oppression and precarity, incarceration, racism, and colonialism, have been silenced or submerged in canonical writing and official history making. As an antidote, we will attempt a “queering” of this patriarchal and “colonial archive” (Stoler), by shedding light and focusing on diverse forms of writing, autobiographies and biomythographies, poetry and fiction, and theoretical readings that are either produced by or centered on the lived experiences, psyches and bodies, of women, people of color, dissidents and incarcerated people, queer, transgender, and non-binary individuals, refugees and other historically and systematically marginalized voices and identities. Within the context of what has often been approached as “minor literature” (Deleuze and Guattari), the fragmented truths, interrupted stories, and the “descent to the everyday” (Das), will reveal not only traumas, suffering, and alienation, but also what Veena Das approaches as “poisonous knowledge,” where the gendered, queer, racialized, and political body, solidarity, and silence, return as resistance, reclaiming voices, visibility, and authorship",https://bulletin.columbia.edu/columbia-college/departments-instruction/classics/
N/A,"CLGM UN3921 The World Responds to the Greeks – Modernity, Postcoloniality, Globality- Discussion. .",N/A,N/A,N/A,N/A,N/A,0 points,N/A,,https://bulletin.columbia.edu/columbia-college/departments-instruction/classics/
N/A,"CPLS GU4095 Mobility and Enclosure, Statelessness and Democracy. .",N/A,N/A,N/A,N/A,N/A,4.00 points,N/A,"The volume and intensity of human mobility from the Middle East and North Africa to Europe remains dramatically increased nowadays, despite the overall restrictions in mobility imposed by the pandemic conditions worldwide. During the last decade refugee statelessness has evolved into as a quasi-permanent liminal condition of being within the political body of western societies, especially in so called border countries of the European periphery. The continuous expansion and multiplication of camps and hot-spots in countries such as Turkey, Greece, Italy, Spain, etc. has created different states of existence within the national territories, raising a wide range of issues that concern statehood, political rights, the right to equal treatment and access to public goods (i.e., health, education, safety, representation etc.), which concern the core social and political demands of a democratic polity. However, the antinomies and aporias related to refugee statelessness within the nation state are nowadays further aggravated by the pandemic conditions of the last two years. The pandemic has opened up a new space of unprecedented state intervention in the public and private lives of citizens, while reconfiguring the meaning of globalization. Questions of democracy, statehood and statelessness, mobility, access, restriction and enclosure are now re-conditioned under the two-fold historical contingency of refugee life and citizen life in a pandemic. In this course we address these emerging issues through theoretical, literary, legal, historical texts that highlight how long established social and political problems, imbedded in existing structures since the late 20th century, are currently intrinsically re-conditioned. Our intention is to serve a pedagogy that is alert to how the present time affects the social and intellectual life of people across borders and cultures, while retaining deep historical learning that establishes connections between radical new occurrences (such as the Covid pandemic or the refugee problem in the Mediterranean) and long term hard structural patterns",https://bulletin.columbia.edu/columbia-college/departments-instruction/classics/
N/A,CLGM GU4150 C.P. Cavafy and the poetics of desire. .,N/A,N/A,N/A,N/A,N/A,4 points,N/A,,https://bulletin.columbia.edu/columbia-college/departments-instruction/classics/
N/A,CLGM GU4300 Retranslation: Worlding C. P. Cavafy. .,N/A,N/A,N/A,N/A,N/A,4.00 points,N/A,"Focusing on a canonical author is an immensely productive way to explore translation research and practice. The works of Sappho, Dante, Rilke, Césaire or Cavafy raise the question of reception in relation to many different critical approaches and illustrate many different strategies of translation and adaptation. The very issue of intertextuality that challenged the validity of author-centered courses after Roland Barthes’s proclamation of the death of the author reinstates it if we are willing to engage the oeuvre as an on-going interpretive project. By examining the poetry of the Greek Diaspora poet C. P. Cavafy in all its permutations (as criticism, translation, adaptation), the Cavafy case becomes an experimental ground for thinking about how a canonical author can open up our theories and practices of translation. For the final project students will choose a work by an author with a considerable body of critical work and translations and, following the example of Cavafy and his translators, come up with their own retranslations. Among the materials considered are commentary by E. M. Forster, C. M. Bowra, and Roman Jakobson, translations by Edmund Keeley and Philip Sherrard, James Merrill, Marguerite Yourcenar, and Daniel Mendelsohn, poems by W.H. Auden, Lawrence Durrell, and Joseph Brodsky, and visual art by David Hockney, and Duane Michals",https://bulletin.columbia.edu/columbia-college/departments-instruction/classics/
N/A,CLGM GU4450 How to do things with Homosexual Bodies. .,N/A,N/A,N/A,N/A,N/A,4.00 points,N/A,"Homosexuality, as a term, might be a relatively recent invention in Western culture but bodies that acted and appeared ‘differently’ existed long before that. This course will focus on acts, and not identities, in tracing the evolution of writing the homosexual body from antiquity until today. In doing so it will explore a number of multimodal materials – texts, vases, sculptures, paintings, movies etc. – in an effort to understand the evolution of the ways in which language (written, spoken or visual) registers the homosexual body in literature and culture. When we bring the dimension of the body into the way we view the past, we find that new questions and new ways of approaching old questions emerge. What did the ancient actually write about the homosexual body? Did they actually create gender non-binary statues? Can we find biographies of the lives of saints in drag in Byzantium? How did the Victorians change the way in which we understand homosexual writing in Antiquity? How is the queer body registered in Modern Greek Literature and Culture? Can one write the history of homosexuality as a history of bodies? These are some of the questions that we will examine during the semester",https://bulletin.columbia.edu/columbia-college/departments-instruction/classics/
N/A,"CLGM UN3700 Politics of Violence: Conflict, Borders, and the Carceral State. .",N/A,N/A,N/A,N/A,N/A,3.00 points,N/A,"Politics of Violence offers an analysis of the role of the state, its mechanisms, and its structures in perpetuating, legitimizing, and facilitating political, racial and gender based violence worldwide. We will explore the connections and effects of nationalism, militarism, and heteropatriarchy (as structural and ideological elements of the state) as well as neoliberal assaults and practices in the normalization of violence against dissidents, incarcerated populations, refugees, workers, and indigenous communities. We will engage in a theoretical discussion on the salience of particular ideational and material experiences of race, ethnicity, indigeneity, gender and queer identities, political affiliation, in rendering state sponsored, political violence, and torture thinkable. The course aims to shed light on the power structures within militaristic and hypermasculinized state frameworks, and on biopolitical practices that legitimize structural violence against particular communities based on their political, class, gender, ethnic identities or precarious immigration status. In this seminar, we will examine violence, persecution, and dispossession as inherent phenomena of the sovereign nation state, in their continuities and ruptures, during war and conflict, but also in migratory, democratic, and transitional contexts. Students will examine historical and contemporary cases of state sponsored and political violence, systematic violations of human rights in the context of genocide, gendercide, racist violence, colonial terrorism, carceral regimes, and the securitization of forced migration. Lectures and readings provide a comparative, transnational perspective but focus on regional case studies, through a transdisciplinary lens, drawing on international relations, anthropology, gender studies, political theory, and history",https://bulletin.columbia.edu/columbia-college/departments-instruction/classics/
N/A,CSGM UN3567 THESSALONIKI DOWN THE AGES. .,N/A,N/A,N/A,N/A,N/A,3.00 points,N/A,"This course will explore the fascinatingly layered and multicultural history of Thessaloniki, the great city of Northern Greece and the Balkans. We will examine texts, archaeological evidence, literature, songs, and movies and in general the materialities of the city. We will examine this material from the 6th century BCE down to the the 21st cent. CE. We will notably think about the problems of history, identity, and cultural interaction in reaction to recent work such as Mark Mazower’s well know Salonica, City of Ghosts [2004]",https://bulletin.columbia.edu/columbia-college/departments-instruction/classics/
N/A,HSCL UN3000 The Persian Empire . .,N/A,N/A,N/A,N/A,N/A,4 points,N/A,,https://bulletin.columbia.edu/columbia-college/departments-instruction/classics/
N/A,CLEN UN3720 Plato the Rhetorician. .,N/A,N/A,N/A,N/A,N/A,4 points,N/A,Prerequisites: Instructor's permission,https://bulletin.columbia.edu/columbia-college/departments-instruction/classics/
N/A,COGS UN3903 Senior Project. .,N/A,N/A,N/A,N/A,N/A,3.00 points,N/A,Senior Project in Cognitive Science,https://bulletin.columbia.edu/columbia-college/departments-instruction/cognitive-science/
N/A,PSYC BC3394 METACOGNITION. .,N/A,N/A,N/A,N/A,N/A,4.00 points,N/A,"Prerequisites: BC1001, and one psychology laboratory course; final enrollment determined on the first day of class Metacognition is one of the latest psychological buzzwords, but what exactly is metacognition? Metacognition enables us to be successful learners, problem solvers, and decision makers, and as often been used synonymously with words such as language, awareness, and consciousness. In this seminar, we will examine various components of metacognition, including its role in learning and memory, and its existence in various non-human populations. In addition, we will explore the fragility of metacognition, including illusions of confidence and harmful control strategies that people use. Readings will include classic and important recent papers in the field, looking at metacognition as a higher-level cognitive process, and as knowledge individuals use to guide behavior",https://bulletin.columbia.edu/columbia-college/departments-instruction/cognitive-science/
N/A,NSBV BC2008 ADAPTIVE OR ARRESTED DEVELOPMENT OF THE ADOLESCENT BRAIN. .,N/A,N/A,N/A,N/A,N/A,3.00 points,N/A,"The teen brain has received a lot of media coverage with advances in brain imaging techniques that provide a voyeuristic opportunity for us to look under the hood of the behaving adolescent brain. This course will cover empirical and theoretical accounts of adolescent-specific changes in brain and behavior that relate to the development of self control. These accounts of adolescent brain and behavior will then be discussed in the context of relevant legal, social and health policy issues. Lectures and discussion will address: Under what circumstances self control appears to be diminished in adolescents. How do dynamic changes in neural circuitry help to explain changes in self control across development? When does the capacity for self control fully mature? Are these changes observed in other species? How might these changes be evolutionarily adaptive and when are they maladaptive? How might understanding adolescent brain and behavioral development inform interventions and treatments for maladaptive behavior or inform policy for changing the environment to protect youth?",https://bulletin.columbia.edu/columbia-college/departments-instruction/cognitive-science/
N/A,PSYC UN2481 Developmental Cognitive Neuroscience. .,N/A,N/A,N/A,N/A,N/A,3.00 points,N/A,"The course will be an introduction to the science of structural and functional brain development beginning in the prenatal period. We will cover major domains in both cognitive and social development. This is a flipped course, where students will watch lectures online (three 55 minute lectures each week) and participate in classroom discussions and exercises (1 hour 50 minutes twice a week) with the Professor and each other when in person",https://bulletin.columbia.edu/columbia-college/departments-instruction/cognitive-science/
N/A,NSBV BC3381 Visual Neuroscience: From the Eyeball to the Mind's Eye. .,N/A,N/A,N/A,N/A,N/A,4.00 points,N/A,"By absorbing electromagnetic radiation through their eyes, people are able to catch frisbees, recognize faces, and judge the beauty of art. For most of us, seeing feels effortless. That feeling is misleading. Seeing requires not only precise optics to focus images on the retina, but also the concerted action of millions of nerve cells in the brain. This intricate circuitry infers the likely causes of incoming patterns of light and transforms that information into feelings, thoughts, and actions. In this course we will study how light evokes electrical activity in a hierarchy of specialized neural networks that accomplish many unique aspects of seeing. Students will have the opportunity to focus their study on particular aspects, such as color, motion, object recognition, learning, attention, awareness, and how sight can be lost and recovered. Throughout the course we will discuss principles of neural information coding (e.g., receptive field tuning, adaptation, normalization, etc.) that are relevant to other areas of neuroscience, as well as medicine, engineering, art and design",https://bulletin.columbia.edu/columbia-college/departments-instruction/cognitive-science/
N/A,PHIL UN3252 Philosophy of Language and Mind. .,N/A,N/A,N/A,N/A,N/A,3 points,N/A,,https://bulletin.columbia.edu/columbia-college/departments-instruction/cognitive-science/
N/A,PHIL UN3651 PHILOSOPHY OF MIND. .,N/A,N/A,N/A,N/A,N/A,3.00 points,N/A,,https://bulletin.columbia.edu/columbia-college/departments-instruction/cognitive-science/
N/A,ECON GU4850 COGNITIVE MECH ＆ ECON BEHAVIOR. .,N/A,N/A,N/A,N/A,N/A,4.00 points,N/A,"Prerequisites: ECON UN3211 and ECON UN3213 and STAT UN1201 ECON W3211, W3213; STAT 1201.
Prerequisites: ECON UN3211 and ECON UN3213 and STAT UN1201 Standard economic theory seeks to explain human behavior (especially in economic settings, such as markets) in terms of rational choice, which means that the choices that are made can be predicted on the basis of what would best serve some coherent objective, under an objectively correct understanding of the predictable consequences of alternative actions. Observed behavior often seems difficult to reconcile with a strong form of this theory, even if incentives clearly have some influence on behavior; and the course will discuss empirical evidence (both from laboratory experiments and observations in the field) for some well-established anomalies. But beyond simply cataloguing anomalies for the standard theory, the course will consider the extent to which departures from a strong version of rational choice theory can be understood as reflecting cognitive processes that are also evident in other domains such as sensory perception; examples from visual perception will receive particular attention. And in addition to describing what is known about how the underlying mechanisms work (something that is understood in more detail in sensory contexts than in the case of value-based decision making), the course will consider the extent to which such mechanisms --- while suboptimal from a normative standpoint that treats perfect knowledge of one's situation as costless and automatic --- might actually represent efficient uses of the limited information and bounded information-processing resources available to actual people (or other organisms). Thus the course will consider both ways in which the realism of economic analysis may be improved by taking into account cognitive processes, and ways in which understanding of cognitive processes might be advanced by considering the economic problem of efficient use of limited (cognitive) resources",https://bulletin.columbia.edu/columbia-college/departments-instruction/cognitive-science/
N/A,STEM BC2223 PROGRAMMING BEHAV SCIENCES. .,N/A,N/A,N/A,N/A,N/A,4.00 points,N/A,,https://bulletin.columbia.edu/columbia-college/departments-instruction/cognitive-science/
N/A,"SOAR AV4000 SOUND:Music, Math, and Mind. .",N/A,N/A,N/A,N/A,N/A,3.00 points,N/A,"This course is a detailed and hands-on (ears-on) exploration of the fundamental physical, physiological, and psychological aspects of sound. Topics covered include sound waves and their physical nature, the propagation and speed of sound in different mediums, geological and other non-living sound sources, animal and insect sound generating strategies, sound perception mechanisms and abilities in different species, the physiology of human hearing and the structure of the human ear, psycho-acoustics and human sound perception, sonic illusions and tricks of the ear. In-class experiments and research make up the majority of the class. Each student will design and lead at least one experiment/demo session. Students also respond to creative weekly prompts about sound topics on courseworks. We also have visits with a number of special guests during the term",https://bulletin.columbia.edu/columbia-college/departments-instruction/cognitive-science/
N/A,MUSI GU4325 Topics in Music Cognition. .,N/A,N/A,N/A,N/A,N/A,3.00 points,N/A,"This advanced seminar builds on the Introduction to Music Cognition (MUSIC UN2320) with an in-depth inquiry into selected key topics in the field of Music Cognition. Specific topics vary each year, depending on interest and availability of instructors, and include human development; evolution; communication and music’s relation to language; embodied knowledge; first-person awareness; metaphor; ineffability; neuroscience; mental representations; memory and anticipation; cross-cultural studies; emotions; musical aesthetics; artificial intelligence; agency; creativity; and music’s relation to other art forms. Each semester the course delves into recent research on 3–4 of these topics, focusing in particular on how this research can be applied to questions of musical knowledge. Advanced readings are drawn from fields as diverse as music theory, psychology, biology, anthropology, philosophy, and neuroscience. They include general works in cognitive science, theoretical work focused on specific musical issues, and reports of empirical research",https://bulletin.columbia.edu/columbia-college/departments-instruction/cognitive-science/
N/A,CLEN GU4728 Literature in the Age of AI. .,N/A,N/A,N/A,N/A,N/A,3.00 points,N/A,"In this course we will consider the long history of literature composed with, for, and by machines. Our reading list will start with Ramon Llull, the thirteenth-century combinatorial mystic, and continue with readings from Gottfried Leibniz, Francis Bacon, Jonathan Swift, and Samuel Butler. We will read ""Plot Robots"" instrumental to the writing of Hollywood scripts and pulp fiction of the 1920s, the avant-garde poetry of Dada and OULIPO, computer-generated love letters written by Alan Turing, and novels created by the first generation of artificial intelligence researchers in the 1950s and 60s. The course will conclude at the present moment, with an exploration of machine learning techniques of the sort used by Siri, Alexa, and other contemporary chat bots",https://bulletin.columbia.edu/columbia-college/departments-instruction/cognitive-science/
N/A,PSYC UN2481 Developmental Cognitive Neuroscience. .,N/A,N/A,N/A,N/A,N/A,3.00 points,N/A,"The course will be an introduction to the science of structural and functional brain development beginning in the prenatal period. We will cover major domains in both cognitive and social development. This is a flipped course, where students will watch lectures online (three 55 minute lectures each week) and participate in classroom discussions and exercises (1 hour 50 minutes twice a week) with the Professor and each other when in person",https://bulletin.columbia.edu/columbia-college/departments-instruction/cognitive-science/
N/A,PSYC BC3369 LANGUAGE DEVELOPMENT. .,N/A,N/A,N/A,N/A,N/A,4.00 points,N/A,"Prerequisites: BC1001, one Psychology laboratory course, one of the following: PSYC W2240, BC1128/1129, BC1129, or LIN BC V1101, and permission of the instructor. Enrollment limited to 15 students.
Prerequisites: PSYC BC1001 and one of the following: PSYC W2240, PSYC BC1129, or LING UN1101. Enrollment limited to 15 students. Examines the acquisition of a first language by children, from babbling and first words to complex sentence structure and wider communicative competence. Signed and spoken languages, cross-linguistic variation and universalities, language genesis and change, and acquisition by atypical populations will be discussed",https://bulletin.columbia.edu/columbia-college/departments-instruction/cognitive-science/
N/A,PSYC GU4222 The Cognitive Neuroscience of Aging (Seminar). .,N/A,N/A,N/A,N/A,N/A,4 points,N/A,Prerequisites: courses in introductory psychology and cognitive psychology; and the instructor's permission.,https://bulletin.columbia.edu/columbia-college/departments-instruction/cognitive-science/
N/A,PHIL UN3252 Philosophy of Language and Mind. .,N/A,N/A,N/A,N/A,N/A,3 points,N/A,,https://bulletin.columbia.edu/columbia-college/departments-instruction/cognitive-science/
N/A,PSYC BC3369 LANGUAGE DEVELOPMENT. .,N/A,N/A,N/A,N/A,N/A,4.00 points,N/A,"Prerequisites: BC1001, one Psychology laboratory course, one of the following: PSYC W2240, BC1128/1129, BC1129, or LIN BC V1101, and permission of the instructor. Enrollment limited to 15 students.
Prerequisites: PSYC BC1001 and one of the following: PSYC W2240, PSYC BC1129, or LING UN1101. Enrollment limited to 15 students. Examines the acquisition of a first language by children, from babbling and first words to complex sentence structure and wider communicative competence. Signed and spoken languages, cross-linguistic variation and universalities, language genesis and change, and acquisition by atypical populations will be discussed",https://bulletin.columbia.edu/columbia-college/departments-instruction/cognitive-science/
N/A,LING GU4202 COGNITIVE LINGUISTICS. .,N/A,N/A,N/A,N/A,N/A,3.00 points,N/A,"Prerequisites: LING UN3101
Reading and discussion of scholarly literature on the cognitive approach to language, including: usage-oriented approaches to language, frame semantics, construction grammar, theories of conceptual metaphor and mental spaces; alongside of experimental research on language acquisition, language memory, prototypical and analogous thinking, and the role of visual imagery in language processing",https://bulletin.columbia.edu/columbia-college/departments-instruction/cognitive-science/
N/A,LING GU4206 ADV GRAMMAR AND GRAMMARS. .,N/A,N/A,N/A,N/A,N/A,3.00 points,N/A,"Prerequisites: LING UN3101 LING W3101.
An investigation of the possible types of grammatical phenomena (argument structure, tense/aspect/mood, relative clauses, classifiers, and deixis). This typological approach is enriched by the reading of actual grammars of languages from Asia, Africa, Australia, and the Americas in which gramatical descriptions are read with an eye to important notional concepts of grammar: reference and categorization, case and role of arguments with predicates (ergativity), tense/aspect/mood. Discussion of meaning is combined with attention to expression (that is, morphology), which yanks our attention towards language change (grammaticalization)",https://bulletin.columbia.edu/columbia-college/departments-instruction/cognitive-science/
N/A,PSYC UN2481 Developmental Cognitive Neuroscience. .,N/A,N/A,N/A,N/A,N/A,3.00 points,N/A,"The course will be an introduction to the science of structural and functional brain development beginning in the prenatal period. We will cover major domains in both cognitive and social development. This is a flipped course, where students will watch lectures online (three 55 minute lectures each week) and participate in classroom discussions and exercises (1 hour 50 minutes twice a week) with the Professor and each other when in person",https://bulletin.columbia.edu/columbia-college/departments-instruction/cognitive-science/
N/A,PSYC GU4225 CONSCIOUSNESS ＆ ATTENTION. .,N/A,N/A,N/A,N/A,N/A,4.00 points,N/A,"Prerequisites: the instructor's permission; some basic knowledge of cognitive science and neuroanatomy is desirable, but not necessary.
Modern theories attempt to characterize the human mind in terms of information processing. But machines that process information do not seem to feel anything; a computer may for instance receive inputs from a video camera, yet it would be hard to imagine that it sees or experiences the vividness of colors like we do. Nobody has yet provided a convincing theory as to how to explain the subjective nature of our mental lives in objective physical terms. This is called the problem of consciousness, and is generally considered to be one of the last unsolved puzzles in science. Philosophers even debate whether there could be a solution to this problem at all. Students in this course may be recruited for participation in a voluntary research study. Students who choose not to participate in the study will complete the same course requirements as those who do, and an individual's choice will not affect their grade or status as a student in the course",https://bulletin.columbia.edu/columbia-college/departments-instruction/cognitive-science/
N/A,PSYC GU4415 METHODS/ISSU-COGNITIV NEU. .,N/A,N/A,N/A,N/A,N/A,3 points,N/A,,https://bulletin.columbia.edu/columbia-college/departments-instruction/cognitive-science/
N/A,PSYC BC3394 METACOGNITION. .,N/A,N/A,N/A,N/A,N/A,4.00 points,N/A,"Prerequisites: BC1001, and one psychology laboratory course; final enrollment determined on the first day of class Metacognition is one of the latest psychological buzzwords, but what exactly is metacognition? Metacognition enables us to be successful learners, problem solvers, and decision makers, and as often been used synonymously with words such as language, awareness, and consciousness. In this seminar, we will examine various components of metacognition, including its role in learning and memory, and its existence in various non-human populations. In addition, we will explore the fragility of metacognition, including illusions of confidence and harmful control strategies that people use. Readings will include classic and important recent papers in the field, looking at metacognition as a higher-level cognitive process, and as knowledge individuals use to guide behavior",https://bulletin.columbia.edu/columbia-college/departments-instruction/cognitive-science/
N/A,PSYC GU4225 CONSCIOUSNESS ＆ ATTENTION. .,N/A,N/A,N/A,N/A,N/A,4.00 points,N/A,"Prerequisites: the instructor's permission; some basic knowledge of cognitive science and neuroanatomy is desirable, but not necessary.
Modern theories attempt to characterize the human mind in terms of information processing. But machines that process information do not seem to feel anything; a computer may for instance receive inputs from a video camera, yet it would be hard to imagine that it sees or experiences the vividness of colors like we do. Nobody has yet provided a convincing theory as to how to explain the subjective nature of our mental lives in objective physical terms. This is called the problem of consciousness, and is generally considered to be one of the last unsolved puzzles in science. Philosophers even debate whether there could be a solution to this problem at all. Students in this course may be recruited for participation in a voluntary research study. Students who choose not to participate in the study will complete the same course requirements as those who do, and an individual's choice will not affect their grade or status as a student in the course",https://bulletin.columbia.edu/columbia-college/departments-instruction/cognitive-science/
N/A,PSYC GU4672 MORAL PSYCHOLOGY. .,N/A,N/A,N/A,N/A,N/A,4.00 points,N/A,"Prerequisites: Two courses in psychology, including at least one course with a focus on social and/or developmental psychology, and permission of the instructor.
Prerequisites: Two courses in psychology, including at least one course with a focus on social and/or developmental psychology, and permission of the instructor. Review of theories and current research on moral cognition and behavior. Topics include definitions of morality, the development of moral cognition, the role that other aspects of human experience (e.g. emotion, intentions) play in moral judgments, and the relationship between moral psychology and other areas of study (e.g. religious cognition, prejudice and stereotyping, the criminal justice system)",https://bulletin.columbia.edu/columbia-college/departments-instruction/cognitive-science/
N/A,PHIL UN3651 PHILOSOPHY OF MIND. .,N/A,N/A,N/A,N/A,N/A,3.00 points,N/A,,https://bulletin.columbia.edu/columbia-college/departments-instruction/cognitive-science/
N/A,PSYC GU4225 CONSCIOUSNESS ＆ ATTENTION. .,N/A,N/A,N/A,N/A,N/A,4.00 points,N/A,"Prerequisites: the instructor's permission; some basic knowledge of cognitive science and neuroanatomy is desirable, but not necessary.
Modern theories attempt to characterize the human mind in terms of information processing. But machines that process information do not seem to feel anything; a computer may for instance receive inputs from a video camera, yet it would be hard to imagine that it sees or experiences the vividness of colors like we do. Nobody has yet provided a convincing theory as to how to explain the subjective nature of our mental lives in objective physical terms. This is called the problem of consciousness, and is generally considered to be one of the last unsolved puzzles in science. Philosophers even debate whether there could be a solution to this problem at all. Students in this course may be recruited for participation in a voluntary research study. Students who choose not to participate in the study will complete the same course requirements as those who do, and an individual's choice will not affect their grade or status as a student in the course",https://bulletin.columbia.edu/columbia-college/departments-instruction/cognitive-science/
N/A,PSYC GU4241 Mentalizing: How we read people. .,N/A,N/A,N/A,N/A,N/A,4.00 points,N/A,"Success in a social world requires understanding other people’s thoughts and feelings, a process typically referred to as mentalizing. Yet, other people’s mental states are not directly observable: you cannot see a thought or touch a feeling. Nonetheless, humans are quite proficient in inferring these invisible states of mind. How do we accomplish these mentalizing feats? In this course, we will answer this question from multiple angles, relying heavily on neuroscience and psychology research. The seminar will discuss recent and classic studies that reveal how humans effectively interpret the people around them, as well as when and why they make mistakes",https://bulletin.columbia.edu/columbia-college/departments-instruction/cognitive-science/
N/A,PSYC GU4430 Learning and the Brain (Seminar). .,N/A,N/A,N/A,N/A,N/A,4 points,N/A,"Prerequisites: courses in introductory psychology and/or neuroscience, and the instructor's permission.",https://bulletin.columbia.edu/columbia-college/departments-instruction/cognitive-science/
N/A,COGS GU4800 Resource-Constrained Decision Making. .,N/A,N/A,N/A,N/A,N/A,4.00 points,N/A,"There is a fundamental puzzle about human intelligence: How are we incredibly smart and stupid at the same time? Humans deal successfully with the world in a way that no machine can (for now), yet we routinely behave in ways that seem grossly inconsistent with normative canons of rational inference and rational choice. This course will seek to resolve the paradox by exploring the idea that while we make many mistakes, these mistakes are not haphazard; instead, they reflect a brain that is highly efficient at inference and decision making within the information, time, and energy constraints imposed by the finite resources available to it. In other words, our brains may be “resource-rational” even if they fail to conform to ideal canons of rationality. We will explore this idea by considering the structure of errors, biases and illusions in the context of perceptual judgments, more abstract cognitive judgments (perceptions of numerical magnitudes or probabilities), and economic decisions; we will see that there are many analogies between the kinds of characteristic errors that people make in all of these contexts. A potential explanatory framework, which can be applied across contexts, considers what optimal decisions should be like in the case of a decision unit that has only imprecise information about its situation. Hence statistical modeling and statistical inference are key elements in the computational models of human decision making that we wish to discuss",https://bulletin.columbia.edu/columbia-college/departments-instruction/cognitive-science/
N/A,PSYC UN3270 COMPUT APPROACHES-HUMAN VISION. .,N/A,N/A,N/A,N/A,N/A,3.00 points,N/A,"Prerequisites: some background in psychology and/or neurophysiology (e.g., PSYC W1001, PSYC W1010, PSYC W2230, PSYC W2450; BIOL W3004 or BIOL W3005) is desirable. See instructor if you have questions about your background. Some background in mathematics and computer science (e.g., calculus or linear algebra, a programming language) is highly recommended.
Prerequisites: some background in psychology and/or neurophysiology (e.g. PSYC UN1001, PSYC UN1010, PSYC UN2230, PSYC UN2450; BIOL UN3004 or BIOL UN3005) is desirable. See instructor if you have questions about your background. Some background in mathematics and computer science (e.g. calculus or linear algebra, a programming language) is highly recommended. Study of human vision--both behavioral and physiological data--within a framework of computational and mathematical descriptions. Please contact Prof. Graham by e-mail (nvg1@columbia.edu) if you are interested in this course",https://bulletin.columbia.edu/columbia-college/departments-instruction/cognitive-science/
N/A,PSYC BC3399 HUMAN AND MACHINES. .,N/A,N/A,N/A,N/A,N/A,4.00 points,N/A,"Prerequisites: (PSYC BC1001) and
Prerequisites: (PSYC BC1001) and Instructor approval This course will examine the social psychology of Human-Machine interactions, exploring the idea that well-established social psychological processes play critical roles in interactions with non-social objects. The first half of the seminar will examine the social psychology of perception across distinct sensory modalities (shape, motion, voice, touch), whereas the second half will focus on social psychological processes between humans and non-human entities (objects, computers, robots)",https://bulletin.columbia.edu/columbia-college/departments-instruction/cognitive-science/
N/A,PSYC GU4236 Machine Intelligence. .,N/A,N/A,N/A,N/A,N/A,4.00 points,N/A,"This course will survey historical and modern developments in machine intelligence from fields such as psychology, neuroscience, and computer science, and from intellectual movements such as cybernetics, artificial intelligence, neural networks, connectionism, machine learning, and deep learning. The emphasis is on the conceptual understanding of topics. The course does not include, nor require background in, computer programming and statistics. A crucial aspect of the seminar is for students to become informed consumers of applications of artificial intelligence",https://bulletin.columbia.edu/columbia-college/departments-instruction/cognitive-science/
N/A,PSYC GU4236 Machine Intelligence. .,N/A,N/A,N/A,N/A,N/A,4.00 points,N/A,"This course will survey historical and modern developments in machine intelligence from fields such as psychology, neuroscience, and computer science, and from intellectual movements such as cybernetics, artificial intelligence, neural networks, connectionism, machine learning, and deep learning. The emphasis is on the conceptual understanding of topics. The course does not include, nor require background in, computer programming and statistics. A crucial aspect of the seminar is for students to become informed consumers of applications of artificial intelligence",https://bulletin.columbia.edu/columbia-college/departments-instruction/cognitive-science/
N/A,PSYC UN3445 THE BRAIN AND MEMORY. .,N/A,N/A,N/A,N/A,N/A,4.00 points,N/A,"Prerequisites: (PSYC UN1010) or
Prerequisites: (PSYC UN1010) or Equivalent introductory course in neuroscience or cognitive psychology and the instructors permission This seminar will give a comprehensive overview of episodic memory research: what neuroimaging studies, patient studies, and animal models have taught us about how the brain creates, stores, and retrieves memories",https://bulletin.columbia.edu/columbia-college/departments-instruction/cognitive-science/
N/A,PHIL UN3252 Philosophy of Language and Mind. .,N/A,N/A,N/A,N/A,N/A,3 points,N/A,,https://bulletin.columbia.edu/columbia-college/departments-instruction/cognitive-science/
N/A,PSYC GU4236 Machine Intelligence. .,N/A,N/A,N/A,N/A,N/A,4.00 points,N/A,"This course will survey historical and modern developments in machine intelligence from fields such as psychology, neuroscience, and computer science, and from intellectual movements such as cybernetics, artificial intelligence, neural networks, connectionism, machine learning, and deep learning. The emphasis is on the conceptual understanding of topics. The course does not include, nor require background in, computer programming and statistics. A crucial aspect of the seminar is for students to become informed consumers of applications of artificial intelligence",https://bulletin.columbia.edu/columbia-college/departments-instruction/cognitive-science/
N/A,PSYC GU4242 Evolution of Language (seminar). .,N/A,N/A,N/A,N/A,N/A,3.00 points,N/A,Prerequisites: PSYC UN1001 or,https://bulletin.columbia.edu/columbia-college/departments-instruction/cognitive-science/
N/A,PSYC GU4287 DECISION ARCHITECTURE. .,N/A,N/A,N/A,N/A,N/A,4.00 points,N/A,"Prerequisites: (PSYC UN2235) or
Prerequisites: (PSYC UN2235) or an equivalent course on judgment and decision making ,AND the instructors permission This course reviews current research in the domain of decision architecture: the application of research in cognitive and social psychology to real-world situations with the aim of influencing behavior. This seminar will discuss recent and classic studies, both of decision theory and of applied decision research, to explore the effectiveness—as well as the limitations—of a selection of these behavioral “nudges.”",https://bulletin.columbia.edu/columbia-college/departments-instruction/cognitive-science/
N/A,PSYC GU4289 THE GAMES PEOPLE PLAY:PSYCH OF STRAT DEC. .,N/A,N/A,N/A,N/A,N/A,3.00 points,N/A,"Prerequisites: (PSYC UN2235) or
Prerequisites: (PSYC UN2235) or equivalent course on judgment and decision-making A seminar course exploring strategic decision making (also known as behavioral game theory). This course examines the psychology underlying situations in which outcomes are determined by choices made by multiple decision makers. The prime objective will be to examine the use of experimental games to test psychological theories",https://bulletin.columbia.edu/columbia-college/departments-instruction/cognitive-science/
N/A,ECON GU4850 COGNITIVE MECH ＆ ECON BEHAVIOR. .,N/A,N/A,N/A,N/A,N/A,4.00 points,N/A,"Prerequisites: ECON UN3211 and ECON UN3213 and STAT UN1201 ECON W3211, W3213; STAT 1201.
Prerequisites: ECON UN3211 and ECON UN3213 and STAT UN1201 Standard economic theory seeks to explain human behavior (especially in economic settings, such as markets) in terms of rational choice, which means that the choices that are made can be predicted on the basis of what would best serve some coherent objective, under an objectively correct understanding of the predictable consequences of alternative actions. Observed behavior often seems difficult to reconcile with a strong form of this theory, even if incentives clearly have some influence on behavior; and the course will discuss empirical evidence (both from laboratory experiments and observations in the field) for some well-established anomalies. But beyond simply cataloguing anomalies for the standard theory, the course will consider the extent to which departures from a strong version of rational choice theory can be understood as reflecting cognitive processes that are also evident in other domains such as sensory perception; examples from visual perception will receive particular attention. And in addition to describing what is known about how the underlying mechanisms work (something that is understood in more detail in sensory contexts than in the case of value-based decision making), the course will consider the extent to which such mechanisms --- while suboptimal from a normative standpoint that treats perfect knowledge of one's situation as costless and automatic --- might actually represent efficient uses of the limited information and bounded information-processing resources available to actual people (or other organisms). Thus the course will consider both ways in which the realism of economic analysis may be improved by taking into account cognitive processes, and ways in which understanding of cognitive processes might be advanced by considering the economic problem of efficient use of limited (cognitive) resources",https://bulletin.columbia.edu/columbia-college/departments-instruction/cognitive-science/
N/A,NSBV BC3381 Visual Neuroscience: From the Eyeball to the Mind's Eye. .,N/A,N/A,N/A,N/A,N/A,4.00 points,N/A,"By absorbing electromagnetic radiation through their eyes, people are able to catch frisbees, recognize faces, and judge the beauty of art. For most of us, seeing feels effortless. That feeling is misleading. Seeing requires not only precise optics to focus images on the retina, but also the concerted action of millions of nerve cells in the brain. This intricate circuitry infers the likely causes of incoming patterns of light and transforms that information into feelings, thoughts, and actions. In this course we will study how light evokes electrical activity in a hierarchy of specialized neural networks that accomplish many unique aspects of seeing. Students will have the opportunity to focus their study on particular aspects, such as color, motion, object recognition, learning, attention, awareness, and how sight can be lost and recovered. Throughout the course we will discuss principles of neural information coding (e.g., receptive field tuning, adaptation, normalization, etc.) that are relevant to other areas of neuroscience, as well as medicine, engineering, art and design",https://bulletin.columbia.edu/columbia-college/departments-instruction/cognitive-science/
N/A,PSYC GU4225 CONSCIOUSNESS ＆ ATTENTION. .,N/A,N/A,N/A,N/A,N/A,4.00 points,N/A,"Prerequisites: the instructor's permission; some basic knowledge of cognitive science and neuroanatomy is desirable, but not necessary.
Modern theories attempt to characterize the human mind in terms of information processing. But machines that process information do not seem to feel anything; a computer may for instance receive inputs from a video camera, yet it would be hard to imagine that it sees or experiences the vividness of colors like we do. Nobody has yet provided a convincing theory as to how to explain the subjective nature of our mental lives in objective physical terms. This is called the problem of consciousness, and is generally considered to be one of the last unsolved puzzles in science. Philosophers even debate whether there could be a solution to this problem at all. Students in this course may be recruited for participation in a voluntary research study. Students who choose not to participate in the study will complete the same course requirements as those who do, and an individual's choice will not affect their grade or status as a student in the course",https://bulletin.columbia.edu/columbia-college/departments-instruction/cognitive-science/
N/A,PSYC UN2640 INTRO TO SOCIAL COGNITION. .,N/A,N/A,N/A,N/A,N/A,3.00 points,N/A,"Prerequisites: an introductory course in psychology or the instructor's permission.
Prerequisite: An introductory psychology course. An introduction to basic concepts in social cognition, an approach to understanding social judgment and behavior by investigating the underlying mental processes. Topics include attitudes, identity, and prejudice, among others",https://bulletin.columbia.edu/columbia-college/departments-instruction/cognitive-science/
N/A,COMS E3899 Research Training. .,N/A,N/A,N/A,N/A,N/A,0.00 points,N/A,Research training course. Recommended in preparation for laboratory related research,https://bulletin.columbia.edu/columbia-college/departments-instruction/computer-science/
N/A,COMS E3999 Fieldwork. .,N/A,N/A,N/A,N/A,N/A,1 point,N/A,,https://bulletin.columbia.edu/columbia-college/departments-instruction/computer-science/
N/A,COMS E4115 PROGRAMMING LANG ＆ TRANSL. .,N/A,N/A,N/A,N/A,N/A,3.00 points,N/A,,https://bulletin.columbia.edu/columbia-college/departments-instruction/computer-science/
N/A,COMS E4773 Machine Learning Theory. .,N/A,N/A,N/A,N/A,N/A,3.00 points,N/A,"Theoretical study of algorithms for machine learning and high-dimensional data analysis. Topics include high-dimensional probability, theory of generalization and statistical learning, online learning and optimization, spectral analysis",https://bulletin.columbia.edu/columbia-college/departments-instruction/computer-science/
N/A,COMS E4775 Causal Inference. .,N/A,N/A,N/A,N/A,N/A,3 points,N/A,Prerequisites: (COMS4711W) and,https://bulletin.columbia.edu/columbia-college/departments-instruction/computer-science/
N/A,COMS E4899 Research Training. .,N/A,N/A,N/A,N/A,N/A,0.00 points,N/A,Research training course. Recommended in preparation for laboratory related research,https://bulletin.columbia.edu/columbia-college/departments-instruction/computer-science/
N/A,COMS E4995 COMPUTER ARTS/VIDEO GAMES. .,N/A,N/A,N/A,N/A,N/A,3.00 points,N/A,"Special topics arranged as the need and availability arises. Topics are usually offered on a one-time basis. Since the content of this course changes each time it is offered, it may be repeated for credit. Consult the department for section assignment",https://bulletin.columbia.edu/columbia-college/departments-instruction/computer-science/
N/A,WRIT UN3125 APOCALYPSES NOW. .,N/A,N/A,N/A,N/A,N/A,3.00 points,N/A,,https://bulletin.columbia.edu/columbia-college/departments-instruction/creative-writing/
N/A,WRIT UN3121 HOW TO BUILD A PERSON. .,N/A,N/A,N/A,N/A,N/A,3.00 points,N/A,"Prerequisites: No prerequisites. Departmental approval NOT required. Character is something that good fiction supposedly cannot do without. But what is a character, and what constitutes a supposedly good or believable one? Should characters be like people we know, and if so, how exactly do we create written versions of people? This class will examine characters in all sorts of writing, historical and contemporary, with an eye toward understanding just how characters are created in fiction, and how they come to seem real to us. Well read stories and novels; we may also look at essays and biographical writing to analyze where the traces of personhood reside. Well also explore the way in which these same techniques of writing allow us to personify entities that lack traditional personhood, such as animals, computers, and other nonhuman characters. Does personhood precede narrative, or is it something we bestow on others by allowing them to tell their story or by telling a story of our own creation on their behalf? Weekly critical and creative exercises will intersect with and expand on the readings and discussions",https://bulletin.columbia.edu/columbia-college/departments-instruction/creative-writing/
N/A,WRIT UN3225 LIFE STORIES. .,N/A,N/A,N/A,N/A,N/A,3.00 points,N/A,"In this seminar, we will target nonfiction that tells stories about lives: profiles, memoirs, and biographies. We will examine how the practice of this kind of nonfiction, and ideas about it, have evolved over the past 150 years. Along the way, we will ask questions about these nonfiction forms: How do reporters, memoirists, biographers, and critics make sense of their subjects? How do they create work as rich as the best novels and short stories? Can criticism explicate the inner life of a human subject? What roles do voice, point-of-view, character, dialogue, and plot—the traditional elements of fiction—play? Along the way, we’ll engage in issues of identity and race, memory and self, real persons and invented characters and we’ll get glimpses of such key publications as The Atlantic Monthly, The New Yorker, Esquire, Harper’s, and The New York Review of Books. Some writers we will consider: Frederick Douglass, Louisa May Alcott, Walt Whitman, Henry Adams, Joseph Mitchell, Lillian Ross, James Agee, John Hersey, Edmund Wilson, Gore Vidal, Gay Talese, James Baldwin, Vladimir Nabokov, Janet Malcolm, Robert Caro, Joyce Carol Oates, Toni Morrison, Joan Didion, and Henry Louis Gates Jr. The course regularly welcomes guest speakers",https://bulletin.columbia.edu/columbia-college/departments-instruction/creative-writing/
N/A,"WRIT UN3319 POETICS OF PLACE:AMERICAN LANDSCAPES, VO. .",N/A,N/A,N/A,N/A,N/A,3.00 points,N/A,"When the American Poet Larry Levis left his home in California’s San Joaquin Valley, “all [he] needed to do,” he wrote, “was to describe [home] exactly as it had been. That [he] could not do, for that [is] impossible. And that is where poetry might begin. This course will consider how place shapes a poet’s self and work. Together we will consider a diverse range of poets and the places they write out of and into: from Philip Levines Detroit to Whitmans Manhattan, from Robert Lowells New England to James Wrights Ohio, from the Kentucky of Joe Bolton and Crystal Wilkinson to the California of Robin Blaser and Allen Ginsberg, from the Ozarks of Frank Stanford to the New Jersey of Amiri Baraka, from the Pacific Northwest of Robinson Jeffers to the Alaska of Mary Tallmountain. We will consider the debate between T. S. Eliot and William Carlos Williams about global versus local approaches to the poem, and together we will ask complex questions: Why is it, for example, that Jack Gilbert finds his Pittsburgh when he leaves it, while Gerald Stern finds his Pittsburgh when he keeps it close? Does something sing because you leave it or because you hold it close? Do you come to a place to find where you belong in it? Do you leave a place to find where it belongs in you? As Carolyn Kizer writes in Running Away from Home, Its never over, old church of our claustrophobia! And of course home can give us the first freedom of wanting to leave, the first prison and freedom of want. In our reflections on each “place,” we will reflect on its varied histories, its native peoples, and its inheritance of violent conquest. Our syllabus will consist, in addition to poems, of manifestos and prose writings about place, from Richard Hugos Triggering Town to Sandra Beasleys Prioritizing Place. You will be encouraged to think about everything from dialect to economics, from collectivism to individualism in poems that root themselves in particular places, and you will be encouraged to consider how those poems “transcend” their origins. You will write response papers, analytical papers, and creative pieces, and you will complete a final project that reflects on your own relationship to place",https://bulletin.columbia.edu/columbia-college/departments-instruction/creative-writing/
N/A,WRIT UN3322 WASTE. .,N/A,N/A,N/A,N/A,N/A,3.00 points,N/A,"What if we think of writing as waste management? “To find a form that accommodates the mess, that is the task of the artist now,” said Samuel Beckett then, famously, but: What does this mean? In this course, we will explore the many ways in which artists and writers have tried to answer this question, not only with waste as a figure for thought but as the concrete and recalcitrant reality of our being. Students will be asked to keep a notebook, with the instruction to keep everything that is for them a signature of thought. In this way, a pinecone or a piece of garbage is as much “writing” as anything else. Together, we will create an archive for the semester, of everything that is produced and/or consumed under this aegis of making. This class is designed to pose questions about form and the activity of writing and, in turn, the modes and methods of production not only as writers, but as persons. In addition to our weekly readings, we will be taking field trips throughout the city, convening with Freegan.info for a trash tour and meeting with the artist in residence at the Department of Sanitation, as well as hosting visitors for additional conversations over Zoom",https://bulletin.columbia.edu/columbia-college/departments-instruction/creative-writing/
N/A,WRIT UN3324 SENSORY POETICS. .,N/A,N/A,N/A,N/A,N/A,3.00 points,N/A,"“A writer should have the precision of a poet and the imagination of a scientist” —Vladimir Nabokov “Every word was once an animal.” —Ralph Waldo Emerson How do writers use words to bring whole worlds to life in the senses? Sensory Poetics is a semester-long exploration of how this formal question has propelled the last 150 years of formally innovative poetry, manifestos and essays on craft. Here, we will read by critically and creatively responding to these texts with a single goal in mind: Borrow their methods to compose a dossier of writing that brings just one thing to life in the senses—any one thing—of your individual choosing. To that end, the semester is divided into 3 Labs that each isolate a different register of sensemaking: Sound, Image, and Line. For example, in the Sound Lab unit, you’ll respond to poems and essays by acoustic-centered poets like John Cage, Kamau Brathwaite and Gertrude Stein, transcribing the sound of your one thing, and writing a metered sonnet based on models from different periods and artistic contexts. To capture the look and logic of your one thing, further in you’ll read Surrealists like Aimé and Suzanne Césaire (for Image Lab), Kathy Acker’s cut-ups, and the psychedelic prose poems of Georges Perec and Yoko Ono (for Line Lab). Throughout, we’ll also read Raymond Queneau’s Exercises in Style, a book that is similarly a dossier of one thing written a hundred different ways. Class time focuses on close-reading and analyzing poems together. At the end of each of the three Labs, you’ll submit a portfolio which showcases and reflects on your favorite creative/critical writing generated during the unit. So, no matter how boring or inflexible your one thing may appear to you at any point, your only limits beyond this constraint—make a dossier on one thing—will merely be the finite plasticity of your own imagination, which luckily, readings in this course are curated to expand. This is a place to encounter, practice and experiment with new and exciting forms that broaden your repertoire for articulating your obsessions in ways that bring them to life in the ears, eyes and minds of your audience. Writers of all majors and levels welcome",https://bulletin.columbia.edu/columbia-college/departments-instruction/creative-writing/
N/A,WRIT UN3321 Ecopoetics. .,N/A,N/A,N/A,N/A,N/A,3.00 points,N/A,"“There are things / We live among ‘and to see them / Is to know ourselves.’” George Oppen, “Of Being Numerous” In this class we will read poetry like writers that inhabit an imperiled planet, understanding our poems as being in direct conversation both with the environment as well as writers past and present with similar concerns and techniques. Given the imminent ecological crises we are facing, the poems we read will center themes of place, ecology, interspecies dependence, the role of humans in the destruction of the planet, and the “necropastoral” (to borrow a term from Joyelle McSweeney), among others. We will read works by poets and writers such as (but not limited to) John Ashbery, Harryette Mullen, Asiya Wadud, Wendy Xu, Ross Gay, Simone Kearney, Kim Hyesoon, Marcella Durand, Arthur Rimbaud, Geoffrey G. O’Brien, Muriel Rukeyser, George Oppen, Terrance Hayes, Juliana Spahr, and W.S. Merwin—reading several full collections as well as individual poems and essays by scholars in the field. Through close readings, in-class exercises, discussions, and creative/critical writings, we will invest in and investigate facets of the dynamic lyric that is aware of its environs (sound, image, line), while also exploring traditional poetic forms like the Haibun, ode, prose poem, and elegy. Additionally, we will seek inspiration in outside mediums such as film, visual art, and music, as well as, of course, the natural world. As a class, we will explore the highly individual nature of writing processes and talk about building writing practices that are generative as well as sustainable",https://bulletin.columbia.edu/columbia-college/departments-instruction/creative-writing/
N/A,WRIT UN3011 TRANSLATION SEMINAR. .,N/A,N/A,N/A,N/A,N/A,3.00 points,N/A,"Prerequisites: No prerequisites. Students do not need to demonstrate bilingual ability to take this course. Department approval NOT needed.
Corequisites: This course is open to undergraduate & graduate students.
Prerequisites: No prerequisites. Students do not need to demonstrate bilingual ability to take this course. Department approval NOT needed. Corequisites: This course is open to undergraduate ＆ graduate students. This course will explore broad-ranging questions pertaining to the historical, cultural, and political significance of translation while analyzing the various challenges confronted by the arts foremost practitioners. We will read and discuss texts by writers and theorists such as Benjamin, Derrida, Borges, Steiner, Dryden, Nabokov, Schleiermacher, Goethe, Spivak, Jakobson, and Venuti. As readers and practitioners of translation, we will train our ears to detect the visibility of invisibility of the translators craft; through short writing experiments, we will discover how to identify and capture the nuances that traverse literary styles, historical periods and cultures. The course will culminate in a final project that may either be a critical analysis or an original translation accompanied by a translators note of introduction",https://bulletin.columbia.edu/columbia-college/departments-instruction/creative-writing/
N/A,WRIT UN3031 INTRO TO AUDIO STORYTELLING. .,N/A,N/A,N/A,N/A,N/A,3.00 points,N/A,"It’s one thing to tell a story with the pen. It’s another to transfix your audience with your voice. In this class, we will explore principles of audio narrative. Oral storytellers arguably understand suspense, humor and showmanship in ways only a live performer can. Even if you are a diehard writer of visually-consumed text, you may find, once the class is over, that you have learned techniques that can translate across borders: your written work may benefit. Alternatively, you may discover that audio is the medium for you. We will consider sound from the ground up – from folkloric oral traditions, to raw, naturally captured sound stories, to seemingly straightforward radio news segments, to highly polished narrative podcasts. While this class involves a fair amount of reading, much of what we will be studying and discussing is audio material. Some is as lo-fi as can be, and some is operatic in scope, benefitting from large production budgets and teams of artists. At the same time that we study these works, each student will also complete small audio production exercises of their own; as a final project, students will be expected to produce a trailer, or “sizzle” for a hypothetical multi-episode show. This class is meant for beginners to the audio tradition. There are some tech requirements: a recording device (most phones will suffice), workable set of headphones, and computer. You’ll also need to download the free audio editing software Audacity",https://bulletin.columbia.edu/columbia-college/departments-instruction/creative-writing/
N/A,WRIT UN3036 THE AESTHETIC EXPERIENCE. .,N/A,N/A,N/A,N/A,N/A,3.00 points,N/A,"What is an aesthetic experience and what does it tell us about art or about ourselves? An aesthetic experience might be best initially defined as a subjective and often profound encounter with an object, artwork, or phenomenon that elicits a heightened sense of beauty, appreciation, or emotional response. It involves a deep engagement with the sensory, emotional, and intellectual aspects of the object of appreciation. Aesthetic experiences typically involve a sense of pleasure, contemplation, or emotional resonance, and they often transcend practical or utilitarian considerations. These experiences can encompass a wide range of phenomena, literature, natural landscapes, and even everyday objects when perceived with a heightened sense of awareness and appreciation. Aesthetic experiences are highly personal and can vary from person to person based on individual preferences, cultural backgrounds, and emotional responses. For me, an aesthetic experience is both mysterious and confounding—I’m impacted physically as much as it might mentally or emotionally. In the throes of an aesthetic experience, I might feel the small hairs on my arms or on the back of my neck stand up. I might feel nearly ill from a racing heart or my stomach turning. I might feel energized by new thoughts prompted by the experience or feel my heart swell in appreciation and awe. I might also feel a deep sense of recognition—one that connects me to the art object and its maker in a way that transcends time and place. But why do I feel this? Where does this feeling come from? What is really happening?? In this class, we’ll study this question on two levels: 1. A ‘theoretical’ level. Theorists, critics, and philosophers have long tried to understand what it means to have an aesthetic experience. Plato likened this experience to madness, Kant to the sublime; Tolstoy argued the aesthetic experience was a form of communication only accessible through engagement in art. Historians place aesthetic experience within the context of time and culture. We’ll study and discuss theories that have tried to define this mysterious phenomenon. 2. A ‘practical’ level. We’ll also read the work of writers who have puzzled through this question of the aesthetic experience by writing about their connection to a work or body of work by another artist. Often this involves a search to understand the self via the work of another artist. Books: Required books available at Book Culture on 112th Street and Broadway or in course reserves at Butler Library. Several readings will be available for free via our courseworks page. They are indicated on the syllabus as (CW)",https://bulletin.columbia.edu/columbia-college/departments-instruction/creative-writing/
N/A,DNCE BC1446 TAP I. .,N/A,N/A,N/A,N/A,N/A,0.00-1.00 points,N/A,"Prerequisites: BC1137, BC1138, BC1332, or BC1333, or permission of the Dance Department. Intermediate level in modern or ballet technique is required",https://bulletin.columbia.edu/columbia-college/departments-instruction/dance/
N/A,DNCE BC3143 CLASSIC VARIATIONS. .,N/A,N/A,N/A,N/A,N/A,2.00 points,N/A,"Variations class is a course for the intermediate to advanced dancer. As in all other ballet classes, there will be a focus on correct physical alignment, proper technique and musicality. The added challenges in this course will be the pointe shoe technique, creative choreographic choices, and musical phrasing. The class will include variations based on works ranging from Petipa to Balanchine to today’s choreographers. Dancers will explore personalizing already known works, pushing the boundaries of the pointe shoe, examining how choreography has evolved and developing the stamina required to execute a full variation. Learning material rapidly while paying attention to the stylistic demands of each choreographer’s works and being able to shift from one stylistic choice to another is simply expected",https://bulletin.columbia.edu/columbia-college/departments-instruction/dance/
N/A,DNCE BC3592 Senior Project: Research for Dance. .,N/A,N/A,N/A,N/A,N/A,4 points,N/A,,https://bulletin.columbia.edu/columbia-college/departments-instruction/dance/
N/A,DNCE BC3607 Rehearsal and Performance in Dance. .,N/A,N/A,N/A,N/A,N/A,3 points,N/A,,https://bulletin.columbia.edu/columbia-college/departments-instruction/dance/
N/A,DNCE BC3984 Digital Performance. .,N/A,N/A,N/A,N/A,N/A,4 points,N/A,,https://bulletin.columbia.edu/columbia-college/departments-instruction/dance/
N/A,THTR UN2005 Acting Workshop. .,N/A,N/A,N/A,N/A,N/A,3 points,N/A,"Prerequisites: Acting classes are open to all Barnard and Columbia undergraduates. Permission of Theatre Department through audition required: auditions for acting classes and for the semester's stage productions held 6pm on the first Tuesday and Wednesday class days of each semester. Acting classes begin meeting after auditions. For required details, consult ""Auditions"" on the Barnard Theatre Department website in advance: theatre.barnard.edu/auditions.",https://bulletin.columbia.edu/columbia-college/departments-instruction/drama-theatre-arts/
N/A,THTR UN2027 Practicum Performance Dramaturgy. .,N/A,N/A,N/A,N/A,N/A,3 points,N/A,,https://bulletin.columbia.edu/columbia-college/departments-instruction/drama-theatre-arts/
N/A,THTR UN2210 Theatre Workshop. .,N/A,N/A,N/A,N/A,N/A,1 point,N/A,,https://bulletin.columbia.edu/columbia-college/departments-instruction/drama-theatre-arts/
N/A,THTR UN3006 ADVANCED ACTING. .,N/A,N/A,N/A,N/A,N/A,3.00 points,N/A,"Prerequisites: Preference given to juniors and seniors; THTRV 3004 or 3005 prerequisite. Enrollment limited to 14 students. Acting classes are open to all Barnard and Columbia undergraduates. Permission of Theatre Department through audition required: auditions for acting classes and for the semester's stage productions held 6pm on the first Tuesday and Wednesday class days of each semester. Acting classes begin meeting after auditions. For required details, consult ""Auditions"" on the Barnard Theatre Department website in advance: theatre.barnard.edu/auditions
Prerequisites: Preference given to juniors and seniors; THTR UN 3004 or 3005 prerequisite. Enrollment limited to 14 students. Acting classes are open to all Barnard and Columbia undergraduates. Permission of Theatre Department through audition required: auditions for acting classes and for the semesters stage productions held 6pm on the first Tuesday and Wednesday class days of each semester. Acting classes begin meeting after auditions. For required details, consult Auditions on the Barnard Theatre Department website in advance: theatre.barnard.edu/auditions Special problems of performance. In-class scene work, extensive outside research, rehearsals, and reading. Fulfills additional coursework in Acting for Theatre/Drama and Theatre Arts majors. May be retaken for full credit",https://bulletin.columbia.edu/columbia-college/departments-instruction/drama-theatre-arts/
N/A,THTR UN3007 Scene Lab. .,N/A,N/A,N/A,N/A,N/A,3 points,N/A,,https://bulletin.columbia.edu/columbia-college/departments-instruction/drama-theatre-arts/
N/A,THTR UN3141 Socialism/Communism in Performance. .,N/A,N/A,N/A,N/A,N/A,4 points,N/A,,https://bulletin.columbia.edu/columbia-college/departments-instruction/drama-theatre-arts/
N/A,THTR UN3142 BERTOLT BRECHT:MAKING OF THTR. .,N/A,N/A,N/A,N/A,N/A,4.00 points,N/A,"Prerequisites: Enrollment limited to 16; permission of instructor given at first class meeting. Course is conducted in English and readings are in English; German majors and German-speaking students may do readings and papers in German. This class provides a comprehensive overview of the drama, theatre, and theory of Bertolt Brecht, the most influential European playwright and theorist of the twentieth century, in the context of their original historical contexts and subsequent legacies. Course fulfills lecture/seminar ""studies"" requirement for Theatre/Drama and Theatre Arts major",https://bulletin.columbia.edu/columbia-college/departments-instruction/drama-theatre-arts/
N/A,THTR UN3144 Ecologies of Transmedia Performance. .,N/A,N/A,N/A,N/A,N/A,4.00 points,N/A,"Exploring transmedia performance as both a medial interaction in the physical space of theatre and a multiplatform environment expanding and extending beyond it, Ecologies of Transmedia Performance engages the NYPL for the Performing Arts archive to create an environmentally and socially self-aware, virtual transmedia performance/experience. To strengthen academic and digital competencies, the course consists of a seminar (meets on Tuesday) and a lab (meets on Wednesday), integrating several activities: experiencing and studying transmedia performances; conceptualizing transmediality; conducting archival research into transmedia theatre; and designing a transmedia performance (the digital tools we will work with include Google Sites, Google Scripts, and Google Cloud AI). Course enrollment is limited to 12; permission of instructor given after first class meeting. Fulfills one of the two required courses in dramatic literature/theatre studies/performance studies for Theatre/Drama and Theatre Arts major",https://bulletin.columbia.edu/columbia-college/departments-instruction/drama-theatre-arts/
N/A,THTR UN3145 AFRICAN AMERICAN WOMEN PLAYWRIGHTS. .,N/A,N/A,N/A,N/A,N/A,4.00 points,N/A,"African American women have been writing plays at least since the Harlem Renaissance and the American Little Theatre Movement (1910s-1920s). Initially many of their plays portrayed the plight of poor Black women either in the American South or in New York City’s Harlem, in each case showing a struggle for dignity in the midst of an unfair, dismissive, racist situation in which lynchings of Black men were a common enough occurrence and citizen rights were doubly denied these (generally educated) writers—both as Blacks and as women. Even plays depicting middle-class Black families or working women showed how just holding one’s head up and keeping food on the table (much less seeking fulfillment or advancement) was exhausting and often demeaning. Plays written with Black audiences in mind often sought to provide “uplift” and encouragement. Those anticipating white or mixed audiences frequently wanted to show Blacks as equal to whites in intellect, cleanliness, childrearing, honor, patriotism, and citizenship. Over the course of a century, Black playwrights have addressed racism, African American history, urban blight, a changing workplace, and Black American womanhood in a variety of styles ranging from so-called kitchen sink realism to comedy, fantasy, and abstraction. The readings in the course do not exhaust the possibilities for study but they will get you attuned to a rich trove of varied, important writing. In this seminar, students will read and discuss several plays/meeting, make both formal and informal class presentations, and write a final essay. Course fulfills lecture/seminar in drama studies, theatre studies, performance studies requirement for Theatre major",https://bulletin.columbia.edu/columbia-college/departments-instruction/drama-theatre-arts/
N/A,THTR UN3146 American Drama in the 1990s. .,N/A,N/A,N/A,N/A,N/A,4 points,N/A,,https://bulletin.columbia.edu/columbia-college/departments-instruction/drama-theatre-arts/
N/A,THTR UN3149 PERFORMANCE IN/OF SOUTH ＆ SOUTHEAST ASIA. .,N/A,N/A,N/A,N/A,N/A,3.00 points,N/A,"This course actively interrogates the region of Southeast Asia as it is mobilized in performance. It will investigate performance as a theoretical lens, artistic medium, and everyday practice across Southeast Asia. Research and writing will draw upon theatre, dance, performance art, and ritual, focusing on the construction of national and personal identity through performance. The course examines themes of gender, sexuality, imperialism, and globalization. Through discussion, viewing, and weekly writing assignments, students hone their critical thinking skills and learn to formulate research questions and arguments that will culminate in one critical essay and two in-class exams. Course may fill either the Global Theatre requirement, or one (of two) required courses in dramatic literature/theatre studies/performance studies for Theatre/Drama and Theatre Arts major, but not both",https://bulletin.columbia.edu/columbia-college/departments-instruction/drama-theatre-arts/
N/A,THTR UN3155 TRADITIONAL INDIAN PERFORMNCE. .,N/A,N/A,N/A,N/A,N/A,4.00 points,N/A,"Course provides a perspective on traditional forms of Indian performance from classical theory to contemporary traditional practices. Course covers Sanskrit drama, Kathakali, Ramlila, and Chhau; extensive video of performances and guest practitioners. Course fulfills lecture/seminar ""studies"" course requirement for Theatre/Drama and Theatre Arts major",https://bulletin.columbia.edu/columbia-college/departments-instruction/drama-theatre-arts/
N/A,THTR UN3156 MODERN ASIAN PERFORMANCE. .,N/A,N/A,N/A,N/A,N/A,4.00 points,N/A,"This course studies contemporary Asian performance with a focus on modernity, covering most nations on the Asian continent. We will examine a variety of performance, ranging from dance to revolutionary theatre, from postdramatic staging to translated as well as made-in-Asia musicals. Theoretical questions under discussion include modernity, national/ethnic/gender identity, art and ideology, the Sinophone, global Asias, among others. Fulfills lecture/seminar requirement in Theatre/Drama and Theatre Arts major and minor programs",https://bulletin.columbia.edu/columbia-college/departments-instruction/drama-theatre-arts/
N/A,THTR UN3160 Queer Performance. .,N/A,N/A,N/A,N/A,N/A,4 points,N/A,,https://bulletin.columbia.edu/columbia-college/departments-instruction/drama-theatre-arts/
N/A,"THTR UN3166 Drama, Theatre, and Theory. .",N/A,N/A,N/A,N/A,N/A,4 points,N/A,,https://bulletin.columbia.edu/columbia-college/departments-instruction/drama-theatre-arts/
N/A,THTR UN3203 COLLABORATION:DIRCTNG/DESIGN. .,N/A,N/A,N/A,N/A,N/A,3.00 points,N/A,Prerequisites: Permission of instructors given at first meeting; enrollment limited to 24. Course focuses on developing both technical and collaborative skills of directors and designers. Students are assigned to different roles in creative teams working on a series of at least three fully realized and designed scenes. Introduction to various design disciplines and directing practice,https://bulletin.columbia.edu/columbia-college/departments-instruction/drama-theatre-arts/
N/A,THTR UN3211 Performance Lab. .,N/A,N/A,N/A,N/A,N/A,4 points,N/A,,https://bulletin.columbia.edu/columbia-college/departments-instruction/drama-theatre-arts/
N/A,THTR UN3303 UNUSUAL STORIES: CLUBBED THUMB PLAYWRITING. .,N/A,N/A,N/A,N/A,N/A,3.00 points,N/A,"Clubbed Thumb commissions, develops and produces funny, strange and provocative new plays by living American writers. Clubbed Thumb’s plays vary in style and content, but are always 90 minutes or under. They feature substantial and challenging roles for all genders, are questioning, formally inventive, theatrical, and exhibit a sense of humor. Since its founding in 1996, the company has presented over 100 productions, and has been awarded 5 Obies, including the Ross Wetzsteon award for sustained excellence. This playwriting course will use Clubbed Thumb’s work and aesthetic as a launching point. The students will see all three of the plays in the 2023 Summerworks Festival, and will read several published scripts from previous Clubbed Thumb festivals. We will look at the stylistic and aesthetic choices of these plays, and students will engage in a series of writing assignment inspired by Clubbed Thumb’s work, culminating in a “Clubbed Thumb bakeoff” (a longer play written in a short period of time). The students will have the opportunity to engage with Clubbed Thumb artists, including the artistic leadership of Clubbed Thumb: Maria Striar and Michael Bulger",https://bulletin.columbia.edu/columbia-college/departments-instruction/drama-theatre-arts/
N/A,THTR UN3406 Media & Production Design. .,N/A,N/A,N/A,N/A,N/A,3 points,N/A,,https://bulletin.columbia.edu/columbia-college/departments-instruction/drama-theatre-arts/
N/A,ENTA GU4625 SHAKESPEARE PERFORMANCE STUDIES. .,N/A,N/A,N/A,N/A,N/A,4.00 points,N/A,"This course will work across three general approaches to Shakespearean drama and performance. First, we’ll consider the historical forms of performance that have used Shakespearean drama as the material for theatrical endeavor. Second, we’ll consider theoretical paradigms for performance that resituate an understanding that privileges either the “theatrical” or the “literary” identity of Shakespeare’s plays. And, finally, we’ll consider how we might consider the plays as themselves theoretical instruments for thinking about performance. Throughout the semester we will consider stage, film, and online productions, and the ways they articulate a sense of both “Shakespeare” and “performance.” This course is a seminar, and while there is no formal prerequisite, students who have had a previous Shakespeare course will find the reading more manageable: we will rarely be doing the kind of “overview” of a play, but will be incisively considering specific elements of performance. Application Instructions: E-mail the instructor wworthen@barnard.edu with the title of the course in the subject line. In your message, include basic information: your name, school, major, year of study, and relevant courses taken, along with a brief statement about why you are interested in taking the course. Admitted students should register for the course; they will automatically be placed on a wait list, from which the instructor will admit them as spaces become available",https://bulletin.columbia.edu/columbia-college/departments-instruction/drama-theatre-arts/
N/A,EESC GR6400 COMMUNICATING EARTH ＆ ENVIR SCI. .,N/A,N/A,N/A,N/A,N/A,3.00 points,N/A,"Communicating science well in the context of the earth and environmental sciences is critical. This science communication course will transect specific earth and environmental science disciplines to provide a foundational understanding of what it means to communicate science and how to do so effectively. Within this overarching theme of science communication, students will gain a comprehensive and holistic understanding of how to communicate earth and environmental science across a variety of formats and to a diversity of audiences. Practical outcomes include but are not limited to students learning 1) how to rationalize a research topic, 2) write a hypothesis driven proposal, 3) evaluate proposals, 4) produce clear and compelling graphics, 5) adopt the latest pedagogical approaches, and 6) present science findings to a diversity of audiences",https://bulletin.columbia.edu/columbia-college/departments-instruction/earth-environmental-sciences/
N/A,EESC GR6920 DYNAMICS OF CLIMATE. .,N/A,N/A,N/A,N/A,N/A,3.00 points,N/A,"Prerequisites: EESC W4008, and advanced calculus, or the instructor's permission.
Prerequisites: EESC GU4008, and advanced calculus, or the instructors permission. The current climate and its variations over Earth history are interpreted as consequences of fundamental physical processes, including radiative transfer, the atmosphere and ocean circulation, and the carbon cycle. Perturbations to climate, resulting from changing atmospheric composition or insolation, are examined using a combination of simple interpretative models and full Earth System Models",https://bulletin.columbia.edu/columbia-college/departments-instruction/earth-environmental-sciences/
N/A,EESC GR6949 ADVANCED SEISMOLOGY I. .,N/A,N/A,N/A,N/A,N/A,3.00 points,N/A,"Prerequisites: a solid background in geophysics, and a knowledge of complex variables.
Seismic waves in layered media, matrix methods, free vibrations of the Earth, dislocation theory, source mechanics",https://bulletin.columbia.edu/columbia-college/departments-instruction/earth-environmental-sciences/
N/A,EESC GR9701 SEMINAR IN ADVANCED PETROLOGY. .,N/A,N/A,N/A,N/A,N/A,1.00-2.00 points,N/A,"In this seminar, we will explore the interactions between volcanism and climate. From week to week, we will discuss research related to the volcano-climate interactions and address questions such as: How do volcanoes affect global climate? How do we reconstruct the climate impact of past volcanic events? How and why are mass extinction events related to supervolcano and flood basalt eruptions? Can long term changes in climate affect volcanism? The course welcomes participation from students with diverse academic backgrounds, reflecting the inherently interdisciplinary nature of the topic, which spans volcanology, atmospheric science, paleoclimatology, geophysics, and more. The seminar will also be open to the broader Lamont community, welcoming drop-ins from all staff, postdocs and students",https://bulletin.columbia.edu/columbia-college/departments-instruction/earth-environmental-sciences/
N/A,ASCE UN1002 INTRO MAJOR TPCS: EAST ASIAN. .,N/A,N/A,N/A,N/A,N/A,4.00 points,N/A,An interdisciplinary and topical approach to the major issues and phases of East Asian civilizations and their role in the contemporary world,https://bulletin.columbia.edu/columbia-college/departments-instruction/east-asian-languages-cultures/
N/A,AHUM UN3830 COLL ON MODERN EAST ASIA TEXTS. .,N/A,N/A,N/A,N/A,N/A,4.00 points,N/A,"Prerequisites: AHUM V3400 is recommended as background.
Prerequisites: AHUM UN3400 is recommended as background. Introduction to and exploration of modern East Asian literature through close reading and discussion of selected masterpieces from the 1890s through the 1990s by Chinese, Japanese, and Korean writers such as Mori Ogai, Wu Jianren, Natsume Soseki, Lu Xun, Tanizaki Jun’ichiro, Shen Congwen, Ding Ling, Eileen Chang, Yi Sang, Oe Kenzaburo, O Chong-hui, and others. Emphasis will be on cultural and intellectual issues and on how literary forms manifested, constructed, or responded to rapidly shifting experiences of modernity in East Asia",https://bulletin.columbia.edu/columbia-college/departments-instruction/east-asian-languages-cultures/
N/A,EAAS UN2342 Mythology of East Asia. .,N/A,N/A,N/A,N/A,N/A,4 points,N/A,,https://bulletin.columbia.edu/columbia-college/departments-instruction/east-asian-languages-cultures/
N/A,EAAS UN3114 Chinese Theater and Drama Traditions. .,N/A,N/A,N/A,N/A,N/A,4.00 points,N/A,"This course explores the world of Chinese theater: where a heroine is resurrected through the power of love, a filial son saves his mother from underworld torment, and stalwart workers fight for revolution. Examining texts in many genres/forms-from the 16th century romantic drama The Peony Pavilion to the 20th century revolutionary opera The Red Lantern - we investigate the versatility of Chinese drama to encompass politics, history, social movements, and human emotions. Connecting texts to stage practice, we explore gender fluidity in performance, theories of theater, ""star culture,"" and cross-cultural work",https://bulletin.columbia.edu/columbia-college/departments-instruction/east-asian-languages-cultures/
N/A,EAAS UN3217 KOREAN POPULAR CINEMA. .,N/A,N/A,N/A,N/A,N/A,4.00 points,N/A,,https://bulletin.columbia.edu/columbia-college/departments-instruction/east-asian-languages-cultures/
N/A,EAAS UN3310 SOCIAL PROB IN CONTEMP CHINA. .,N/A,N/A,N/A,N/A,N/A,3.00 points,N/A,,https://bulletin.columbia.edu/columbia-college/departments-instruction/east-asian-languages-cultures/
N/A,EAAS UN3313 INTRODUCTION TO CHINESE CINEMAS. .,N/A,N/A,N/A,N/A,N/A,3.00 points,N/A,"What is “cinema” in the Chinese-speaking world, and how have the aesthetics, politics and practice of cinema evolved over time? In what ways has cinema interacted with its sister arts, such as painting, photography, theatre, architecture, and music? And in what capacities has cinema represented and intervened into the social and political worlds of its production and reception? This course is an introductory course on Chinese cinemas from Mainland China, Taiwan and Hong Kong, featuring landmark films from the 1930s to the present, with emphasis on contemporary films produced in the past three decades. We cover major genres such as melodrama, historical epic, comedy, musical, martial arts and documentary films, and study works by film auteurs such as Hou Hsiao-hsien, Chen Kaige, Ann Hui and Jia Zhangke. Besides the questions mentioned above, topics also include cinema’s approaches to history and memory, and its engagement with questions of gender, ethnicity, class and language politics",https://bulletin.columbia.edu/columbia-college/departments-instruction/east-asian-languages-cultures/
N/A,EAAS UN3338 CULTRL HIST-JAPANESE MONSTERS. .,N/A,N/A,N/A,N/A,N/A,3.00 points,N/A,"From Godzilla to Pokemon (literally, pocket monster) toys, Japanese monsters have become a staple commodity of late-capitalist global pop culture. This course seeks to place this phenomenon within a longer historical, as well as a broader cross-cultural, context. Through an examination of texts and images spanning over thirteen centuries of Japanese history, along with comparable productions from other cultures, students will gain an understanding not only of different conceptions and representations of monsters, ghosts, and other supernatural creatures in Japan, but also of the role of the monstrous in the cultural imagination more generally. The course draws on various media and genres of representation, ranging from written works, both literary and scholarly, to the visual arts, material culture, drama, and cinema. Readings average 100-150 pages per week. Several film and video screenings are scheduled in addition to the regular class meetings. Seating is limited, with final admission based on a written essay and other information to be submitted to the instructor before the beginning of the semester",https://bulletin.columbia.edu/columbia-college/departments-instruction/east-asian-languages-cultures/
N/A,"EAAS UN3435 Chinese Revolution, Asian Revolution, World Revolution: Revolution and Radicalism in the Long Twentieth Century. .",N/A,N/A,N/A,N/A,N/A,4.00 points,N/A,"This course examines the Chinese Revolution as a global event, one that provided new possibilities for understanding the future not only of China, but Asia and the world. In doing so, it refuses any notion of the Chinese Revolution as a merely ""Chinese"" event and instead marks the ways in which diverse sets of activists and revolutionaries from across Asia not only contributed towards the formation of Chinese revolutionary politics but also responded on their own terms. The Chinese Revolution thereby emerges as a truly global event and one that transformed political imagination. The course focuses largely on the responses and trajectories of Asian revolutionaries, especially from Vietnam and Japan, whose intellectual and political paths intersected with those of Chinese activists. Students can expect to work through the diverse intellectual interventions of pan-Asian diasporic communities in Japan at the beginning of the twentieth century, read interwar proletarian fiction from Chinese and Japanese authors, compare Chinese and Vietnamese conceptualizations of ""people's war"" as an anti-colonial military strategy. They will emerge with a new understanding of the porousness and complexity of basic categories such as China, Asia and revolution",https://bulletin.columbia.edu/columbia-college/departments-instruction/east-asian-languages-cultures/
N/A,EAAS UN3575 Approaching Cities and Life in Chinese Cultural History. .,N/A,N/A,N/A,N/A,N/A,4.00 points,N/A,"Italo Calvino's imagined Marco Polo cautions against commemorating the lived experience of a city, ""Memory's images, once they are fixed in words, are erased."" How shall we modern students of the past retrieve the ways in which foreign men and women dwelled in everyday practice? This seminar will take you on a tour of some key topoi — as both physical and literary constructs — throughout Chinese history, availing of a selection of textual, visual, and cinematic materials that shape and are shaped by the palimpsests of changing Chinese urban life",https://bulletin.columbia.edu/columbia-college/departments-instruction/east-asian-languages-cultures/
N/A,"EAAS UN3710 FICTION, FILM, AND MODERN VIETNAM. .",N/A,N/A,N/A,N/A,N/A,4.00 points,N/A,"This course examines film, tv, and a variety of short fiction as vehicles for the production of Vietnamese cultural identities in the modern era",https://bulletin.columbia.edu/columbia-college/departments-instruction/east-asian-languages-cultures/
N/A,EAAS UN3927 CHINA IN THE MODERN WORLD. .,N/A,N/A,N/A,N/A,N/A,3.00 points,N/A,,https://bulletin.columbia.edu/columbia-college/departments-instruction/east-asian-languages-cultures/
N/A,EAAS GU4111 Modern Chinese Poetry in a Global Context. .,N/A,N/A,N/A,N/A,N/A,4.00 points,N/A,"In this course, we will take modern Chinese poetry as a crucible in which we can observe the interacting forces of literary history and social change. From diplomats who saw poetry as a medium for cultural translation between China and the world, to revolutionaries who enlisted poetry in the project of social transformation, we will examine the lives and works of some of China’s most prominent poets and ask, what can we learn about modern China from reading their poetry? In addition to poems, the course will include fiction, essays, photographs, and films by both Chinese and non-Chinese artists that place our poets in a broader context; topics of discussion include national identity, revolution, translation, gender, the body, ethnicity, and technology",https://bulletin.columbia.edu/columbia-college/departments-instruction/east-asian-languages-cultures/
N/A,EAAS GU4122 Japanese New Wave and Cinematic Modernism. .,N/A,N/A,N/A,N/A,N/A,4 points,N/A,,https://bulletin.columbia.edu/columbia-college/departments-instruction/east-asian-languages-cultures/
N/A,EAAS GU4123 Japanese Documentary Films. .,N/A,N/A,N/A,N/A,N/A,4 points,N/A,,https://bulletin.columbia.edu/columbia-college/departments-instruction/east-asian-languages-cultures/
N/A,EAAS GU4160 CULTURES IN COLONIAL KOREA. .,N/A,N/A,N/A,N/A,N/A,3.00 points,N/A,,https://bulletin.columbia.edu/columbia-college/departments-instruction/east-asian-languages-cultures/
N/A,EAAS GU4217 CHINA ON STAGE. .,N/A,N/A,N/A,N/A,N/A,4.00 points,N/A,"This course explores how Chinese identity and society have been staged in theatre productions over the past century. Course content includes play scripts in English translation, videos, photographs, archival materials, and English-language books and articles about Chinese theater",https://bulletin.columbia.edu/columbia-college/departments-instruction/east-asian-languages-cultures/
N/A,EAAS GU4236 CHINA'S LONG 1980's: INTERROGATING THE CULTURAL POLITICS OF REFORM AND OPENING. .,N/A,N/A,N/A,N/A,N/A,4 points,N/A,,https://bulletin.columbia.edu/columbia-college/departments-instruction/east-asian-languages-cultures/
N/A,"EAAS GU4334 Supernatural in Japanese Culture: Ghosts, Gods, and Animals. .",N/A,N/A,N/A,N/A,N/A,4.00 points,N/A,"Covering a period from the 7th century to the present, this class draws on Japanese literature, folklore, painting, performance, and anime, to explore the world of the supernatural, particularly the role of ghosts, gods, demons, animals, and nature. Students are introduced to various strands of popular religion, including Buddhist cosmologies and native beliefs about nature and human life, with special attention to the relationship between the living and the dead, and explore the role of human intermediaries. The course looks at these texts and media in relationship to the local community, gender, social and occupational status, environment (both natural and urban), and historical period, exploring issues of social identity and power",https://bulletin.columbia.edu/columbia-college/departments-instruction/east-asian-languages-cultures/
N/A,EAAS GU4352 The Fantastic World of Knights-Errant in Chinese Literature. .,N/A,N/A,N/A,N/A,N/A,4.00 points,N/A,"This course approaches the Chinese knight-errant, often seen in the Kungfu films (most recently Mulan 2020), both as a historical fact and a literary imagination. It provides students with a broad overview of Chinese literature until the twentieth century, to familiarize students with the most prominent literary genres of each time period, from official history to classical poetry, from classical tale to vernacular fiction, from drama to film. Through reading/viewing the knight-errant literature, we will discuss issues including translation and comparative studies, ""history"" writing and forming, literary genre and media, gender boundary and transgression, national and trans-national",https://bulletin.columbia.edu/columbia-college/departments-instruction/east-asian-languages-cultures/
N/A,EAAS GU4412 History of Writing in a Cosmopolitan East Asia. .,N/A,N/A,N/A,N/A,N/A,3 points,N/A,,https://bulletin.columbia.edu/columbia-college/departments-instruction/east-asian-languages-cultures/
N/A,"EAAS GU4425 Women, Body, and Borders in Japanese Literature and Culture. .",N/A,N/A,N/A,N/A,N/A,4.00 points,N/A,"The aim of this course is to examine the interrelated concepts of body, borders, gender construction, and sexuality as expressed in Japanese literature, religion, and culture from the premodern period to the present. We will use a variety of media including oral literature, narrative fiction, noh play, early modern comic literature, novel, film, and anime",https://bulletin.columbia.edu/columbia-college/departments-instruction/east-asian-languages-cultures/
N/A,EAAS GU4445 Proletarian Asia - working-class culture from 1930s to present. .,N/A,N/A,N/A,N/A,N/A,4.00 points,N/A,"From Bong Joon-ho’s runaway success Parasite, to manga adaptations of Kobayashi Takiji’s novel The Crab Cannery Ship, to the proliferation of Chinese migrant worker poetry, recent developments in the cultural landscape of East Asia have seen a renewed concern with the plight of workers and other sections of the oppressed under conditions of late capitalism. This course offers students the opportunity to situate these developments within an extended historical trajectory as the basis on which to think about the relation of radical histories to our present and possible future. It does so by integrating contemporary cultural texts with earlier cultural experiments that arose amidst the political turbulence of the 1930s across a range of locations in East Asia",https://bulletin.columbia.edu/columbia-college/departments-instruction/east-asian-languages-cultures/
N/A,EAAS GU4520 MODERN KOREAN LIT IN TRANSLATN. .,N/A,N/A,N/A,N/A,N/A,3.00 points,N/A,,https://bulletin.columbia.edu/columbia-college/departments-instruction/east-asian-languages-cultures/
N/A,EAAS GU4553 SURVEY OF TIBETAN LITERATURE. .,N/A,N/A,N/A,N/A,N/A,4.00 points,N/A,"Designed for both undergraduate and graduate students, this course introduces Tibetan belles-lettres and vernacular works (all in English translation) spanning from the imperial period to the present day. We will engage in close readings, together with discussion of the genre each text represents and its salience in current Tibetan intellectual discourse. In the final four weeks, we will read landmark works from the post-Mao period, with a view to the negotiation of traditional forms amidst the advent of new literary genres and the economics of cultural production. Questions to address include: How have Tibetan literary forms and content developed throughout history? How has the very concept of ""Tibetan literature"" been conceived? How have Tibetan writers and scholars—past and present—negotiated literary innovation? Each session will consist of a brief lecture followed by discussion. Lectures will incrementally provide students with a general timeline of Tibetan literary and related historical developments, as well as biographical material regarding the authors assigned for that week. Tibetan language students and heritage learners will be offered three optional sessions to read excerpts of selected texts in Tibetan",https://bulletin.columbia.edu/columbia-college/departments-instruction/east-asian-languages-cultures/
N/A,"EAAS GU4558 Tibetan Science - Medicine, Knowledge, and the State on the Roof of the World. .",N/A,N/A,N/A,N/A,N/A,4.00 points,N/A,"This course aims to pose the question of what ‘science’ can be in Tibetan and Himalayan cultures, and to examine these ‘sciences’ in their social, religious, political, transnational, and inter-cultural dimensions. Especially through the field of medicine, it explores the main developments of Tibetan knowledge mostly during the modern era from the 17th century onward, building on both ethnography and primary and secondary written sources. This course pays particular attention to the relation of this knowledge to various states, centralizing institutions, and policies and practices of legitimization, and further to the modernization and globalization of the production, application, and consumption of Tibetan medical knowledge, including during the current Covid-19 pandemic",https://bulletin.columbia.edu/columbia-college/departments-instruction/east-asian-languages-cultures/
N/A,"EAAS GU4615 Tibetan Rivers and Roads: Infrastructure, Environment ＆ Urban Lives. .",N/A,N/A,N/A,N/A,N/A,4.00 points,N/A,"This course examines the transformation of natural environments, rural and urban landscapes on the Tibetan Plateau in the 20th and 21st centuries, with a special emphasis on the material and social lives of rivers, roads and infrastructure. We will draw on primary source readings (in English) and maps, as well as secondary readings in anthropology and human geography, to examine the processes of infrastructure creation, national integration, urbanization and adaptation in the Tibetan regions of China",https://bulletin.columbia.edu/columbia-college/departments-instruction/east-asian-languages-cultures/
N/A,EAAS GU4625 Socialist China in the Western Gaze (1949-1978). .,N/A,N/A,N/A,N/A,N/A,4.00 points,N/A,"This seminar attempts to historicize China’s contemporary cultural diplomacy initiatives by examining the nation’s place in the world from the 1950s to the 1970s. Topics include China’s role in the socialist world of the 1950s and 1960s, global Maoist political movements, socialist China in the imagination of Western intellectuals, Western fascination with Maoist “people’s” science, and controversies over the depiction of China in 1970s European documentary cinema",https://bulletin.columbia.edu/columbia-college/departments-instruction/east-asian-languages-cultures/
N/A,EAAS GU4730 Science and Technology in Chinese Media Cultures. .,N/A,N/A,N/A,N/A,N/A,4.00 points,N/A,"Covering a period from the late 19th century to the present, this class explores how ideas and practices in science and technology have historically entered popular imagination, social organization and political contestation, as they become mediated by various media forms and technologies such as photography, cinema, novels, television, video, internet platforms and data algorithms. In particular, we focus on how science and technology have shaped our understandings of the human body, and impacted on the various bodily experiences, from perception, cognition, to emotion and connection with others in the environment. This class helps students read media artefacts in a historically grounded and conceptually generative way, understanding media artefacts as historically conditioned, yet offering us resources for envisioning the future",https://bulletin.columbia.edu/columbia-college/departments-instruction/east-asian-languages-cultures/
N/A,"EAAS GU4777 A Thousand-Year Old Romance: Reading The Tale of Genji Across the Ages, Media, and Genres. .",N/A,N/A,N/A,N/A,N/A,4.00 points,N/A,"This course presents a synchronous and diachronous exploration of The Tale of Genji, a masterpiece of Japanese literature. During the first half of the course, students will read the entire English translation of the tale, as well as a number of other primary texts from roughly the same time period in order to gain an understanding of the sociohistorical and literary context in which the tale came about, while the second half of the course is devoted to the reception and adaptations of the tale across various media, genres, and time periods, ranging from commentaries, noh plays, traditional paintings and even “fan fiction” to modern novels and manga. The aim of the course is to provide the students with an understanding of The Tale of Genji’s place within the Japanese literary tradition, and the impact it has had and continues to exert on all facets of Japanese culture",https://bulletin.columbia.edu/columbia-college/departments-instruction/east-asian-languages-cultures/
N/A,EAAS GU4810 WOMEN AND LITERARY CULTURE IN JAPAN. .,N/A,N/A,N/A,N/A,N/A,4.00 points,N/A,"Japan has a long tradition of highly sophisticated vernacular literature (poetry, prose fiction, essays and poetic memoirs) by aristocratic court women, particularly from the tenth- and eleventh-century, including The Tale of Genji, often considered the world’s first psychological novel. Writings by women in the early period had a deep impact on subsequent cultural production, and these vernacular writings (as well as the figure of these early women writers) acquired a new, contested significance from the end of the nineteenth century as part of the process of modern nation-building. Gender became a major organizing category in constructing discourse on literature, literary language, and literary modernity, particularly with regard to the novel. This seminar engages in close readings and discussion of selected works from the eleventh-century to twentieth-century Japan with particular attention to the genealogy of women’s writings and changing representations of women, gender, and social relations. Issues include: genre, media, intertextuality, and literary communities; body and sexuality; and in the modern period, the “woman question” and global feminisms as well as authorship and authority. All readings are in English. Original texts will be provided for those who can read in the original",https://bulletin.columbia.edu/columbia-college/departments-instruction/east-asian-languages-cultures/
N/A,EARL GU4023 Women in Buddhism. .,N/A,N/A,N/A,N/A,N/A,4.00 points,N/A,"This course examines a broad array of topics related to the nature of women in Buddhism, both as presented in historical and religious texts as well as in the lives of female Buddhist practitioners. Our aim will be to consider these rules and traditions within the context of their creation as well as their subsequent use. We will also look to the words and examples of women Buddhist practitioners directly, including in modern Western Buddhism",https://bulletin.columbia.edu/columbia-college/departments-instruction/east-asian-languages-cultures/
N/A,EARL GU4120 CHAN/ZEN BUDDHISM. .,N/A,N/A,N/A,N/A,N/A,4.00 points,N/A,"Prerequisites: Some background in East Asian Buddhism, or instructor permission required. Zen has become a household term, but the reality behind this term is not well known. Originating in China around the 6th century C.E. the Chan/Zen tradition became one of the major Buddhist schools and rapidly spread to Korea, Japan, Vietnam (and, to a certain extent, Tibet). This course examines some aspects of this tradition, emphasizing its historical development, its mythological elements, and its multifaceted practice, which has for too long been reduced in the Western mind to meditation",https://bulletin.columbia.edu/columbia-college/departments-instruction/east-asian-languages-cultures/
N/A,EARL GU4310 LIFE WRIT/TIBET BUDDHIST LIT. .,N/A,N/A,N/A,N/A,N/A,4.00 points,N/A,"This course engages the genre of life writing in Tibetan Buddhist culture, addressing the permeable and fluid nature of this important sphere of Tibetan literature. Through Tibetan biographies, hagiographies, and autobiographies, the class will consider questions about how life-writing overlaps with religious doctrine, philosophy, and history. For comparative purposes, we will read life writing from Western (and Japanese or Chinese) authors, for instance accounts of the lives of Christian saints, raising questions about the cultural relativity of what makes up a life's story",https://bulletin.columbia.edu/columbia-college/departments-instruction/east-asian-languages-cultures/
N/A,EARL GU4312 TIBETAN SACRED SPACE(IN COMPARATIVE CONT. .,N/A,N/A,N/A,N/A,N/A,4.00 points,N/A,,https://bulletin.columbia.edu/columbia-college/departments-instruction/east-asian-languages-cultures/
N/A,EARL GU4320 BUDDHISM AND KOREAN CULTURE. .,N/A,N/A,N/A,N/A,N/A,4.00 points,N/A,"Since Buddhism was introduced to Korea 1,600 years ago, the religion has had great impact on almost all aspects of the Korean society, making significant contributions to the distinct development of Korean culture. In this course, we will explore how Buddhism has influenced and interacted with various fields of Korean culture such as art, architecture, literature, philosophy, politics, religions, and popular culture. Buddhist scriptures, written in classical Chinese, with their colorful imaginations, have stimulated the development of Korean literature. Buddhist art, sculpture, and architecture have also catalyzed the Korean counterparts to bloom. The sophisticated philosophy and worldview of Buddhism, along with its diverse religious practices and rituals have added richness to the spiritual life of Korean people. Buddhism also attracted a significant number of followers, often playing important roles in politics. Throughout the course, we will not only investigate the influence of Buddhism on diverse aspects of Korean culture on their forms and at their depths, but also examine the interactions between Buddhism and other religions, as well as politics. Students will learn how Korean people have formed and reformed Korean culture through the medium of Buddhism",https://bulletin.columbia.edu/columbia-college/departments-instruction/east-asian-languages-cultures/
N/A,EARL GU4410 TIBETAN MONASTIC INSTITUTIONS. .,N/A,N/A,N/A,N/A,N/A,4.00 points,N/A,"Through interdisciplinary theoretical approaches (mostly in the fields of religion, anthropology, and history), this course examines THE key institution in Tibetan culture, namely monasteries. We will address the monastery from many different angles, from the physical infrastructure and soteriological justification to its governing documents as well as economic and educational roles",https://bulletin.columbia.edu/columbia-college/departments-instruction/east-asian-languages-cultures/
N/A,HSEA UN3320 Making in Premodern Japan. .,N/A,N/A,N/A,N/A,N/A,4.00 points,N/A,"This course introduces students to the world of artisans and makers in premodern Japan from the seventh to the nineteenth century. Broadly, this course is divided into two sections. The first section situates makers within their historical contexts, from the ritsuryō state of ancient Japan to the early modern Tokugawa regime, in order to introduce students to the forms of labor artisans engaged in over the course of premodern history, including corvée labor, guild labor, and free market labor. The second section of the course takes a more thematic approach rooted in fundamental frameworks and ideas in material culture and craft studies. Each week, we will dig into a particular theme or problem, such as embodied knowledge or social marginalization, and think through the ways in which these themes materialized in the specific historical contexts we covered in the first half of the semester",https://bulletin.columbia.edu/columbia-college/departments-instruction/east-asian-languages-cultures/
N/A,HSEA UN3642 Peripheries of the Sinitic World through History. .,N/A,N/A,N/A,N/A,N/A,3.00 points,N/A,"This course surveys the southern and western peripheries of the political entities we today call China from the turn of the 1st millennium CE to the early 20th century. It does so primarily through translations of primary sources - travelogues and geographies- up to the 16th century, at which point it turns its attention to recently published monographs of varying breadth that can cover more ground, given the sheer number of available primary sources from that time on. No prerequisites but Introduction to East Asian Civilizations: Tibet, China, or Vietnam is recommended",https://bulletin.columbia.edu/columbia-college/departments-instruction/east-asian-languages-cultures/
N/A,HSEA UN3773 Music in Premodern China. .,N/A,N/A,N/A,N/A,N/A,3.00 points,N/A,"What did “music” (yue, 樂) mean in premodern China, and what was it like? What socio-cultural functions did it serve, and what values and priorities were reflected in different musical traditions? Seeking answers to these and other questions, this course surveys the history of music and its makers in premodern China, drawing from primary source texts (in translation), extant music scores, secondary scholarship, and hands-on demonstrations, to better understand and appreciate historically and culturally significant musical traditions of premodern China, and their enduring influence on traditional Chinese music in the modern world",https://bulletin.columbia.edu/columbia-college/departments-instruction/east-asian-languages-cultures/
N/A,HSEA UN3871 MODERN JAPAN: IMAGES ＆ WORDS. .,N/A,N/A,N/A,N/A,N/A,3.00 points,N/A,"This course relies primarily on visual materials to familiarize students with the history of Japan from the beginning of the nineteenth century through the present. It follows a chronological order, introducing students to various realms of Japanese visual culture—from woodblock prints to film, anime, and manga—along with the historical contexts that they were shaped by, and in turn helped shape. Special attention will paid to the visual technologies of nation-building, war, and empire; to historical interactions between Japanese and Euro-American visual culture; to the operations of still versus moving images; and to the mass production of visual commodities for the global marketplace. Students who take the course will emerge not only with a better understanding of Japan’s modern historical experience, but also with a more discerning eye for the ways that images convey meaning and offer access to the past",https://bulletin.columbia.edu/columbia-college/departments-instruction/east-asian-languages-cultures/
N/A,HSEA GU4220 ISLAM IN CHINA AND INNER ASIA. .,N/A,N/A,N/A,N/A,N/A,4.00 points,N/A,"This seminar surveys the history of Islam, both in the Chinese interior and neighboring Inner Asia (primarily Xinjiang), from its arrival to the present day. Beginning with the first legendary accounts of migration from the Middle East to China, we trace the growth of an identifiable Muslimcommunity in the age of the Mongol empire, then look at Ming China’s interactions with the Islamic world, the Qing expansion into Inner Asia, and conclude by discussing modernist and nationalist trends of the twentieth-century",https://bulletin.columbia.edu/columbia-college/departments-instruction/east-asian-languages-cultures/
N/A,HSEA GU4218 Toward an intellectual history of Vietnam in the 20th century. .,N/A,N/A,N/A,N/A,N/A,3.00 points,N/A,"This course traces the transformation of Vietnamese intellectual activity in the 20th century across a number of major social and political changes, from colonialism to socialism. It considers the circulation of ideas, religion, and cultural productions in shaping intellectual thought and Vietnamese history on a larger scale",https://bulletin.columbia.edu/columbia-college/departments-instruction/east-asian-languages-cultures/
N/A,HSEA GU4720 20TH CENTURY TIBETAN HISTORY. .,N/A,N/A,N/A,N/A,N/A,4.00 points,N/A,,https://bulletin.columbia.edu/columbia-college/departments-instruction/east-asian-languages-cultures/
N/A,HSEA GU4815 Faith and Empire: Art and Politics in Tibetan Buddhism. .,N/A,N/A,N/A,N/A,N/A,4.00 points,N/A,"Tibetan Buddhism offered a divine means of power and legitimacy to rule in Inner Asia and China. This class will explore the intersection of politics, religion and art in Tibetan Buddhism. Images were one of the primary means of political propagation, integral to magical tantric rites, and embodiments of power",https://bulletin.columbia.edu/columbia-college/departments-instruction/east-asian-languages-cultures/
N/A,HSEA GU4881 History of Modern China II. .,N/A,N/A,N/A,N/A,N/A,3 points,N/A,,https://bulletin.columbia.edu/columbia-college/departments-instruction/east-asian-languages-cultures/
N/A,HSEA GU4888 WOMEN & GENDER IN KOREAN. .,N/A,N/A,N/A,N/A,N/A,4 points,N/A,,https://bulletin.columbia.edu/columbia-college/departments-instruction/east-asian-languages-cultures/
N/A,CHNS UN1115 Accelerated First Year Chinese (W). .,N/A,N/A,N/A,N/A,N/A,5.00 points,N/A,Accelerated First Year Chinese is an introductory course for heritage Chinese language learners who have native or near-native speaking skills but have little or no knowledge of scripts system of Chinese. Students with an upbringing or long-term exposure to oral Chinese language use can take this course to develop their literacy skills and to gain a deeper understanding of the Chinese culture,https://bulletin.columbia.edu/columbia-college/departments-instruction/east-asian-languages-cultures/
N/A,CHNS GU4014 MEDIA CHINESE. .,N/A,N/A,N/A,N/A,N/A,4.00 points,N/A,"Prerequisites: at least 3 years of intensive Chinese language training at college level and the instructor's permission. This advanced course is designed to specifically train students' listening and speaking skills in both formal and colloquial language through various Chinese media sources. Students view and discuss excerpts of Chinese TV news broadcasts, soap operas, and movie segments on a regular basis. Close reading of newspaper and internet articles and blogs supplements the training of verbal skills",https://bulletin.columbia.edu/columbia-college/departments-instruction/east-asian-languages-cultures/
N/A,CHNS GU4105 Advanced Chinese Conversation and Composition. .,N/A,N/A,N/A,N/A,N/A,4.00 points,N/A,"This course targets the development of productive skills. Course materials and homework assignments focus on helping students improve their abilities in describing people, places and objects, narrating events, stating opinions, and summarizing oral or written texts. The course culminates in a research project, for which students will investigage a problem related to one of the course topics",https://bulletin.columbia.edu/columbia-college/departments-instruction/east-asian-languages-cultures/
N/A,CHNS GU4904 ACQ OF CHINESE AS A 2ND LANG. .,N/A,N/A,N/A,N/A,N/A,4.00 points,N/A,"For more than forty years, second language acquisition (SLA) has been emerging as an independent field of inquiry with its own research agenda and theoretical paradigms. The study of SLA is inherently interdisciplinary, as it draws on scholarship from the fields of linguistics, psychology, education, and sociology. This course explores how Chinese is acquired by non-native speakers. Students will learn about general phenomena and patterns during the process of acquiring a new language. They will become familiar with important core concepts, theoretical frameworks, and research practices of the field of SLA, with Chinese as the linguistic focus",https://bulletin.columbia.edu/columbia-college/departments-instruction/east-asian-languages-cultures/
N/A,JPNS UN3401 JAPANESE POP CULTURE. .,N/A,N/A,N/A,N/A,N/A,2 points,N/A,,https://bulletin.columbia.edu/columbia-college/departments-instruction/east-asian-languages-cultures/
N/A,JPNS UN3402 JAPANESE POP CULTURE II. .,N/A,N/A,N/A,N/A,N/A,2.50 points,N/A,"This Japanese language course examines various aspects of Japanese pop culture including, but not limited to anime, pop idols, music, and otaku. This is a Third Year Japanese Level course and will be conducted entirely in Japanese",https://bulletin.columbia.edu/columbia-college/departments-instruction/east-asian-languages-cultures/
N/A,JPNS GU4007 INTRO TO CLASSICAL JAPANESE I. .,N/A,N/A,N/A,N/A,N/A,3.00 points,N/A,Prerequisites: JPNS C1202 or the equivalent. Introduction to the fundamentals of classical Japanese grammar. Trains students to read Japanese historical and literary texts from the early period up to the 20th century,https://bulletin.columbia.edu/columbia-college/departments-instruction/east-asian-languages-cultures/
N/A,JPNS GU4012 Fourth Year Business Japanese I. .,N/A,N/A,N/A,N/A,N/A,4 points,N/A,,https://bulletin.columbia.edu/columbia-college/departments-instruction/east-asian-languages-cultures/
N/A,VIET UN3101 THIRD YEAR VIETNAMESE I. .,N/A,N/A,N/A,N/A,N/A,3.00 points,N/A,"Prerequisites: VIET UN1101 and VIET UN1102 and VIET UN2101 and VIET UN2102 and
This course is designed for students who have completed fourth semester Vietnamese or have equivalent background of intermediate Vietnamese. The course is aimed at enhancing students' competence in reading and listening comprehension as well as the ability to present or show their knowledge of the language and various aspects of Vietnamese with the use of more advanced Vietnamese",https://bulletin.columbia.edu/columbia-college/departments-instruction/east-asian-languages-cultures/
N/A,ECON UN3901 ECONOMICS OF EDUCATION. .,N/A,N/A,N/A,N/A,N/A,3.00 points,N/A,"Prerequisites: (ECON UN3211 and ECON UN3213 and ECON UN3412)
Prerequisites: (ECON UN3211 and ECON UN3213 and ECON UN3412) Course objective: This course has two objectives: (1) To develop students' skills in research and writing. Specifically, participants will work on: formulating a research question, placing it in the context of an existing literature and/or policy area, and using economic and econometric tools to address it in writing. Specifically, in the first part of the class, readings, problem sets, and a midterm exam will build skills in these areas. In the second part, students will come up with a research question, and address it in a research proposal/report. While all the applications will be on the economics of education, these skills will be useful in students' subsequent careers,regardless of the area of economics they focus on. (2) To provide an introduction to key issues in the economics of education. Specifically, education is a signicant industryevery person entering this course will have already spent years in this industry as a customer, as a worker, as an input, or all of the above. The course will address questions like: What does economics have to say about how this industry is organized and what determines its output? Why do individuals invest in education? What determines the behavior, productivity, and reputation of rms in the industry? What role should government and public policy (if any) play in its operation?",https://bulletin.columbia.edu/columbia-college/departments-instruction/economics/
N/A,ECON UN3952 MACROECONOMICS＆FORMATION OF EXPECTATIONS. .,N/A,N/A,N/A,N/A,N/A,3.00 points,N/A,"Prerequisites: ECON UN3211 and ECON UN3213 and ECON UN3412
Prerequisites: ECON UN3211 and ECON UN3213 and ECON UN3412 This course has two main objectives: To introduce students to the process of writing a research paper. This includes identifying and formulating a research question, reviewing the previous literature and positioning the problem in that context, identifying the proper tools and data to answer the question, and finally writing the findings in the format of a research paper. An immediate goal is to prepare the students to undertake a senior thesis project. To provide an introduction to selected topics and survey evidence in macroeconomics, with a focus on the expectation formation process of economic agents. We will start by going through some canonical models that are widely used for economic and policy analysis to understand the role of expectations in the decision making of households and firms. We will then go through a series of survey data and relate the empirical evidence to the theoretical predictions of those canonical models",https://bulletin.columbia.edu/columbia-college/departments-instruction/economics/
N/A,ECON UN3981 APPLIED ECONOMETRICS. .,N/A,N/A,N/A,N/A,N/A,3.00 points,N/A,Prerequisites: ECON UN3211 and ECON UN3213 and ECON UN3412,https://bulletin.columbia.edu/columbia-college/departments-instruction/economics/
N/A,ECON GU4230 ECONOMICS OF NEW YORK CITY. .,N/A,N/A,N/A,N/A,N/A,3.00 points,N/A,"Prerequisites: ECON UN3211 and ECON UN3213 and STAT UN1201 ECON W3211, W3213 and STAT 1201.
Prerequisites: ECON UN3211 and ECON UN3213 and STAT UN1201 This course takes New York as our laboratory. Economics is about individual choice subject to constraints and the ways that choices sum up to something often much more than the parts. The fundamental feature of any city is the combination of those forces that bring people together and those that push them apart. Thus both physical and social space will be central to our discussions. The underlying theoretical and empirical analysis will touch on spatial aspects of urban economics, regional, and even international economics. We will aim to see these features in New York City taken as a whole, as well as in specific neighborhoods of the city. We will match these theoretical and empirical analyses with readings that reflect close observation of specific subjects. The close observation is meant to inspire you to probe deeply into a topic in order that the tools and approaches of economics may illuminate these issues in a fresh way",https://bulletin.columbia.edu/columbia-college/departments-instruction/economics/
N/A,ECON GU4438 ECONOMICS OF RACE IN THE U.S.. .,N/A,N/A,N/A,N/A,N/A,3.00 points,N/A,"Prerequisites: ECON UN3211 and ECON UN3213
Prerequisites: ECON UN3211 and ECON UN3213 ECON GU4400 is strongly recommended. What differences does race make in the U.S. economy? Why does it make these differences? Are these differences things we should be concerned about? If so, what should be done? The course examines labor markets, housing markets, capital markets, crime, education, and the links among these markets. Both empirical and theoretical contributions are studied",https://bulletin.columbia.edu/columbia-college/departments-instruction/economics/
N/A,ECON GU4480 GENDER ＆ APPLIED ECONOMICS. .,N/A,N/A,N/A,N/A,N/A,3.00 points,N/A,"Prerequisites: ECON UN3211 and ECON UN3213 ECON W3211, W3213.
Prerequisites: ECON UN3211 and ECON UN3213 This course studies gender gaps, their extent, determinants and consequences. The focus will be on the allocation of rights in different cultures and over time, why women's rights have typically been more limited and why most societies have traditionally favored males in the allocation of resources",https://bulletin.columbia.edu/columbia-college/departments-instruction/economics/
N/A,ECON GU4505 INTERNATIONAL MACROECONOMICS. .,N/A,N/A,N/A,N/A,N/A,3.00 points,N/A,"Prerequisites: ECON UN3211 and ECON UN3213 ECON W3211 and W3213.
Prerequisites: ECON UN3211 and ECON UN3213. ECON GU4505 is an elective in the economics major. The course develops models for the analysis of the determinants of international capital flows, trade imbalances, and exchange rates. The models are then used as the basis for the discussion of topics such as Global Imbalances, Uncertainty and the Current Account, The Global Saving Glut, Purchasing Power Parity, Sudden Stops, Real Exchange Rates and Productivity, Covered Interest Rate Parity, Uncovered Interest Rate Parity, Borrowing Externalities and Optimal Capital Controls, Overborrowing, Macroeconomic Adjustment under Flexible and Fixed Exchange Rates, Twin Deficits, and Balance of Payment Crises",https://bulletin.columbia.edu/columbia-college/departments-instruction/economics/
N/A,ECON GU4615 LAW AND ECONOMICS. .,N/A,N/A,N/A,N/A,N/A,3.00 points,N/A,,https://bulletin.columbia.edu/columbia-college/departments-instruction/economics/
N/A,ECON GU4700 FINANCIAL CRISES. .,N/A,N/A,N/A,N/A,N/A,3.00 points,N/A,"Prerequisites: ECON UN3211 and ECON UN3213 and STAT UN1201 ECON W3211, W3213 and STAT 1201.",https://bulletin.columbia.edu/columbia-college/departments-instruction/economics/
N/A,ECON GU4850 COGNITIVE MECH ＆ ECON BEHAVIOR. .,N/A,N/A,N/A,N/A,N/A,4.00 points,N/A,"Prerequisites: ECON UN3211 and ECON UN3213 and STAT UN1201 ECON W3211, W3213; STAT 1201.
Prerequisites: ECON UN3211 and ECON UN3213 and STAT UN1201 Standard economic theory seeks to explain human behavior (especially in economic settings, such as markets) in terms of rational choice, which means that the choices that are made can be predicted on the basis of what would best serve some coherent objective, under an objectively correct understanding of the predictable consequences of alternative actions. Observed behavior often seems difficult to reconcile with a strong form of this theory, even if incentives clearly have some influence on behavior; and the course will discuss empirical evidence (both from laboratory experiments and observations in the field) for some well-established anomalies. But beyond simply cataloguing anomalies for the standard theory, the course will consider the extent to which departures from a strong version of rational choice theory can be understood as reflecting cognitive processes that are also evident in other domains such as sensory perception; examples from visual perception will receive particular attention. And in addition to describing what is known about how the underlying mechanisms work (something that is understood in more detail in sensory contexts than in the case of value-based decision making), the course will consider the extent to which such mechanisms --- while suboptimal from a normative standpoint that treats perfect knowledge of one's situation as costless and automatic --- might actually represent efficient uses of the limited information and bounded information-processing resources available to actual people (or other organisms). Thus the course will consider both ways in which the realism of economic analysis may be improved by taking into account cognitive processes, and ways in which understanding of cognitive processes might be advanced by considering the economic problem of efficient use of limited (cognitive) resources",https://bulletin.columbia.edu/columbia-college/departments-instruction/economics/
N/A,ECON UN2029 FED CHALLENGE WORKSHOP. .,N/A,N/A,N/A,N/A,N/A,1.00 point,N/A,"Prerequisites: (ECON UN1105) ECON W1105.
Prerequisites: (ECON UN1105) The workshop prepares students to compete in the annual College Fed Challenge sponsored by the Federal Reserve. Topics covered include macroeconomic and financial conditions, monetary policy, financial stability and the Federal Reserve System",https://bulletin.columbia.edu/columbia-college/departments-instruction/economics/
N/A,ECON GU4998 SUPERVISED INDEPENDENT STUDY. .,N/A,N/A,N/A,N/A,N/A,1.00-4.00 points,N/A,Prerequisites: the director of undergraduate studies permission,https://bulletin.columbia.edu/columbia-college/departments-instruction/economics/
N/A,EDUC BC3032 INVESTIGATING THE PURPOSES AND AIMS OF EDUCATION POLICY. .,N/A,N/A,N/A,N/A,N/A,4.00 points,N/A,"Prerequisites: the instructor's permission. Open to all students, preference given to Urban Teaching, Ed Studies and Urban Studies. Enrollment limited to 15 students for each section.
Prerequisites: the instructors permission. Course enrollment will be determined after the first class meeting. Open to all students; preference given to Urban Teaching, Education Studies, and Urban Studies students. This course explores a broad continuum of educational policies, with a critical eye toward the impact these policies have on promoting equity and justice. Because no one course can do everything, our focus will be on educational policy in the United States. However, a major research assignment will be for you to do a critical analysis of one of these policies in the context of another country",https://bulletin.columbia.edu/columbia-college/departments-instruction/education/
N/A,EDUC BC3058 SCIENCE IN THE CITY II. .,N/A,N/A,N/A,N/A,N/A,4.00 points,N/A,"Prerequisites: the instructors permission. Open to Non-science majors, pre-service elementary students, and first-year students. Students investigate the science of learning, the Next Generation Science Standards, scientific inquiry and engineering design practices, and strategies to include families in fostering student achievement and persistence in science. Fieldwork required. Note: Students in the Childhood Urban Teaching Program may use this course as a pedagogical elective",https://bulletin.columbia.edu/columbia-college/departments-instruction/education/
N/A,EDUC BC3061 ASSESSMENT OF TEACHING. .,N/A,N/A,N/A,N/A,N/A,3.00 points,N/A,,https://bulletin.columbia.edu/columbia-college/departments-instruction/education/
N/A,EDUC BC3250 EDUCATION IN A POLARIZED AND UNEQUAL SOCIETY. .,N/A,N/A,N/A,N/A,N/A,4.00 points,N/A,"The rise in political polarization and social inequality over the past few decades has challenged the ideals that public schools were founded on nearly two centuries ago. In the past few years, we have witnessed a surge in homophobic, racist, misogynist, and xenophobic rhetoric in our society and our schools. At the same time, teachers in classrooms across this country have been engaged in the difficult work of challenging oppression and injustice in their schools, communities, and nation. These teachers know that the future of our democracy is at stake. Using a historical and sociological framework, this course examines the past and present conditions that have led to political polarization, escalating inequality, and persistent injustice. It seeks to examine the lineage of racism, sexism, nativism, and imperialism on our nation and its schools and to consider the extent to which these challenges are uniquely American or part of a more global phenomenon. It offers an introduction to the deep current of American social, political, and economic culture that many argue has produced the challenges that our nation faces today: personal and political gain marred by intolerance, derived from wealth, and rooted in the history of segregation, sexism, and exploitation. Instead of seeing these challenges as separate entities, the course acknowledges the intersectional nature of power and politics. Students will consider how these conditions affect their roles as educators and the lives of the youth and families in their schools and communities. They will leave the course with a deeper appreciation and understanding of the historical and sociological antecedents that have contributed to polarization, inequity, and injustice around the globe",https://bulletin.columbia.edu/columbia-college/departments-instruction/education/
N/A,PHIL UN2100 Philosophy of Education. .,N/A,N/A,N/A,N/A,N/A,3 points,N/A,,https://bulletin.columbia.edu/columbia-college/departments-instruction/education/
N/A,PSYC BC2134 Educational Psychology. .,N/A,N/A,N/A,N/A,N/A,3 points,N/A,Prerequisites: BC1001 or permission of the instructor.,https://bulletin.columbia.edu/columbia-college/departments-instruction/education/
N/A,ENGL UN2091 Introduction to Old English. .,N/A,N/A,N/A,N/A,N/A,3.00 points,N/A,ENGL GU4091 Introduction to Old English will be renumbered to ENGL UN2091 with a graduate section added to ENGL GR6998,https://bulletin.columbia.edu/columbia-college/departments-instruction/english-comparative-literature/
N/A,ENGL UN2791 Mysticism and Medieval Drama. .,N/A,N/A,N/A,N/A,N/A,3.00 points,N/A,ENGL GU4791 Mysticism and Medieval Drama will be renumbered to ENGL UN2791 with a graduate section added to ENGL GR6998,https://bulletin.columbia.edu/columbia-college/departments-instruction/english-comparative-literature/
N/A,ENGL UN2100 Drama Before Shakespeare. .,N/A,N/A,N/A,N/A,N/A,3.00 points,N/A,"This lecture course focuses on the many different forms of drama that emerged in England in the decades before William Shakespeare started writing. The drama of sixteenth-century England found its stages in a bewildering variety of venues: the city streets, boys’ grammar schools, the universities of Oxford and Cambridge, the Inns of Court, the royal court, civic halls, private households, and inns. This course will introduce students to a range of plays in all genres (tragedies, comedy, history), and use these plays to explore aspects of Elizabeth theatre, including the playhouses, companies, repertory, playwriting, and the printing of plays. No knowledge of Shakespeare’s plays is required",https://bulletin.columbia.edu/columbia-college/departments-instruction/english-comparative-literature/
N/A,ENGL GU4462 Gender and Resistance in Early Modern Literature. .,N/A,N/A,N/A,N/A,N/A,4.00 points,N/A,"This class will focus on early modern literature’s fascination with the relationship between women, gender, and political resistance in the early modern period. The works we will read together engage many of the key political analogies of the period, including those between the household and the state, the marital and the social contract, and rape and tyranny. These texts also present multiple forms of resistance to gendered repression and subordination, and reimagine sexual, social, and political relationships in new and creative ways. Readings will include key classical and biblical intertexts, witchcraft and murder pamphlets, domestic conduct books, defenses of women, poetry (by William Shakespeare, Aemilia Lanyer and Lucy Hutchinson), drama (Othello, The Winter’s Tale, and Gallathea), and fiction (by Margaret Cavendish). The class will also include visits to The Morgan Library, Columbia’s Rare Book and Manuscript Library, and The Metropolitan Museum of Art",https://bulletin.columbia.edu/columbia-college/departments-instruction/english-comparative-literature/
N/A,ENGL UN2802 History of English Novel II. .,N/A,N/A,N/A,N/A,N/A,3.00 points,N/A,ENGL GU4802 History of English Novel II will be renumbered to ENGL UN2802 with a graduate section added to ENGL GR6998,https://bulletin.columbia.edu/columbia-college/departments-instruction/english-comparative-literature/
N/A,ENGL UN3994 ROMANTICISM ＆ FREEDOM. .,N/A,N/A,N/A,N/A,N/A,4.00 points,N/A,"“Freedom” was perhaps the central watchword of Romantic-era Britain, yet this concept remains notoriously difficult to pin down. Taking a cue from the sociologist and historian Orlando Patterson, who writes that “freedom is one those of values better experienced than defined,” this seminar will explore the variegated experiences of freedom and its opposites in the literature of British Romanticism. Romanticism unfolds alongside major revolutions in America, France, and Haiti, and we will begin by examining how the differing conceptions of freedom offered in the wake of these revolutions and their receptions galvanized writers and thinkers in Britain. From here, we will probe the expressions, possibilities, implications, and limits of freedom as outlined in various domains: political, individual, aesthetic, economic, philosophical, religious, and beyond. In situating Romanticism alongside developments like revolution, the rise of globalization, and the Atlantic slave trade, we will be particularly interested in confronting how the explosion of claims to freedom in this period emerges together with and in response to the proliferation of enslaved, colonized, and otherwise constrained or hindered bodies. As we read poems, novels, slave narratives, philosophical essays, political tracts and documents, and more, a fundamental question for the course will concern the relation between binary terms: to what extent, and how, do notions of freedom in Romanticism depend on the necessary exclusion of the unfree? Since the Romantic age sees the birth of concepts of freedom still prevalent in our own day, this course will offer an opportunity to reflect critically on the present. To that end, we will take up some contemporary theoretical analyses and critiques of freedom, both directly in relation to Romanticism and reaching beyond",https://bulletin.columbia.edu/columbia-college/departments-instruction/english-comparative-literature/
N/A,ENGL GU4614 Ralph Ellison. .,N/A,N/A,N/A,N/A,N/A,4.00 points,N/A,"In this seminar we will read virtually everything by Ralph Ellison—leaving aside for now the posthumous “novel” published as Three Days Before the Shooting. We will concentrate on this writer’s highly influential insights and perspectives as an essayist, short story writer, and novelist. We also will investigate his recently discovered work as a photographer, and his uses of “photographic imagery” in his writing. Above all we will delve deeply into his aesthetic values as well as his political philosophy or--to use a keystone Ellisonian word--his stances. As we read Ellison’s fiction and nonfiction (and look at his photographs), let us be watchful for Ellison’s positions on current cultural/critical questions: parody and pastiche; sound technologies and art (musical and literary); “planned dislocations of the senses”; the importance of place—region, city or country, nation; internationality; complex definitions of individuality and community; race; vernacular art and culture; and the role of the politically engaged artist. How to track a line from Ellison’s early Marxism to his later more centrist political positions? What do today’s readers make of his strong American nationalism? How have political conservatives made use of Ellison? Beyond “stances,” what are the key terms for unpacking the world according to Ellison?",https://bulletin.columbia.edu/columbia-college/departments-instruction/english-comparative-literature/
N/A,ENGL UN3241 African American Literature: The Essay. .,N/A,N/A,N/A,N/A,N/A,4 points,N/A,,https://bulletin.columbia.edu/columbia-college/departments-instruction/english-comparative-literature/
N/A,ENGL UN2826 American Modernism. .,N/A,N/A,N/A,N/A,N/A,3.00 points,N/A,"This course approaches modernism as the varied literary responses to the cultural, technological, and political conditions of modernity in the United States. The historical period from the turn of the century to the onset of World War II forms a backdrop for consideration of such authors as Getrude Stein, Willa Cather, Jean Toomer, Zora Neale Hurston, Ernest Hemingway, Ezra Pound, T.S. Eliot, Marianne Moore, F. Scott Fitzgerald, and Djuna Barnes. Assigned readings will cover a range of genres, including novels, poetry, short stories, and contemporary essays",https://bulletin.columbia.edu/columbia-college/departments-instruction/english-comparative-literature/
N/A,CLEN UN2742 World Fiction Since 1965. .,N/A,N/A,N/A,N/A,N/A,3.00 points,N/A,"In the period since 1965, fiction has become global in a new sense and with a new intensity. Writers from different national traditions have been avidly reading each other, wherever they happen to come from, and they often resist national and regional labels altogether. If you ask the Somali writer Nuruddin Farah whether the precocious child of Maps was inspired by Salman Rushdie´s Midnight´s Children, he will answer (at least he did when I asked him) that he and Rushdie both were inspired by Sterne´s Tristram Shandy and Grass´s The Tin Drum. At the same time, the human experiences around which novelists organize their fiction are often themselves global, explicitly and powerfully but also mysteriously. Our critical language is in some ways just trying to catch up with innovative modes of storytelling that attempt to be responsible to the global scale of interconnectedness on which, as we only rarely manage to realize, we all live. Authors will include some of the following: Gabriel Garcia Márquez, Jamaica Kincaid, W.G. Sebald, Elena Ferrante, and Zadie Smith",https://bulletin.columbia.edu/columbia-college/departments-instruction/english-comparative-literature/
N/A,CLEN GU4199 LITERATURE AND OIL. .,N/A,N/A,N/A,N/A,N/A,3.00 points,N/A,,https://bulletin.columbia.edu/columbia-college/departments-instruction/english-comparative-literature/
N/A,ENGL UN3712 HENRY JAMES AND EDITH WHARTON. .,N/A,N/A,N/A,N/A,N/A,4.00 points,N/A,,https://bulletin.columbia.edu/columbia-college/departments-instruction/english-comparative-literature/
N/A,ENGL UN3628 FAULKNER. .,N/A,N/A,N/A,N/A,N/A,4.00 points,N/A,"In this course, we’ll be studying novels, stories, and screenplays from the major phase of William Faulkner’s career, from 1929 to 1946. Our primary topic will be Faulkner’s vision of American history, and especially of American racial history: we’ll be asking what his fictions have to say about the antebellum/“New” South; the Civil War and Reconstruction; the issues of slavery, emancipation, and civil rights; and the many ways in which the conflicts and traumas of the American past continue to shape and burden the American present. But we’ll consider other aspects of Faulkner’s work, too: his contributions to modernist aesthetics, his investigations of psychology and subjectivity, his exploration of class and gender dynamics, his depiction of the natural world, and his understanding of the relationship between literature and the popular arts",https://bulletin.columbia.edu/columbia-college/departments-instruction/english-comparative-literature/
N/A,ENGL UN3726 Virginia Woolf. .,N/A,N/A,N/A,N/A,N/A,4 points,N/A,,https://bulletin.columbia.edu/columbia-college/departments-instruction/english-comparative-literature/
N/A,"ENGL UN3351 FAMILY FICTIONS: MEMOIR, FILM AND THE NOVEL. .",N/A,N/A,N/A,N/A,N/A,4.00 points,N/A,"This course will explore cinematic, novelistic and memoirist renderings of “family cultures,” family feeling, the family as narrative configuration, and home as a utopian/dystopian and oneiric space. Explorations of memory, imagination and childhood make-believe will interface with readings in psychoanalysis and in the social history of this polymorphous institution. A central goal of the course is to help each of you toward written work that is distinguished, vital and has urgency for you. Authors will include Gaston Bachelard, Alison Bechdel, Jessica Benjamin, Sarah M. Broom, Lucille Clifton, Vivian Gornick, Lorraine Hansberry, Maggie Nelson and D.W. Winnicott; and films by Sean Baker, Ingmar Bergman, Alfonso Cuaron, Greta Gerwig, Lance Hammer, Barry Jenkins, Elia Kazan, Lucretia Martel, Andrei Zvyagintsev and others",https://bulletin.columbia.edu/columbia-college/departments-instruction/english-comparative-literature/
N/A,ENGL UN3734 American Literature and Corporate Culture. .,N/A,N/A,N/A,N/A,N/A,4 points,N/A,Prerequisites: the instructor's permission.,https://bulletin.columbia.edu/columbia-college/departments-instruction/english-comparative-literature/
N/A,CLEN GU4899 Resistance Literature. .,N/A,N/A,N/A,N/A,N/A,4.00 points,N/A,"This course will explore the historical category of Resistance Literature, its theory and practice, its transnational expansion, and its ongoing relevance today. Originally proposed by Palestinian author and political activist Ghassan Kanafani in 1967, “Resistance Literature” named an activist practice of writing that sought to challenge discriminatory state practices, social policies, power structures and lived injustices, as well as to reshape the ideological frameworks that enabled official political structures of oppression in the institutional forms of colonialism (settler and otherwise), neocolonialism, authoritarianism, apartheid, systemic racisms, ethnonationalisms, gendered exclusions, and religious discrimination. Examining diverse genres such as novels, poetry, plays, memoirs, films, we will analyze the literary and political strategies, motifs, and modes by which authors around the world over the past century have attempted to use their art to resist oppression, to mobilize public opinion, and to advocate for social change. Collectively, we will attempt to identify literary and formal commonalities across these literatures to identify generic characteristics of Resistance Literature that might distinguish it from Literature in general",https://bulletin.columbia.edu/columbia-college/departments-instruction/english-comparative-literature/
N/A,ENGL GU4932 ESSAYISM. .,N/A,N/A,N/A,N/A,N/A,4.00 points,N/A,"In the second decade of the 21 st century there is more critical attention than ever before on the essay as a literary genre and a cultural practice that crosses media, registers, disciplines, and contexts. The concept of “essayism” was redefined by the Robert Musil in his unfinished modernist novel, The Man Without Qualities (1930) from a style of literature to a form of thinking in writing: “For an essay is not the provisional or incidental expression of a conviction that might on a more favourable occasion be elevated to the status of truth or that might just as easily be recognized as error … ; an essay is the unique and unalterable form that a man’s inner life takes in a decisive thought.” In this course will explore how essays can increase readers’ andwriters’ tolerance for the existential tension and uncertainty we experience both within ourselves as well as in the worlds we inhabit. As Cheryl Wall argues, essays also give their practitioners meaningful work to do with their private musings and public concerns in a form that thrives on intellectual as well as formal experimentation. The course is organized to examine how practitioners across media have enacted essayism in their own work and how theorists have continued to explore its aesthetic effects and ethical power",https://bulletin.columbia.edu/columbia-college/departments-instruction/english-comparative-literature/
N/A,ENGL UN3891 INTRO TO CLASSICAL RHETORIC. .,N/A,N/A,N/A,N/A,N/A,4.00 points,N/A,"Prerequisites: the instructor's permission. (Seminar). This course examines rhetorical theory from its roots in ancient Greece and Rome and reanimates the great debates about language that emerged in times of national expansion and cultural upheaval. We will situate the texts of Plato, Isocrates, Aristotle, Cicero, Quintilian, and others in their historical contexts to illuminate ongoing conversations about the role of words and images in the negotiation of persuasion, meaning making, and the formation of the public. In the process, we will discover that the arguments of classical rhetoric play out all around us today. Readings from thinkers like Judith Butler, Richard McKeon, Robert Pirsig, and Bruno Latour echo the ancients in their debates about hate speech regulation, the purpose of higher education, and the ability of the sciences to arrive at truth. We will discover that rhetoricians who are writing during eras of unprecedented expansion of democracies, colonization, and empire have a great deal to say about the workings of language in our globalizing, digitizing age. Application instructions: E-mail Professor Sue Mendelsohn (sem2181@columbia.edu) by April 11 with the subject heading Rhetoric seminar. In your message, include basic information: your name, school, major, year of study, and relevant courses taken, along with a brief statement about why you are interested in taking the course. Admitted students should register for the course; they will automatically be placed on a wait list, from which the instructor will in due course admit them as spaces become available",https://bulletin.columbia.edu/columbia-college/departments-instruction/english-comparative-literature/
N/A,CLEN UN3725 Literary Guides to Living and Dying Well from Plato to Montaigne. .,N/A,N/A,N/A,N/A,N/A,4.00 points,N/A,"Surrounded by friends on the morning of his state-mandated suicide, Socrates invites them to join him in considering the proposition that philosophizing is learning how to die. In dialogues, essays, and letters from antiquity to early modernity, writers have returned to this proposition from Plato’s Phaedo to consider, in turn, what it means for living and dying well. This course will explore some of the most widely read of these works, including by Cicero, Seneca, Jerome, Augustine, Boethius, Petrarch, and Montaigne, with an eye to the continuities and changes in these meanings and their impact on the literary forms that express them. Application instructions: E-mail Prof. Eden (khe1@columbia.edu) with your name, school, major, year of study, and relevant courses taken, along with a brief statement about why you are interested in taking the course. Admitted students should register for the course; they will automatically be placed on a wait list from which the instructor will in due course admit them as spaces become available",https://bulletin.columbia.edu/columbia-college/departments-instruction/english-comparative-literature/
N/A,"CLEN UN3790 Caribbean Radicalisms in New York, 1890-1990. .",N/A,N/A,N/A,N/A,N/A,4.00 points,N/A,"New York City has been closely linked to the Caribbean from at least the seventeenth century. Presently, nearly 25％ of its inhabitants are of Caribbean descent. In addition, according to a 2021 New York City Office of Immigrants report, five of the top countries of origin of the city's new immigrants were born in a Caribbean country: Dominican Republic (421,920, number 1), Jamaica (165,260, number 3), Guyana (136,180, number 4); Trinidad and Tobago (85,680, number 8), and Haiti (78,250, number 9). In addition, Puerto Ricans, who are colonial migrants, number 1.2 million or 9％ of the city’s population. During the late nineteenth and twentieth centuries, New York City was a pivotal space for Caribbean radical praxis understood here as political action and thought shaped by the Caribbean experiences of enslavement, coloniality, and diaspora. These interventions deeply transformed not only New York but multiple other contexts in Latin America, Africa, and Europe, and a broad range of movements including anti-colonial, anti-racist, feminist, and queer. To better understand the impact of Caribbean radical figures and thought in New York and beyond, we will examine texts from a broad range of writers and thinkers, including Jesús Colón, Julia de Burgos, Hubert Harrison, Alexis June Jordan, Audre Lorde, José Martí, Malcolm X, Manuel Ramos Otero, Clemente Soto Vélez, and Arthur Schomburg",https://bulletin.columbia.edu/columbia-college/departments-instruction/english-comparative-literature/
N/A,ENTA UN3708 Reenactment and Performance in 20th ＆ 21st Centuries. .,N/A,N/A,N/A,N/A,N/A,4.00 points,N/A,"Has reenactment, or the practice of “restaging a historical or biographical event” reached an end? While the idea of historically replicating a past event is quite passé, reenactment is everywhere from verbatim theatrical tribunals to biopics. This class will ask critical questions regarding reenactment as a performance act that crosses temporal, cultural, and discipline-specific boundaries and polarities. Investigating reenactment’s dynamics, potentials, and failures, we will examine battle reenactments, international theatrical tribunals, Indigenous performance, visits to nuclear disaster sites, autobiographical performance, and method actors. The final project will give the option of developing a research essay or crafting a creative portfolio. No prerequisites",https://bulletin.columbia.edu/columbia-college/departments-instruction/english-comparative-literature/
N/A,CLEN GU4575 Source Texts of Postcolonial Vision. .,N/A,N/A,N/A,N/A,N/A,4.00 points,N/A,"We will read texts by Memmi, Du Bois, Marguerite Duras and North African feminists to create a gendered and class-sensitive sense of the origins of postcolonial thinking. We will draw a definition of postcolonial hope before the actual emergence of postcolonial nation-states. A 1-page response to the text to be read will be required the previous day. No midterm paper. The final paper will be an oral presentation in a colloquium. ICLS students will be expected to read Memmi in French. No incompletes. Admission by interview. 20％ participation, 20％ papers, 60％ presentation. Seminar Instructions: Interviews will be in August. Email Deeva Gupta dg3242@columbia.edu, Gayatri Chakravorty Spivak gcs4@columbia.edu and Tomi Haxhi th2666@columbia.edu with the subject heading ""Source Texts of Postcolonial Vision."" In your message, include basic information: your name, school, major, year of study, and relevant courses taken, along with a brief statement about why you are interested in taking the course",https://bulletin.columbia.edu/columbia-college/departments-instruction/english-comparative-literature/
N/A,ENGL UN3675 Transpacific Personalities: The Personal Essay and Immigrant History in Asian American Literature. .,N/A,N/A,N/A,N/A,N/A,4.00 points,N/A,"Since the 1974 publication of the first anthology of Asian American writing, Aiiieeeee!, the field of Asian American Studies has been pulled in two different directions, simultaneously trying to articulate a coherent identity of, and place for, Asian American subjects while also articulating this coherence in relation to immigrant labor and history. This introductory course will survey the way this tension, between personal coherence and collective historical experience, formally characterizes Asian American media and literature since the 1970s, in which the form of the personal essay is critically expanded and brought into conflict with the racialized history of Asian American immigrant experience. Beginning with Lisa Lowe’s Immigrant Acts (1994) and Colleen Lye’s America’s Asia (2005), this course will furnish students with an understanding of both the successive exclusion acts applied to different waves of East and Southeast Asian immigration to the United States, as well as the ways these exclusion acts produced, and were produced by, expanding forms of anti-Asian American racism. This framework of economic policy and racial form will then be used as a lens to investigate prominent texts across the Asian American canon (as well as outside of this canon) by authors such as Frank Chin, MaxineHong Kingston, Carlos Bulosan, John Okada, Theresa Cha, Jessica Hagedorn, Wilfrido Nolledo, and Elaine Castillo",https://bulletin.columbia.edu/columbia-college/departments-instruction/english-comparative-literature/
N/A,ENGL UN3477 New Suns: Worlding in Black Speculative Fiction. .,N/A,N/A,N/A,N/A,N/A,4.00 points,N/A,"This course takes Octavia E. Butler’s enigmatic expression, “There’s nothing new under the sun, but there are new suns” as a guide for exploring the politics of Black speculative fiction, science fiction, and fantasy. With literary, sonic, visual, and cinematic examples, including works from Pauline Hopkins, W.E.B. DuBois, Samuel Delany, Wangechi Mutu, Janelle Monae, Sun Ra, Saul Williams, and others, this class considers the contexts of possibility for re/imagining Black pasts, presents and futures. Paying particular attention to how Black speculative fiction creates new worlds, social orders, and entanglements, students will develop readings informed by ecocriticism, science and technology studies, feminist, and queer studies. We will consider the multiple meanings and various uses of speculation and worlding as we encounter and interpret forms of utopian, dystopian, and (post)apocalyptic thinking and practice. No prerequisites",https://bulletin.columbia.edu/columbia-college/departments-instruction/english-comparative-literature/
N/A,ENGL UN3336 SHAKESPEARE II. .,N/A,N/A,N/A,N/A,N/A,3.00 points,N/A,"(Lecture). Shakespeare II examines plays from the second half of Shakespeare’s dramatic career, primarily a selection of his major tragedies and his later comedies (or “romances”)",https://bulletin.columbia.edu/columbia-college/departments-instruction/english-comparative-literature/
N/A,ENGL GU4263 Literature of the 17th C. .,N/A,N/A,N/A,N/A,N/A,3 points,N/A,,https://bulletin.columbia.edu/columbia-college/departments-instruction/english-comparative-literature/
N/A,ENGL UN3262 English Literature 1500-1600. .,N/A,N/A,N/A,N/A,N/A,3 points,N/A,,https://bulletin.columbia.edu/columbia-college/departments-instruction/english-comparative-literature/
N/A,ENGL UN3343 WOMEN IN RENAISSANCE DRAMA CULTRE. .,N/A,N/A,N/A,N/A,N/A,4.00 points,N/A,"Concentrating on the drama of early modern England, this course will investigate a culture of surveillance regarding women’s bodies in the period. We will give special focus to the fear of female infidelity, the theatrical fascination with the woman’s pregnant body, and the cultural desire to confirm and expose women’s chastity. We will read plays in which women are falsely accused of adultery, in various generic contexts (such as William Shakespeare’s Cymbeline and Much Ado About Nothing), along with plays in which women actually commit infidelity (such as the anonymous Arden of Faversham and Thomas Middleton’s A Chaste Maid in Cheapside). Focusing on a different play each week, we will ask: what does it take, ultimately, to believe women about their fidelity? At the same time, what is the effect of being doubted on women themselves? We will also give consideration to the particular resources of dramatic form, paying attention to moments in plays that coerce spectators themselves into mistaken judgments about women. We will supplement our reading of drama with pamphlets, advice literature, poems, church court cases, and ballads, in order to place these plays within a broader and more varied culture of female surveillance in early modern England. Finally, we will work to recover past strategies of liberation from this surveillance in the plays we read, in women’s writing that warns against male betrayal, and in dramatic and historical instances of female cross-dressing",https://bulletin.columbia.edu/columbia-college/departments-instruction/english-comparative-literature/
N/A,ENGL UN3728 American Transcendentalism. .,N/A,N/A,N/A,N/A,N/A,4.00 points,N/A,"The class is an intensive reading of the prose and poetry of Emerson, Thoreau, Whitman and Emily Dickinson. Through detailed analysis of Emerson’s Essays we will try to understand his philosophy as an effort to radically reformulate traditional concepts of identity, thinking, and everyday living, and investigate the politics that guided his philosophical efforts, especially his stance on slavery and his activism against the Cherokee removals. But we will also be interested in his thinking on dreams, visions and mental transports and in order to ask how those experiences come to model his understanding of personal identity and bodily integrity. In Thoreau, we will look closely into ideas about the art of living and his theory of architecture, as well as quotidian practices of dwelling, eating or cooking, as ways to come to terms with one’s own life. We will pay special attention to Thoreau’s understanding of thinking as walking, as well as the question of space vs. time and we will spend a lot of time figuring his theory of living as mourning. With Whitman we will attend to his new poetics and investigate its relation to forms of American Democracy. We will also want to know how the Civil War affected Whitman’s poetics both in terms of its formal strategies and its content. Finally, we will try to understand how ideas and values of transcendentalist philosophy fashion poetry of Emily Dickinson both in its form and its content. We will thus be looking at Dickinson’s famous fascicles but also into such questions as loss, avian and vegetal life and the experience of the embodied more generally",https://bulletin.columbia.edu/columbia-college/departments-instruction/english-comparative-literature/
N/A,ENGL UN3933 Jane Austen. .,N/A,N/A,N/A,N/A,N/A,4.00 points,N/A,"Prerequisites: Permission of instructor.
This seminar offers intensive study of the career of Jane Austen, including important recent criticism. We’ll be especially interested in the relations between narrative form and the social dynamics represented in her fiction. We’ll try to cover all six of the (completed) novels, but we can adjust our pace in response to the interests of seminar members",https://bulletin.columbia.edu/columbia-college/departments-instruction/english-comparative-literature/
N/A,ENGL GU4400 Romanticism. .,N/A,N/A,N/A,N/A,N/A,3.00 points,N/A,"This course is designed as an overview of major texts (in poetry and prose), contexts, and themes in British Romanticism. The movement of Romanticism was born in the ferment of revolution, and developed alongside so many of the familiar features of the modern world—features for which Romanticism provides a vantage point for insight and critique. As we read authors including William Blake, Jane Austen, John Keats, Mary Shelley, and many others, we will situate our discussions around the following key issues: the development of individualism and new formations of community; industrialization and ecology (changes in nature and in the very conception of “nature”); and slavery and abolition",https://bulletin.columbia.edu/columbia-college/departments-instruction/english-comparative-literature/
N/A,CLEN GU4822 19th Century European Novel. .,N/A,N/A,N/A,N/A,N/A,3 points,N/A,,https://bulletin.columbia.edu/columbia-college/departments-instruction/english-comparative-literature/
N/A,ENGL GU4622 AFRICAN AMERICAN LITERATURE II. .,N/A,N/A,N/A,N/A,N/A,3.00 points,N/A,"(Lecture). This survey of African American literature focuses on language, history, and culture. What are the contours of African American literary history? How do race, gender, class, and sexuality intersect within the politics of African American culture? What can we expect to learn from these literary works? Why does our literature matter to student of social change? This lecture course will attempt to provide answers to these questions, as we begin with Zora Neale Hurstons Their Eyes Were Watching God (1937) and Richard Wrights Native Son (1940) and end with Melvin Dixons Loves Instruments (1995) with many stops along the way. We will discuss poetry, fiction, drama, and non-fictional prose. Ohter authors include Ralph Ellison, James Baldwin, Gwendolyn Brooks, Malcom X, Ntzozake Shange, Audre Lorde, and Toni Morrison. There are no prerequisites for this course. The formal assignments are two five-page essays and a final examination. Class participation will be graded",https://bulletin.columbia.edu/columbia-college/departments-instruction/english-comparative-literature/
N/A,ENGL UN3042 Ulysses. .,N/A,N/A,N/A,N/A,N/A,4.00 points,N/A,"The seminar will look at the structure of the novel, its plan, with special attention paid to ‘The Odyssey’, but also to the variations in tone in the book, the parodies and elaborate games becoming more complex as the book proceeds. We will examine a number of Irish texts that are relevant to the making of ‘Ulysses’, including Robert Emmett’s speech from the dock, Yeats’s ‘The Countess Cathleen’ and Lady Gregory translations from Irish folk-tales",https://bulletin.columbia.edu/columbia-college/departments-instruction/english-comparative-literature/
N/A,ENTA UN3970 MAJOR 20TH CENTURY PLAYWRIGHTS. .,N/A,N/A,N/A,N/A,N/A,4.00 points,N/A,"Prerequisites: the instructor's permission.
The course will trace the pattern of the evolving theatrical careers of Henrik Ibsen and Harold Pinter, exploring the nature of and relationships among key features of their emerging aesthetics. Thematic and theatrical exploration involve positioning the plays in the context of the trajectories of modernism and postmodernism and examining, in that context, the emblematic use of stage sets and tableaux; the intense scrutiny of families, friendships, and disruptive intruders; the experiments with temporality, multi-linearity, and split staging; the issues raised by performance and the implied playhouse; and the plays' potential as instruments of cultural intervention. Two papers are required, 5-7 pages and 10-12 pages, with weekly brief responses, and a class presentation. Readings include major plays of both writers and key statements on modernism and postmodernism. Application Instructions: E-mail Professor Austin Quigley (aeq1@columbia.edu) with the subject heading ""Ibsen and Pinter seminar."" In your message, include basic information: your name, school, major, year of study, and relevant courses taken, along with a brief statement about why you are interested in taking the course. Admitted students should register for the course; they will automatically be placed on a wait list from which the instructor will in due course admit them as spaces become available",https://bulletin.columbia.edu/columbia-college/departments-instruction/english-comparative-literature/
N/A,CLEN GU4771 The Literary History of Atrocity. .,N/A,N/A,N/A,N/A,N/A,3.00 points,N/A,"Sometime around the publication of Garcia Marquez’s classic novel One Hundred Years of Solitude in 1967, novelists who wanted to make a claim to ethical and historical seriousness began to include a scene of extreme violence that, like the banana worker massacre in Garcia Marquez, seemed to offer a definitive guide to the moral landscape of the modern world. This course will explore both the modern literature that was inspired by Garcia Marquez’s example and the literature that led up to this extraordinary moment—for example, the literature dealing with the Holocaust, with the dropping of the atomic bomb, with the Japanese invasion of China in the 1930s, and with the Allied bombing of the German cities. It will also ask how extraordinary this moment in fact was, looked at from the perspective of literature as a whole, by inspecting earlier examples of atrocities committed in classical antiquity, in the Crusades, against Native Americans and (in Tolstoy) against the indigenous inhabitants of the Caucasus. Before the concept of the non-combatant had been defined, could there be a concept of the atrocity? Could a culture accuse itself of misconduct toward the members of some other culture? In posing these and related questions, the course offers itself as a major but untold chapter both in world literature and in the moral history of humankind",https://bulletin.columbia.edu/columbia-college/departments-instruction/english-comparative-literature/
N/A,CLEN GU4201 POETRY OF THE AFRICAN DIASPORA. .,N/A,N/A,N/A,N/A,N/A,3.00 points,N/A,"This course will focus on twentieth century poetry written by authors of African descent in Africa, the Caribbean, and the United States. The readings will allow us to cover some of the most significant poetry written during the major black literary movements of the century, including the Harlem Renaissance, Negritude, and the Black Arts movement. In particular, the course will be designed around a selection of books of poetry by black writers. We will thus spend a substantial amount of time reading each poet in depth, as well as discussing various strategies for constructing a volume of poetry: thematic or chronological arrangements, extended formal structures (suites, series, or montages), historical poetry, attempts to imitate another medium (particularly black music) in writing, etc. We will use the readings to consider approaches to the theorization of a diasporic poetics, as well as to discuss the key issues at stake in the tradition including innovation, the vernacular, and political critique",https://bulletin.columbia.edu/columbia-college/departments-instruction/english-comparative-literature/
N/A,ENGL UN3757 The Lost Generation. .,N/A,N/A,N/A,N/A,N/A,4.00 points,N/A,"In this course we’ll study literature by “The Lost Generation,” the celebrated cohort of U.S. writers who came of age during the First World War and went on to publish their major works during the heady days of The Jazz Age and the doldrums of The Great Depression. The authors we’ll read will include Barnes, Dos Passos, Eliot, Faulkner, Fitzgerald, Hemingway, Hughes, Hurston, Larsen, Loos, McKay, and Toomer, and we’ll talk about their relations to the major aesthetic movements of the 1920s and 1930s: Modernism, The Harlem Renaissance, and The Literary Left. Our primary focus, however, will be on how these writers depicted and expressed the alienation of the young during this period. We’ll be learning about a rising generation of Americans who felt out of step with their times and ill-suited to their places, and we’ll be reading books about rootlessness and expatriation, masking and passing, apathy and radicalism, loneliness and misanthropy, repression and derangement, and several other preoccupations of these drifting, wandering, “lost” artists",https://bulletin.columbia.edu/columbia-college/departments-instruction/english-comparative-literature/
N/A,ENGL GU4316 WORLD'S END: 20th/21st CENTURY DYSTOPIAN FICTION AND FILM. .,N/A,N/A,N/A,N/A,N/A,3.00 points,N/A,"No future, there’s no future, no future for you…or me…What happens after the end of the future? If England’s dreaming in 1977 looked like a dead-end, how do we dream of futures in a moment so much closer to the reality of worlds’ end? In this class, we will read a range of ambiguous utopias and dystopias (to use a term from Ursula LeGuin) and explore various models of temporality, a range of fantasies of apocalypse and a few visions of futurity. While some critics, like Frederick Jameson, propose that utopia is a “meditation on the impossible,” others like José Muñoz insist that “we must dream and enact new and better pleasures, other ways of being in the world, and ultimately new worlds.” Utopian and dystopian fictions tend to lead us back to the present and force confrontations with the horrors of war, the ravages of capitalist exploitation, the violence of social hierarchies and the ruinous peril of environmental decline. In the films and novels and essays we engage here, we will not be looking for answers to questions about what to do and nor should we expect to find maps to better futures. We will no doubt be confronted with dead ends, blasted landscapes and empty gestures. But we will also find elegant aesthetic expressions of ruination, inspirational confrontations with obliteration, brilliant visions of endings, breaches, bureaucratic domination, human limitation and necro-political chaos. We will search in the narratives of uprisings, zombification, cloning, nuclear disaster, refusal, solidarity, for opportunities to reimagine world, ends, futures, time, place, person, possibility, art, desire, bodies, life and death",https://bulletin.columbia.edu/columbia-college/departments-instruction/english-comparative-literature/
N/A,CLEN GU4550 NARRATIVE AND HUMAN RIGHTS. .,N/A,N/A,N/A,N/A,N/A,3.00 points,N/A,"(Lecture). We cant talk about human rights without talking about the forms in which we talk about human rights. This course will study the convergences of the thematics, philosophies, politics, practices, and formal properties of literature and human rights. In particular, it will examine how literary questions of narrative shape (and are shaped by) human rights concerns; how do the forms of stories enable and respond to forms of thought, forms of commitment, forms of being, forms of justice, and forms of violation? How does narrative help us to imagine an international order based on human dignity, rights, and equality? We will read classic literary texts and contemporary writing (both literary and non-literary) and view a number of films and other multimedia projects to think about the relationships between story forms and human rights problematics and practices. Likely literary authors: Roberto Bolaño, Miguel de Cervantes, Assia Djebar, Ariel Dorfman, Slavenka Drakulic, Nuruddin Farah, Janette Turner Hospital, Franz Kafka, Sahar Kalifeh, Sindiwe Magona, Maniza Naqvi, Michael Ondaatje, Alicia Partnoy, Ousmane Sembène, Mark Twain . . . . We will also read theoretical and historical pieces by authors such as Agamben, An-Naim, Appiah, Arendt, Balibar, Bloch, Chakrabarty, Derrida, Douzinas, Habermas, Harlow, Ignatieff, Laclau and Mouffe, Levinas, Lyotard, Marx, Mutua, Nussbaum, Rorty, Said, Scarry, Soyinka, Spivak, Williams",https://bulletin.columbia.edu/columbia-college/departments-instruction/english-comparative-literature/
N/A,ENGL UN3269 BRITISH LITERATURE 1900-1950. .,N/A,N/A,N/A,N/A,N/A,3.00 points,N/A,"This is a survey course on great works of British literature from around 1900 through around 1950, starting with the late-Victorian world of Thomas Hardy, extending through the fin-de-siècle worlds of Oscar Wilde and W. B. Yeats, then into the modernist landscape of Joseph Conrad, James Joyce, and T. S. Eliot, and ending with the late-modernist vision of Virginia Woolf and W. H. Auden. The course includes a wide range of social, political, psychological, and literary concerns, and delves deeply into political and moral questions that are always urgent but which took specific forms during this period",https://bulletin.columbia.edu/columbia-college/departments-instruction/english-comparative-literature/
N/A,ENGL GU4605 AMERICAN LITERATURE-POST 1945. .,N/A,N/A,N/A,N/A,N/A,3.00 points,N/A,,https://bulletin.columbia.edu/columbia-college/departments-instruction/english-comparative-literature/
N/A,ENGL UN3851 INDIAN WRITING IN ENGLISH. .,N/A,N/A,N/A,N/A,N/A,4.00 points,N/A,"Prerequisites: the instructor's permission.
Prerequisites: the instructor's permission. (Seminar). As the great imperial powers of Britain, France, and Belgium, among others, ceded self-rule to the colonies they once controlled, formerly colonized subjects engaged in passionate discussion about the shape of their new nations not only in essays and pamphlets but also in fiction, poetry, and theatre. Despite the common goal of independence, the heated debates showed that the postcolonial future was still up for grabs, as the boundary lines between and within nations were once again redrawn. Even such cherished notions as nationalism were disputed, and thinkers like the Nobel laureate Rabindranath Tagore sounded the alarm about the pitfalls of narrow ethnocentric thinking. Their call for a philosophy of internationalism went against the grain of ethnic and racial particularism, which had begun to take on the character of national myth. The conflict of perspectives showed how deep were the divisions among the various groups vying to define the goals of the postcolonial nation, even as they all sought common cause in liberation from colonial rule. Nowhere was this truer than in India. The land that the British rulers viewed as a test case for the implementation of new social philosophies took it upon itself to probe their implications for the future citizenry of a free, democratic republic. We will read works by Indian writers responding to decolonization and, later, globalization as an invitation to rethink the shape of their societies. Beginning as a movement against imperial control, anti-colonialism also generated new discussions about gender relations, secularism and religious difference, the place of minorities in the nation, the effects of partition on national identity, among other issues. With the help of literary works and historical accounts, this course will explore the challenges of imagining a post-imperial society in a globalized era without reproducing the structures and subjectivities of the colonial state. Writers on the syllabus include Rabindranath Tagore, M.K. Gandhi, B.R. Ambedkar, Mulk Raj Anand, Raja Rao, Mahasweta Devi, Bapsi Sidwa, Rohinton Mistry, Amitav Ghosh, and Arundhati Roy. Application Instructions: E-mail Professor Viswanathan (gv6@columbia.edu ) with the subject heading Indian Writing in English seminar. In your message, include basic information: your name, school, major, year of study, and relevant courses taken, along with a brief statement about why you are interested in taking the course",https://bulletin.columbia.edu/columbia-college/departments-instruction/english-comparative-literature/
N/A,ENGL UN3710 The Beat Generation. .,N/A,N/A,N/A,N/A,N/A,4 points,N/A,Prerequisites: Permission of instructor.,https://bulletin.columbia.edu/columbia-college/departments-instruction/english-comparative-literature/
N/A,ENGL UN3756 LITERARY NONFICTION. .,N/A,N/A,N/A,N/A,N/A,4.00 points,N/A,"This course is about “creative” or “literary nonfiction”: writing that deploys techniques usually associated with literature to tell stories about actual events, people, or things. Over the course of the seminar, we will investigate the nature of the genre, looking closely at the work of some of its greatest practitioners to analyze how they convey their meaning and achieve their effects. We will ask why writers might choose to use literary techniques to write nonfiction, and discuss the ethical issues the genre raises. At the same time, the seminar is a place for you to develop your work in a supportive and thoughtful community of readers and writers. Application instructions: to apply, please email Professor Peters (peters@columbia.edu) the following: name, year, school, major, a few sentences on why you want to take the course, and a short piece representing your writing at its best. (It may be fiction or nonfiction, and there is no minimum or maximum length, but choose a piece whose first few sentences show the quality of your writing!)",https://bulletin.columbia.edu/columbia-college/departments-instruction/english-comparative-literature/
N/A,CLEN UN3720 Plato the Rhetorician. .,N/A,N/A,N/A,N/A,N/A,4 points,N/A,Prerequisites: Instructor's permission,https://bulletin.columbia.edu/columbia-college/departments-instruction/english-comparative-literature/
N/A,CLEN GU4728 Literature in the Age of AI. .,N/A,N/A,N/A,N/A,N/A,3.00 points,N/A,"In this course we will consider the long history of literature composed with, for, and by machines. Our reading list will start with Ramon Llull, the thirteenth-century combinatorial mystic, and continue with readings from Gottfried Leibniz, Francis Bacon, Jonathan Swift, and Samuel Butler. We will read ""Plot Robots"" instrumental to the writing of Hollywood scripts and pulp fiction of the 1920s, the avant-garde poetry of Dada and OULIPO, computer-generated love letters written by Alan Turing, and novels created by the first generation of artificial intelligence researchers in the 1950s and 60s. The course will conclude at the present moment, with an exploration of machine learning techniques of the sort used by Siri, Alexa, and other contemporary chat bots",https://bulletin.columbia.edu/columbia-college/departments-instruction/english-comparative-literature/
N/A,CSER GR5000 INTRO TO AMERICAN STUDIES. .,N/A,N/A,N/A,N/A,N/A,3.00 points,N/A,"This course explores the set of possibilities presented by American Studies as a comparative field of study. We begin with a brief overview of the history of the field, and then we’ll focus primarily on the range of modes in which its interdisciplinary work has been undertaken (literary, historical, legal, digital, etc.). The idea here is not to arrive a comprehensive picture of American Studies, but to think about the many ways people have produced knowledge under its aegis. We will also focus on work by Columbia faculty, and sessions of the course are built around visits by faculty in the field to Columbia’s University Seminar in American Studies. Our guiding questions include: How does one do research in a multimedia, “cultural” environment? How does one situate oneself as an “intellectual” or “critic” in relation to one’s object of study? How does one write about different media/genres? How does one incorporate different methodologies into one research project?",https://bulletin.columbia.edu/columbia-college/departments-instruction/ethnicity-race-studies/
N/A,FILM UN1010 Genre Study. .,N/A,N/A,N/A,N/A,N/A,3 points,N/A,"This course examines how globalization and the global success of American blockbuster films have affected Hollywood film production, stardom, distribution, and exhibition. The course will analyze blockbuster aesthetics, including aspects of special effects, 3-D, sound, narration, genre, and editing. We will also study the effects of new digital technologies on Hollywood and the cross-pollination among Hollywood, art house, and other national cinemas. Finally, we will examine the effects of 9/11, the “war on terrorism,” climate change and other global concerns on marketing, aesthetics and other aspects of this cinema",https://bulletin.columbia.edu/columbia-college/departments-instruction/film-studies/
N/A,FILM UN2190 TOPICS IN AMERICAN CINEMA. .,N/A,N/A,N/A,N/A,N/A,3.00 points,N/A,"This course surveys the American film genre known as film noir, focusing primarily on the genre’s heyday in the 1940s and early 1950s, taking into account some of its antecedents in the hard-boiled detective novel, German Expressionism, and the gangster film, among other sources. We will consider a number of critical and theoretical approaches to the genre, and will also study a number of film noir adaptations and their literary sources",https://bulletin.columbia.edu/columbia-college/departments-instruction/film-studies/
N/A,FILM UN2290 Topics in World Cinema: Arab and Africa. .,N/A,N/A,N/A,N/A,N/A,3 points,N/A,,https://bulletin.columbia.edu/columbia-college/departments-instruction/film-studies/
N/A,FILM UN2292 Topics in World Cinema: China. .,N/A,N/A,N/A,N/A,N/A,3 points,N/A,,https://bulletin.columbia.edu/columbia-college/departments-instruction/film-studies/
N/A,FILM UN2293 TOPICS IN WORLD CINEMA-DISC. .,N/A,N/A,N/A,N/A,N/A,0.00 points,N/A,,https://bulletin.columbia.edu/columbia-college/departments-instruction/film-studies/
N/A,FILM UN2294 WORLD CINEMA: LATIN AMERICA. .,N/A,N/A,N/A,N/A,N/A,3.00 points,N/A,"An overview of the major developments in the art and industry of cinema in Latin America, ranging from its earliest days to the most recent works of the digital era. The interaction of Latin American filmmakers with international movements such as neorealism, modernism, cinema vérité, and postmodernism will be addressed. Among the filmmakers to be studied are Luis Buñuel, Glauber Rocha, Raúl Ruiz and Lucrecia Martel. Students will discover the major industrial tends as well as artistic currents that have defined Latin American cinema, as well as have the chance to analyze a number of key works both in terms of their varying approaches to filmmaking as well as their resonance with political/social/historical issues",https://bulletin.columbia.edu/columbia-college/departments-instruction/film-studies/
N/A,FILM UN2295 World Cinema: Latin America - Discussion Section. .,N/A,N/A,N/A,N/A,N/A,0 points,N/A,,https://bulletin.columbia.edu/columbia-college/departments-instruction/film-studies/
N/A,FILM UN2400 Script Analysis. .,N/A,N/A,N/A,N/A,N/A,3 points,N/A,,https://bulletin.columbia.edu/columbia-college/departments-instruction/film-studies/
N/A,FILM UN3010 AUTEUR STUDY. .,N/A,N/A,N/A,N/A,N/A,3.00 points,N/A,"This seminar in Auteur Study explores the cinematic work of the renowned Polish filmmaker Krzysztof Kieslowski, best known for such classics as Three Colors: Blue, White, Red and Decalogue. Special attention will be paid to the latter--ten 1-hour films loosely based on the 10 Commandments--considered a towering achievement of poetic style as well spiritual vision. Through in-class screenings, discussions, and readings, we will focus on the formal, political and thematic richness of his films. Requirements include weekly attendance, punctuality, classroom participation, a midterm paper (5 - 7 pages), and a final paper (10 - 12 pages)",https://bulletin.columbia.edu/columbia-college/departments-instruction/film-studies/
N/A,FILM UN3020 INTERDISCIPLINARY STUDIES. .,N/A,N/A,N/A,N/A,N/A,3.00 points,N/A,"Is this cinema or television? While it may seem that this question has only recently been asked with the advent of streaming platforms like Netflix and the rise of “global television” (Lobato 2019) in this seminar we will learn that the close relationship between cinema and television is long-standing. The course will focus on the 1970s and 1980s, an exciting period of collaboration between European public television and independent filmmakers from all over the world. From a historical and theoretical perspective, we will examine key debates around media specificity and convergence, television as a “utopia,” and the challenges of co-production between the “North” and the “South,” among other issues. Focus is on a wide range of directors from the U.S., Europe, and the “Global South” who made films for European public television (e.g. Rossellini, Godard ＆ Miéville, Jarmusch, Burnett, Ruiz, Black Audio Film Collective, Sarmiento, etc.)",https://bulletin.columbia.edu/columbia-college/departments-instruction/film-studies/
N/A,FILM UN3910 Senior Seminar in Filmmaking. .,N/A,N/A,N/A,N/A,N/A,3 points,N/A,Prerequisites: FILM UN2420 or FILM UN2510 FILM W2420 or FILM W2510.,https://bulletin.columbia.edu/columbia-college/departments-instruction/film-studies/
N/A,FILM UN3930 The Actor's Art: Jeanne Moreau. .,N/A,N/A,N/A,N/A,N/A,3.00 points,N/A,"Study of major films in the seven-decade career of Jeanne Moreau (1928-2017), the performing artist who is widely recognized as France’s greatest actress of the post-World War II era and who has also been a pioneering female director. Topics include: the value for film criticism and history of conceptualizing the performer as a creative auteur; Moreau’s manner(s) of film acting and role realization; the risks and the productive consequences of her serving as “muse” to such male directors as Louis Malle, François Truffaut, Orson Welles, Joseph Losey, Rainer Werner Fassbinder, and Paul Mazursky, and as a creative partner to such female directors as Marguerite Duras and Josée Dayan; her embodiments and projections of sexuality and sensuality and how they differ from those of other so-called “screen love goddesses” (Brigitte Bardot, Elizabeth Taylor, Sophia Loren, Simone Signoret, Catherine Deneuve); Moreau’s own work as a director of feature-length films; the rewards and burdens of international stardom and the challenge of being expected to “represent” France and its cinema; growing old in the public eye and life-long strategies for career renewal and sustainability",https://bulletin.columbia.edu/columbia-college/departments-instruction/film-studies/
N/A,FILM UN3950 SEMINAR IN MEDIA: SERIALITY. .,N/A,N/A,N/A,N/A,N/A,3.00 points,N/A,,https://bulletin.columbia.edu/columbia-college/departments-instruction/film-studies/
N/A,FILM UN3960 INTRO TO EXPERIMENTAL FILM ＆ VIDEO. .,N/A,N/A,N/A,N/A,N/A,3.00 points,N/A,"This course provides an overview of experimental film and video since the early 20th century European art movements (abstract, Dada, Surrealism), including the emergence of American experimental film in the 1940s, post-World War II underground experimental films, structuralist films and early video art in the 1960s and 70s, post-1960s identitarian experimental work, the emergence of digital video in museums and online in the 1990s to the present. The course surveys and analyses a wide range of experimental work, including the artists Hans Richter, Luis Bunuel, Salvador Dali, Joseph Cornell, Maya Deren, Andy Warhol, Stan Brakhage, Michael Snow, Martha Rosler, Vito Acconci, Barbara Hammer, Su Friedrich, Julie Dash, Isaac Julien, Matthew Barney, Ryan Trecartin, and others. The course will study the structural, aesthetic and thematic links between mainstream and avant-garde cinema, theater, and art movements, and will place the films in their economic, social, and political contexts",https://bulletin.columbia.edu/columbia-college/departments-instruction/film-studies/
N/A,FILM GU4310 EXPERIMENTAL FILM ＆ MEDIA. .,N/A,N/A,N/A,N/A,N/A,3.00 points,N/A,"This course provides an overview of experimental film and video since the early 20th century European art movements (abstract, Dada, Surrealism), including the emergence of American experimental film in the 1940s, post-World War II underground experimental films, structuralist films and early video art in the 1960s and 70s, post-1960s identitarian experimental work, the emergence of digital video in museums and online in the 1990s to the present. The course surveys and analyses a wide range of experimental work, including the artists Hans Richter, Luis Bunuel, Salvador Dali, Joseph Cornell, Maya Deren, Andy Warhol, Stan Brakhage, Michael Snow, Martha Rosler, Vito Acconci, Barbara Hammer, Su Friedrich, Julie Dash, Isaac Julien, Matthew Barney, Ilana Harris-Babou, and others. The course will study the structural, aesthetic and thematic links between mainstream and avant-garde cinema, theater, and art movements, and will place the films in their economic, social, and political contexts",https://bulletin.columbia.edu/columbia-college/departments-instruction/film-studies/
N/A,FILM GU4320 New Directions in Film and Philosophy. .,N/A,N/A,N/A,N/A,N/A,0 points,N/A,,https://bulletin.columbia.edu/columbia-college/departments-instruction/film-studies/
N/A,FILM GU4910 Seeing Narrative. .,N/A,N/A,N/A,N/A,N/A,3 points,N/A,Prerequisites: the instructor's permission.,https://bulletin.columbia.edu/columbia-college/departments-instruction/film-studies/
N/A,FILM GU4940 QUEER CINEMA. .,N/A,N/A,N/A,N/A,N/A,3.00 points,N/A,"This course examines themes and changes in the (self-)representation of lesbians, gay men, bisexuals, and transgender people in cinema from the early sound period to the present. It pays attention to both the formal qualities of film and filmmakers’ use of cinematic strategies (mise-en-scene, editing, etc.) designed to elicit certain responses in viewers and to the distinctive possibilities and constraints of the classical Hollywood studio system, independent film, avant-garde cinema, and world cinema; the impact of various regimes of formal and informal censorship; the role of queer men and women as screenwriters, directors, actors, and designers; and the competing visions of gay, progay, and antigay filmmakers. Along with considering the formal properties of film and the historical forces that shaped it, the course explores what cultural analysts can learn from film. How can we treat film as evidence in historical analysis? We will consider the films we see as evidence that may shed new light on historical problems and periodization, and will also use the films to engage with recent queer theoretical work on queer subjectivity, affect, and culture",https://bulletin.columbia.edu/columbia-college/departments-instruction/film-studies/
N/A,FILM GU4950 Visual Bodies: From Cinema to New Media. .,N/A,N/A,N/A,N/A,N/A,3 points,N/A,,https://bulletin.columbia.edu/columbia-college/departments-instruction/film-studies/
N/A,FILM UN2530 Lab in the Video Essay. .,N/A,N/A,N/A,N/A,N/A,3.00 points,N/A,"This media lab is a hands-on exploration of producing video essays as an essential aspect of scholarly discourse in the digital age. The course challenges students to actively engage with a range of media projects, guided by the tenets of critical media practice. Through a mode of scholarship and research through the creation of media, students will acquire both theoretical understanding of critical media and practical skills such as scriptwriting, video editing, audio narration, and publishing. Drawing on case studies from media and film studies, students are invited to review and deconstruct video essays, podcasts, interactive essays, and digital storytelling. The course aims to encourage students to think beyond traditional written formats, explore new methods of critical analysis and argument, and to create publishable or presentable video essays. It supports the conception and production of new knowledge through media, constructing critical insights that utilize the expressiveness of our contemporary audiovisual networks",https://bulletin.columbia.edu/columbia-college/departments-instruction/film-studies/
N/A,FILM GU4111 Auteur Study: David Lynch and The American Imaginary. .,N/A,N/A,N/A,N/A,N/A,3.00 points,N/A,"The course explores the work of David Lynch, one of American cinema’s most singular figures. We will consider Lynch’s narrative features, experimental shorts, and TV series, as well as his painting, photography, and music. One of our aims is to situate Lynch within (and alongside, and against) Hollywood and other cinematic and artistic traditions, while also suggesting connections, overt and otherwise, to a range of filmmakers and artists who have come after him. At the heart of our investigation is Lynch’s distinctive sensibility, which is at once easy to recognize and hard to define. By looking closely at his use of cinematic language, we will ask how Lynch’s films achieve their particular effects, and how they might give form to the desires and fears of their times. Drawing on multiple frameworks — including politics, place, gender, race, surrealism, spirituality, trauma, psychoanalysis, narratology, language, and architecture — we will examine the contradictions at the heart of the Lynchian aesthetic and its relationship to the myths, icons, and taboos of postwar America",https://bulletin.columbia.edu/columbia-college/departments-instruction/film-studies/
N/A,FILM GU4945 Contemporary Russian Media. .,N/A,N/A,N/A,N/A,N/A,3.00 points,N/A,"This course explores the evolution of Russian media during the decades following the collapse of the Soviet Union. The fall of the communist state had an outsized effect on the Russian mediascape. The four pillars of mass media which had previously been nationalized — cinema, television, radio, and the paper press — now had to contend with the challenges of the free market. These new economic conditions, together with technological developments and the disappearance of tight ideological control imposed by the state, led to a radical redefinition of the media industry. The Internet, which officially came to Russia in 1994, complicated the picture further. The course primarily focuses on moving image media — cinema, television and the Internet, tracing the historical development of each, analyzing a range of key works produced during this period. Our focus will be on the relationship between media and politics. We deliberately avoid referring to the period in question as post-Soviet or Putin’s Russia because both of these terms come with a set of assumptions and expectations which would limit the scope of our conversation. Instead, we emphasize the diversity of the contemporary Russian mediascape and how different productions negotiated questions of gender, national identity, and politics during the period in question. We conclude by examining the sudden recent conclusion of the relative ideological flexibility which was prompted by the Russian invasion of Ukraine in February 2022, as well as the way platforms such as YouTube and services such as VPN continue making an alternative media sphere possible for Russian speakers. There is no language requirement to take this seminar. All required readings and course materials will be available in English",https://bulletin.columbia.edu/columbia-college/departments-instruction/film-studies/
N/A,FREN UN1105 ACCELERATED ELEM FRENCH. .,N/A,N/A,N/A,N/A,N/A,8.00 points,N/A,"Prerequisites: The instructor's permission
Prerequisites: The instructor's permission This course covers in one semester the material normally presented in Elementary French I and II. This course is especially recommended for students who already know another Romance language",https://bulletin.columbia.edu/columbia-college/departments-instruction/french-romance-philology/
N/A,"FREN UN3242 FREN LANG,SOC,CULTRE THRU PARIS. .",N/A,N/A,N/A,N/A,N/A,3.00 points,N/A,"Prerequisites: 2 years of college French Paris may be referred to as the capital of modernity, as the city of romance and pleasure, as the center of social and political powers, or as a privileged stage for crises and revolutions. Analyzing and researching the meanings of these diverse representations would expose students to key aspects of French and Francophone political, social, and cultural history. This is a proposal for a course intended for students who, having completed their language requirement in French, would like to better their knowledge of French language and society. It would offer students the opportunity to study representations of Paris over the centuries as a way to practice writing, reading, and conversation in French and as a way to deepen their understanding of French and Francophone cultures. Materials for the course would include major literary texts as well as paintings, movies and popular songs, but also museum websites, local newspapers and local ads, brochures from retail and food malls, restaurant menus, postcards... such variety can be utilitarian and intellectually compelling at the same time. It would allow students not only to study language registers and vocabulary contextualization but also work on finding patterns and making connections",https://bulletin.columbia.edu/columbia-college/departments-instruction/french-romance-philology/
N/A,FREN UN3244 FRENCH THRU CURRENT EVENTS. .,N/A,N/A,N/A,N/A,N/A,3.00 points,N/A,"The course will offer students an understanding of fundamental underlying concepts that structure French society and that are necessary to grasp if one wants to follow current events in France. This course could be of interest not only to CC students but also to students enrolled at SIPA or Teacher’s College. Moreover, this course would allow for a comparative approach to how same events are covered in US, or other foreign media, and in France. Given that this course will deal with current events, the readings will depend entirely on how the news unfolds. Students will be given an introduction to the various media outlets available to them: the press, television and online sources. As the course unfolds, I will adapt the choice of sources that best follow events as they happen. 2022 for example, will be the year France assumes the presidency of the European Union. It will also be the year of the presidential elections. For such events, I will propose specific institutional sources. On the other hand, events that could not be anticipated will require some form of guidance in terms of sources. In spite of the obvious unpredictability of the specific content of this course, certain key concepts necessary to understand current events in France will be presented. These may vary slightly from one semester to another, but would include, without being limited to: the structure of government and public institutions, political parties, unions and “associations”, social benefits and “the welfare state”, public vs. private sector, “Paris is France”, universalism, secularism and “laïcité”, cultural exceptionalism, the figure of the intellectual, national identity, immigration, geography of France and demographics, relation to Europe, geopolitics, globalization and sovereignty. Of course, the choice of themes and concepts in a given semester would be influenced by dominant topics in the French news",https://bulletin.columbia.edu/columbia-college/departments-instruction/french-romance-philology/
N/A,"FREN UN3243 Lang. Culture, Society: La culture pop. .",N/A,N/A,N/A,N/A,N/A,3.00 points,N/A,"The host of the daily radio show ​Popopop​ on the public radio ​France Inter​ routinely introduces his guests by asking them “what is pop culture?”/“qu’est ce que la culture pop?” The answers are at least as diverse as the guests’ cultural, social, and generational backgrounds. Keeping the complexity and variety of the possible answers to this question in mind, students in this class will be introduced to French pop culture or ​La culture pop française​ both in its specificity and in contrast to ​American pop culture​. In this French language class, critical thinking applied to mass media such as music, movies, ads, and newspapers, as well as literature ranging from ​les BD (comics and graphic novels) to ​les polars (detective fiction),​ ​and as well as to Social Media (blogs, podcasts, influencers, etc.)​ w​ ill enable students to better grasp some of the forces shaping culture in French society, equipping them with knowledge and concepts that are helpful to understanding dominant cultural trends and their impact on contemporary French Society. Exposing students to such a wide variety of materials will be ​intellectually compelling and will also expose them to a variety of language registers",https://bulletin.columbia.edu/columbia-college/departments-instruction/french-romance-philology/
N/A,FREN UN3503 Enlightenment/Counter-Enlightenment. .,N/A,N/A,N/A,N/A,N/A,3 points,N/A,"Prerequisites: completion of FREN W3333 or W3334 and W3405, or the director of undergraduate studies' permission.",https://bulletin.columbia.edu/columbia-college/departments-instruction/french-romance-philology/
N/A,"FREN UN3517 Montaigne, Descartes, Pascal. .",N/A,N/A,N/A,N/A,N/A,3 points,N/A,Prerequisites: FREN W3333-W3334 or the director of undergraduate studies' or the instructor's permission.,https://bulletin.columbia.edu/columbia-college/departments-instruction/french-romance-philology/
N/A,FREN UN3600 INTRO TO FRENCH CIVILIZATION. .,N/A,N/A,N/A,N/A,N/A,3.00 points,N/A,"Prerequisites: FREN W3333 or W3334 and W3405, or the director of undergraduate studies' permission.
Prerequisites: FREN UN3333 or UN3334 and UN3405, or the director of undergraduate studies permission. Based on readings of short historical sources, the course will provide an overview of French political and cultural history since 1700",https://bulletin.columbia.edu/columbia-college/departments-instruction/french-romance-philology/
N/A,CLFR UN3830 French Film. .,N/A,N/A,N/A,N/A,N/A,3 points,N/A,,https://bulletin.columbia.edu/columbia-college/departments-instruction/french-romance-philology/
N/A,GERM GR8121 PROSEMINAR-GERMAN LITERATURE. .,N/A,N/A,N/A,N/A,N/A,4.00 points,N/A,Proseminar for Graduate Students only,https://bulletin.columbia.edu/columbia-college/departments-instruction/germanic-languages/
N/A,"HIST BC2567 Women, Race, and Class. .",N/A,N/A,N/A,N/A,N/A,3.00 points,N/A,"Using an intersectional framework, this course traces changing notions of gender and sexuality in the 20th century United States. The course examines how womanhood and feminism were shaped by class, race, ethnicity, culture, sexuality and immigration status. We will explore how the construction of American nationalism and imperialism, as well as the development of citizenship rights, social policy, and labor organizing, were deeply influenced by the politics of gender. Special emphasis will be placed on organizing and women's activism",https://bulletin.columbia.edu/columbia-college/departments-instruction/history/
N/A,HIST BC3589 Anti-Apartheid Solidarity Movement. .,N/A,N/A,N/A,N/A,N/A,4.00 points,N/A,"This course examines the struggle against South African apartheid with a particular focus on the global solidarity movement in the 20th century. The class will examine key turning points in the movement, its connection with broader anti-colonial and anti-racist struggles, gendered constructs of apartheid and feminist leadership in the movement, and the circulation of theories of racial capitalism. Students will understand how and why apartheid became a global concern. Students will work on a project using the primary source material available on the African Activist Archive Digital Project at Michigan State University",https://bulletin.columbia.edu/columbia-college/departments-instruction/history/
N/A,"HIST UN1512 The Battle for North America: An Indigenous History of the Seven Years War, the American Revolution, and the War of 1812. .",N/A,N/A,N/A,N/A,N/A,4.00 points,N/A,"This course will explore the struggle to control the continent of North America from an Indigenous perspective. After a century of European colonization Native peoples east of the Mississippi River Valley formed a political confederation aimed at preserving Native sovereignty. This Native confederacy emerged as a dominant force during the Seven Years War, the American Revolution, and the War of 1812. At times Native political interests aligned with the French and British Empires, but remained in opposition to the expansion of Anglo-American colonial settlements into Indian country. This course is designed to engage literature and epistemology surrounding these New World conflicts as a means of the colonial and post-colonial past in North America. We will explore the emergence of intersecting indigenous and European national identities tied to the social construction of space and race. In this course I will ask you to re-think American history by situating North America as a Native space, a place that was occupied and controlled by indigenous peoples. You will be asked to imagine a North America that was indigenous and adaptive, and not necessarily destined to be absorbed by European settler colonies. Accordingly, this course we will explore the intersections of European colonial settlement and Euro-American national expansion, alongside of the emergence of indigenous social formations that dominated the western interior until the middle of the 19th century. This course is intended to be a broad history of Indigenous North America during a tumultuous period, but close attention will be given to use and analysis of primary source evidence. Similarly, we will explore the necessity of using multiple genres of textual evidence – archival documents, oral history, material artifacts, etc., -- when studying indigenous history",https://bulletin.columbia.edu/columbia-college/departments-instruction/history/
N/A,HIST UN2222 NATURE ＆ POWER: ENV HIST NORTH AMERICA. .,N/A,N/A,N/A,N/A,N/A,4.00 points,N/A,"Environmental history seeks to expand the customary framework of historical inquiry, challenging students to construct narratives of the past that incorporate not only human beings but also the natural world with which human life is intimately intertwined. As a result, environmental history places at center stage a wide range of previously overlooked historical actors such as plants, animals, and diseases. Moreover, by locating nature within human history, environmental history encourages its practitioners to rethink some of the fundamental categories through which our understanding of the natural world is expressed: wilderness and civilization, wild and tame, natural and artificial. For those interested in the study of ethnicity, environmental history casts into particularly sharp relief the ways in which the natural world can serve both to undermine and to reinforce the divisions within human societies. Although all human beings share profound biological similarities, they have nonetheless enjoyed unequal access to natural resources and to healthy environments—differences that have all-too-frequently been justified by depicting such conditions as “natural.”",https://bulletin.columbia.edu/columbia-college/departments-instruction/history/
N/A,HIST UN2323 Nineteenth-Century Britain. .,N/A,N/A,N/A,N/A,N/A,3 points,N/A,,https://bulletin.columbia.edu/columbia-college/departments-instruction/history/
N/A,HIST UN2336 Everyday Communism. .,N/A,N/A,N/A,N/A,N/A,4 points,N/A,,https://bulletin.columbia.edu/columbia-college/departments-instruction/history/
N/A,HIST UN2415 Immigrant New York. .,N/A,N/A,N/A,N/A,N/A,4 points,N/A,,https://bulletin.columbia.edu/columbia-college/departments-instruction/history/
N/A,HIST UN2432 U.S. ERA OF CIVIL WAR ＆ RECON. .,N/A,N/A,N/A,N/A,N/A,4.00 points,N/A,"It is difficult to exaggerate the significance of the American Civil War as an event in the making of the modern United States and, indeed, of the western world. Indeed the American Civil War and Reconstruction introduced a whole series of dilemmas that are still with us. What is the legacy of slavery in U.S. history and contemporary life? What is the proper balance of power between the states and the central government? Who is entitled to citizenship in the United States? What do freedom and equality mean in concrete terms? This course surveys the history of the Civil War and Reconstruction in all of its aspects. It focuses on the causes of the war in the divergent development of northern and southern states; the prosecution of the war and all that it involved, including the process of slave emancipation; and the contentious process of reconstructing the re-united states in the aftermath of Union victory. The course includes the military history of the conflict, but ranges far beyond it to take the measure of the social and political changes the war unleashed. It focuses on the Confederacy as well as the Union, on women as well as men, and on enslaved black people as well as free white people. It takes the measure of large scale historical change while trying to grasp the experience of those human beings who lived through it",https://bulletin.columbia.edu/columbia-college/departments-instruction/history/
N/A,HIST UN2611 JEWS ＆ JUDAISM IN ANTIQUITY. .,N/A,N/A,N/A,N/A,N/A,4.00 points,N/A,,https://bulletin.columbia.edu/columbia-college/departments-instruction/history/
N/A,HIST UN3011 THE SECOND WORLD WAR. .,N/A,N/A,N/A,N/A,N/A,4.00 points,N/A,"This course surveys some of the major historiographical debates surrounding the Second World War. It aims to provide student with an international perspective of the conflict that challenges conventional understandings of the war. In particular, we will examine the ideological, imperial, and strategic dimensions of the war in a global context. Students will also design, research, and write a substantial essay of 15-18 pages in length that makes use of both primary and secondary sources",https://bulletin.columbia.edu/columbia-college/departments-instruction/history/
N/A,HIST UN3021 THE GREEK INVENTION OF HISTORY. .,N/A,N/A,N/A,N/A,N/A,4.00 points,N/A,,https://bulletin.columbia.edu/columbia-college/departments-instruction/history/
N/A,HIST UN3490 THE GLOBAL COLD WAR. .,N/A,N/A,N/A,N/A,N/A,4.00 points,N/A,,https://bulletin.columbia.edu/columbia-college/departments-instruction/history/
N/A,HIST UN3517 The Historical Imagination in Caribbean Literature. .,N/A,N/A,N/A,N/A,N/A,4.00 points,N/A,"Caribbean literature offers complicated and vivid portrayals of the Caribbean’s past, and grapples with difficult histories lived by its people that compromised colonial archives can only partially capture. Literary works far exceed the limited narratives of Caribbean history by imagining entire worlds that official documents could never contain, rich selves, cultures and communities built by many generations of Caribbean people. This course is aimed at bringing forth a broader understanding of Caribbean history by examining a body of creative works by feminist and womanist writers that continuously remain attuned to the complexities of the past, which are either underrepresented or absent in the record. Chosen literary texts will also be paired with historical works that will illuminate and contextualize the multiple themes with which these Caribbean authors frequently engage, including slavery, and colonialism, racism and colorism, migration and immigration, gender and sexuality, poverty and globalization. From these pairings, students will explore both the divergences and alignments in how writers and historians approach the work of retelling the past, and will acquire reading and writing skills that will foster thoughtful critical analysis of the ever-changing contours of the Caribbean’s history",https://bulletin.columbia.edu/columbia-college/departments-instruction/history/
N/A,HIST UN3571 Left and Right in American History. .,N/A,N/A,N/A,N/A,N/A,4.00 points,N/A,"This course examines 20th-century American political movements of the Left and Right. We will cover Socialism and the Ku Klux Klan in the early twentieth century; the Communist Party and right-wing populists of the 1930s; the civil rights movement, black power, and white resistance, 1950s-1960s; the rise of the New Left and the New Right in the 1960s; the Women's liberation movement and the Christian right of the 1970s; and finally, free-market conservatism, neoliberalism, white nationalism and the Trump era. We will explore the organizational, ideological and social history of these political mobilizations. The class explores grass-roots social movements and their relationship to “mainstream” and electoral politics. We will pay special attention to the ways that ideas and mobilizations that are sometimes deemed extreme have in fact helped to shape the broader political spectrum. Throughout the semester, we will reflect on the present political dilemmas of our country in light of the history that we study",https://bulletin.columbia.edu/columbia-college/departments-instruction/history/
N/A,HIST UN3644 MOD JEWISH INTELLECTUAL HIST. .,N/A,N/A,N/A,N/A,N/A,3.00 points,N/A,"This course analyzes Jewish intellectual history from Spinoza to the present. It tracks the radical transformation that modernity yielded in Jewish thought, both in the development of new, self-consciously modern, iterations of Judaism and Jewishness and in the more elusive but equally foundational changes in ""traditional"" Judaisms. Questions to be addressed include: the development of the modern concept of ""religion"" and its effect on the Jews; the origin of the notion of ""Judaism"" parallel to Christianity, Islam, etc.; the rise of Jewish secularism and of secular Jewish ideologies, especially the Jewish Enlightenment movement (Haskalah), modern Jewish nationalism, and Zionism; the rise of Reform, Modern Orthodox, and Conservative Judaisms; Jewish neo-Romanticism and neo-Kantianism, and American Jewish religious thought",https://bulletin.columbia.edu/columbia-college/departments-instruction/history/
N/A,HIST GU4223 Hist of Russian Thought: Faith ＆ Reason. .,N/A,N/A,N/A,N/A,N/A,4.00 points,N/A,"Prerequisites: the instructor's permission.
Russian ideas are familiar to the world through Tolstoy’s and Dostoevsky’s novels. In this course, we will examine key texts in the intellectual tradition that forms the backdrop to these famous works. Emphasis is on close textual readings; but also on how Russian ideas have been read and interpreted across national and cultural boundaries, including in recent English-language works like Tom Stoppard’s play, Coast of Utopia. Thinkers include Schellingians and Hegelians, Slavophiles, Populists and Pan-Slavists, and Vladimir Soloviev",https://bulletin.columbia.edu/columbia-college/departments-instruction/history/
N/A,HIST GU4363 Pascal and the Modern Self. .,N/A,N/A,N/A,N/A,N/A,4.00 points,N/A,"This seminar will focus particularly on Pascal’s humanistic case for religious faith as a response to Montaigne’s skeptical portrayal of the self. The aim is to understand all the implications of this encounter for the history of Western thought about human psychology, religion, and politics",https://bulletin.columbia.edu/columbia-college/departments-instruction/history/
N/A,HIST GU4699 Medieval Franciscans and their World. .,N/A,N/A,N/A,N/A,N/A,4.00 points,N/A,"This course will offer an examination of the birth and development of the Franciscan Order between 1200-1350. The topics will include Francis of Assisi, the foundation of the three orders of Franciscans, education, poverty, preaching, theology internal strife, antifraternalism, and relations with secular governments and papacy",https://bulletin.columbia.edu/columbia-college/departments-instruction/history/
N/A,HIST BC1401 INTRODUCTION TO AMERICAN HISTORY TO 1865. .,N/A,N/A,N/A,N/A,N/A,4.00 points,N/A,"Themes include Native and colonial cultures and politics, the evolution of American political and economic institutions, relationships between religious and social movements, and connecting ideologies of race and gender with larger processes such as enslavement, dispossession, and industrialization",https://bulletin.columbia.edu/columbia-college/departments-instruction/history/
N/A,HIST BC2101 HISTORY OF CAPITALISM. .,N/A,N/A,N/A,N/A,N/A,3.00 points,N/A,"The aim of this course is to provide students with analytical tools to think critically and historically about the concept of capitalism. By studying how philosophers, economists, and political theorists have defined and described the concept of capitalism throughout its history, students will be provided with a set of terminologies and analytical frameworks that enable them to interrogate the various dimensions of capitalism",https://bulletin.columbia.edu/columbia-college/departments-instruction/history/
N/A,"HIST BC2567 Women, Race, and Class. .",N/A,N/A,N/A,N/A,N/A,3.00 points,N/A,"Using an intersectional framework, this course traces changing notions of gender and sexuality in the 20th century United States. The course examines how womanhood and feminism were shaped by class, race, ethnicity, culture, sexuality and immigration status. We will explore how the construction of American nationalism and imperialism, as well as the development of citizenship rights, social policy, and labor organizing, were deeply influenced by the politics of gender. Special emphasis will be placed on organizing and women's activism",https://bulletin.columbia.edu/columbia-college/departments-instruction/history/
N/A,HIST BC2681 WOMEN AND GENDER IN LATIN AMERICA. .,N/A,N/A,N/A,N/A,N/A,3.00 points,N/A,"Examines the gendered roles of women and men in Latin American society from the colonial period to the present. Explores a number of themes, including the intersection of social class, race, ethnicity, and gender; the nature of patriarchy; masculinity; gender and the state; and the gendered nature of political mobilization",https://bulletin.columbia.edu/columbia-college/departments-instruction/history/
N/A,HIST BC3130 Failed Empire: Sweden in the Early Modern World. .,N/A,N/A,N/A,N/A,N/A,4.00 points,N/A,"The geopolitical map of the world was in flux during the seventeenth century. As Spain was losing its control over Europe and the Atlantic world, a number of ambitious small states on the periphery of Europe set their sights on achieving imperial glory. By mid-century, The Dutch Republic, England, and Sweden were the primary contenders. Each nation developed a sense of manifest destiny and dedicated scarce resources to establish an imperial presence, from which they could conquer the world. While the former two nations succeeded in creating vast empires, the latter enjoyed only a brief stint as a world power. This failure had nothing to do with a lack of effort or moral considerations. This course explores Sweden’s imperial efforts and investigates its failures. It examines how military, political, religious, commercial, and scientific endeavors contributed to Sweden’s quest for riches and prominence. The seminar begins by discussing Sweden’s sudden military success during the Thirty Years’ War and the consequent formation of a Baltic empire. We next investigate Sweden’s presence on the west coast of Africa, where it built fort Carlsborg, and the east coast of North America, where it founded New Sweden. While these ventures failed relatively rapidly, Sweden continued to pursue a colonial presence through trade and the acquisition in 1784 of St. Barthélemy, a colony from which they engaged in trade, including the slave trade",https://bulletin.columbia.edu/columbia-college/departments-instruction/history/
N/A,HIST BC3495 Representing the Past. .,N/A,N/A,N/A,N/A,N/A,4.00 points,N/A,"Examines the renderings of the past as conveyed by historians and by those seeking to ""represent"" the past, such as novelists, playwrights, filmmakers, ritualists, and artists. Analyzes the theoretical, philosophical, and evidentiary problems and possibilities inherent in various modes of historical narration and representation",https://bulletin.columbia.edu/columbia-college/departments-instruction/history/
N/A,HIST BC3505 Pandemic Tales: Curated Conversations with Migrant Workers. .,N/A,N/A,N/A,N/A,N/A,4.00 points,N/A,"Pandemic Tales: Curated Conversations with Migrant Workers will work collaboratively with a New York City-based organization, Damayan. The course will chronicle the pandemic’s disproportionate impact on economically vulnerable Black and Brown communities. We will read about the history of Filipino migrant workers and be trained in the interview process. Our intention is to uplift the stories of undocumented migrant workers’ battles around housing and food insecurity and the collective efforts to provide support and care. Students will work with Damayan leaders in preparation for speaking to members who will share their stories of pain, hardship and resilience during the pandemic. From these stories we will work with Damayan to curate conversations about the impact of the pandemic on Filipino migrants and produce a webpage or podcast for Damayan’s use. This is a Barnard Engages course, supported by the Mellon Foundation, with the intention of fostering long-term relationships between Barnard college faculty and students and New York City-based community organizations addressing issues of poverty, immigration or labor rights. We will partner with Damayan Migrant Workers Association, an organization I have worked with for many years. A worker-run and directed organization, Damayan has been at the forefront of the effort to rescue and advocate on behalf of Filipino migrant workers. They were also involved in providing support for needy families when the pandemic hit. Our class project will be designed in collaboration with Damayan to assist them in their work. They have asked us to uplift the voices of the people severely impacted by the pandemic by curating conversations. There will be a joint public launch of our final product, which could be a webpage or a podcast. Because this is a community-directed project, students should be prepared for changes to the syllabus and end product. Much of the work for this course will be collaborative. Students will be working in teams and I will be working alongside students to produce the final product. In addition to the scheduled class times, there will be other scheduled meetings and/or workshops",https://bulletin.columbia.edu/columbia-college/departments-instruction/history/
N/A,"HRTS UN3960 Refugees, Rights, and Representation. .",N/A,N/A,N/A,N/A,N/A,3.00 points,N/A,"Given that, according to the UNHCR, there are currently 108.4 million forcibly displaced people worldwide, over 35 million of whom are refugees, it is unsurprising that their predicament preoccupies international lawyers, academics from the social sciences to the humanities, engineers and economists, journalists, policy specialists at NGOs, government officials, artists, tech companies, philanthropists, and, most significantly, displaced persons themselves. This seminar asks how these different actors draw on specific discourses and arguments—technological, scientific, personal, moral, historical—as they construct the figure and the problem of ‘the refugee.’ We will recognize refugee crises as an issue of urgent public concern as well as an occasion for interrogating how such crises are represented across academic, legal, and cultural conversations. Does displacement caused by personal persecution, natural disasters and climate change, armed conflict, or economic deprivation invite different kinds of international attention or sympathy? Where does the sanctuary promised the citizen end and the hospitality owed the stranger begin? How do contemporary developments in climate science, social media technologies, and big data intersect with discourses on refugees? And if ‘the refugee’ tells the lie to the nation state’s capacity to account for the world’s people, what other forms of political and social organization does the refugee live, inspire, create, or warn against? To consider such questions, we will examine political theory, history, anthropology, and philosophy; analyze international legal documents, policy proposals, investigative journalism, and NGO reports; and engage with novels, poetry, film, and photography, among other materials",https://bulletin.columbia.edu/columbia-college/departments-instruction/human-rights/
N/A,"HRTS GU4400 SEXUAL ORIENT,GENDR ID,HUM RTS. .",N/A,N/A,N/A,N/A,N/A,3.00 points,N/A,"Debates over the rights of lesbian, gay, bisexual and transgender people have never been more visible in the international arena. Advocates are beginning to have some success in putting sexual orientation and gender identity on the agenda for inclusion in human rights instruments. But in many local and regional contexts, state-sanctioned homophobia is on the rise, from the official anti-gay stance of Russia featured during the Sochi Winter Games to the passage of Mississippi’s anti-gay bill and Uganda’s anti-homosexuality act. This course examines these trends in relation to strategies pursued by grassroots activists and NGOs and the legal issues they raise, including marriage and family rights, discrimination, violence, torture, sex classification, and asylum. We will also focus on current debates about the relation between sexual rights and gender justice, tensions between universalisty constructions of gay/trans identity and local formations of sexual and gender non-conformity, and legacies of colonialism",https://bulletin.columbia.edu/columbia-college/departments-instruction/human-rights/
N/A,HRTS GU4600 HUMAN RIGHTS IN ANTHROPOCENE. .,N/A,N/A,N/A,N/A,N/A,3.00 points,N/A,"In August 2016, a working group of the International Geological Congress voted to acknowledge a new geological epoch, following 11,700 years of the Holocene, and that it would be called The Anthropocene. The announcement indicated a new era in the earth’s chronology marked by the consequences of human activity on the planet’s ecosystems. Closely related to discussions of sustainability, investigations into the Anthropocene tend to focus on environmental and ecological issues while ignoring its social justice dimensions. This course will investigate how Human Rights has and will be impacted by the Anthropocene, with special attention paid to the human dimensions and consequences of anthropogenic change. Do new and troubling revelations about anthropogenic mistreatment of the earth and its resources modify or amplify the kinds of responsibilities that govern activity between individuals and communities? How do we scale the human response from the urban, to the periurban, to the rural? How must the study of Human Rights evolve to address violence and mistreatment associated not just among humans but also amid human habitats? What sorts of juridical changes must occur to recognize and respond to new manifestations of social injustice that relate directly to consequences of anthropogenic changes to the Earth system? Topics will include discussions of the Environmental Justice movement, agribusiness, access to (and allocation of) natural resources, population growth; its global impact, advocacy for stronger and more accountability through environmental legal change, biodiversity in urban environments, and the growing category of environmental refugees",https://bulletin.columbia.edu/columbia-college/departments-instruction/human-rights/
N/A,ITAL UN2221 Intermediate Conversation. .,N/A,N/A,N/A,N/A,N/A,2 points,N/A,Corequisites: Recommended: ITAL V1201-V/W1202 or ITAL W1201-W1202.,https://bulletin.columbia.edu/columbia-college/departments-instruction/italian/
N/A,ITAL UN3311 Advanced Conversation. .,N/A,N/A,N/A,N/A,N/A,2 points,N/A,Corequisites: Recommended: ITAL V3335x-V3336y.,https://bulletin.columbia.edu/columbia-college/departments-instruction/italian/
N/A,ITAL UN3336 ADVANCED ITALIAN II. .,N/A,N/A,N/A,N/A,N/A,3.00 points,N/A,"Prerequisites: ITAL V3335 ITAL V3335.
Prerequisites: ITAL V3335 Advanced reading, writing, speaking with emphasis on authentic cultural materials. Topic and semester theme varies",https://bulletin.columbia.edu/columbia-college/departments-instruction/italian/
N/A,ITAL UN3337 ITALIAN THROUGH CINEMA. .,N/A,N/A,N/A,N/A,N/A,3.00 points,N/A,"Prerequisites: ITAL V3335.
Prerequisites: ITAL V3335. Students will develop advanced language competence while analyzing and discussing Italian film comedies and their reflection of changing Italian culture and society. Films by Monicelli, Germi, Moretti, Wertmuller, Soldini and others",https://bulletin.columbia.edu/columbia-college/departments-instruction/italian/
N/A,ITAL UN3339 Learning Italian in Class and Online: A Telecollaboration with Italy. . .,N/A,N/A,N/A,N/A,N/A,3 points,N/A,Prerequisites: (ITAL UN2102),https://bulletin.columbia.edu/columbia-college/departments-instruction/italian/
N/A,ITAL UN3342 Business Italian and the Made in Italy Excellence: Learning Italian for trade and industry. .,N/A,N/A,N/A,N/A,N/A,3.00 points,N/A,"Everywhere in the world, the expression ‘Made in Italy’ evokes the idea of quality, elegance and unique taste. From food to wine, from artisanal craftmanship to fashion, from the automobile industry to the design, ‘Made in Italy’ means creativity, durability, and a guarantee of excellence. Today, Italy is the fourth largest economic power in Europe and many countries like the USA have long established economic relationships and partnership with it. While the English language has been increasingly used during these economic exchanges, a basic knowledge of Italian terminology within a context of commerce and trade is an important asset and a useful resource. Developing a strong understanding of the Italian business environment and its culture offers useful advantages for all those who want to create ties with or plan to work in the Italian business world in the future. The course is open to all students who have completed the Italian intermediate level and would like to have an introduction to Italian language used for work and business. The course will be conducted as an intensive practice in the spoken and written language through assigned topics focusing on Italian business and related cultural themes. It will provide an overview of the job market world and the business environment in Italy, giving students the main tools to explore and interact appropriately in a professional environment. During the second half of the semester, the course will introduce students to the Made in Italy excellence and the history responsible for Italian Style’s world-renowned fame and high-demand. Students will learn how the concept of Made in Italy originated, look at the history of Italian style and its international value. The lessons in the second half of the semester will be integrated with interviews of people in Italy and in New York City working in businesses that sell or advertise Italian products. The interviews (one per week) will provide a direct look into the areas that are being discussed in class, so that students will have the opportunity to learn firsthand what it means to work in a business in Italy or with Italy, and with Italian products",https://bulletin.columbia.edu/columbia-college/departments-instruction/italian/
N/A,CLIA GU3660 MAFIA MOVIES. .,N/A,N/A,N/A,N/A,N/A,3.00 points,N/A,"Examines representations of the mafia in American and Italian film and literature. Special attention to questions of ethnic identity and immigration. Comparison of the different histories and myths of the mafia in the U.S. and Italy. Readings includes novels, historical studies, and film criticism. Limit 35",https://bulletin.columbia.edu/columbia-college/departments-instruction/italian/
N/A,ITAL UN3661 New Perspectives on Machiavelli ＆ Renaissance Florence. .,N/A,N/A,N/A,N/A,N/A,3.00 points,N/A,"What do we envision when we think about Renaissance Florence? A long-standing and influential narrative placing Florence at the heart of the Renaissance prompts us to imagine a civilization defined by the esthetic ideals of beauty, grace, harmony, and balance. On the other hand, there are counter arguments that emphasize darker elements and suggest that the Italian Renaissance was a period marked by violence, immorality, and a cynicism famously attributed to the Florentine Niccolò Machiavelli. Since neither of these contrasting perspectives provides an exhaustive, accurate picture, it is useful––indeed, necessary––to explore the phenomenon that we call Renaissance with an openness to its full range of dimensions. In this process, our very present may both contribute to and complicate our endeavor to shape new paths of inquiry. This course will focus on Renaissance Florence from a variety of viewpoints. In the introductory section, we will use a diverse set of sources (including theoretical readings and examples from pop culture) to lay the foundations of our work. Then, building on recent trends in Renaissance scholarship, our exploration will foreground three perspectives in particular: (I) we will look at Renaissance Florence through the lens of queer and gender studies; (II) we will consider the role of orality and performance; and (III) we will focus on cultural and religious diversity. Special attention will be devoted to the figure and works of Niccolò Machiavelli. By looking at Machiavelli from the three perspectives mentioned above, we will be able to investigate neglected sides of his intellectual personality as well as to reappraise some aspects of his political thinking. Throughout the semester, we will interrogate a wide variety of primary sources, including literary texts, letters, paintings, and musical pieces. Moreover, we will read selected secondary sources that will facilitate our dialogue with the primary materials and enable us to take into account additional queries. In order to reach the learning objectives set for the course, students will have the possibility to engage in an array of oral, written, and multimodal assignments. There are no prerequisites for this course. Students are welcome to read sources in the original language if they wish to do so; however, no knowledge of Italian is required",https://bulletin.columbia.edu/columbia-college/departments-instruction/italian/
N/A,ITAL UN3865 Introduction to Fashion Studies. .,N/A,N/A,N/A,N/A,N/A,3.00 points,N/A,"This seminar examines the many meanings of fashion, design, and style; how values underlying fashion are selected, preserved, denied, reinvented or rethought; how the symbolic meanings and ideological interpretations are connected to creation, production and consumption of fashion goods. Based on an anthropological perspective and framework, this interdisciplinary course will analyze ways in which we can understand fashion through the intersections of many different levels: political, economic, aesthetic, symbolic, religious, etc. The course will study how fashion can help us understand the ways in which tradition and innovation, creativity and technology, localism and globalization, identity and diversity, power and body, are elaborated and interpreted in contemporary society, and in relation to a globalized world. Short videos that can be watched on the computer will be assigned. There are no pre-requisites for this course. In English",https://bulletin.columbia.edu/columbia-college/departments-instruction/italian/
N/A,CLIA GU4021 The Age of Romanticism Across the Adriatic. .,N/A,N/A,N/A,N/A,N/A,3 points,N/A,,https://bulletin.columbia.edu/columbia-college/departments-instruction/italian/
N/A,CLIA GU4022 Diasporas in Italian and Transnational History. .,N/A,N/A,N/A,N/A,N/A,3 points,N/A,,https://bulletin.columbia.edu/columbia-college/departments-instruction/italian/
N/A,ITAL GU4022 THE QUR'AN IN EUROPE. .,N/A,N/A,N/A,N/A,N/A,3.00 points,N/A,,https://bulletin.columbia.edu/columbia-college/departments-instruction/italian/
N/A,"CLIA GU4023 Travel Literature in and from the Mediterranean, 18th-19th centuries. .",N/A,N/A,N/A,N/A,N/A,3 points,N/A,,https://bulletin.columbia.edu/columbia-college/departments-instruction/italian/
N/A,CLIA GU4024 Nationalism in Theory and History. .,N/A,N/A,N/A,N/A,N/A,3.00 points,N/A,"Were nations always there? Are they real or imagined? Do they come before or after nationalism and the state? How did we pass from a world of empires, duchies, and city-states to a world of nation-states? Where does legitimacy reside if not in God and his endowed kings? Is the modern world really ‘disenchanted’? How did we come to understand time, space, language, religion, gender, race, and even our very selves in the era of nations? Are we done with this era, living already in postnational times? This course will combine older theories of nationalism (Gellner, Anderson, Hobsbawm, Smith) with recent approaches of the phenomenon after the ‘Imperial/Global/Transnational Turn’ (Bayly, Conrad, Innes, Isabella, Reill, Stein etc.) and late studies in Gender, Race, Culture and Nationalism, in order to offer new answers to old questions. We will talk about many places around the world, but the main stage where we will try out our questions is Italy and the Mediterranean",https://bulletin.columbia.edu/columbia-college/departments-instruction/italian/
N/A,CLIA GU4025 Italian Migrations. .,N/A,N/A,N/A,N/A,N/A,3.00 points,N/A,"This course will offer an account of the multiple migrations out, in and through Italy since 1800. By combining history, literature, and film, and by approaching the topic through the lens of transnationalism, we will study different topics of Italian mobility, such as Exile and the Risorgimento, The Mediterranean in Motion, Migrants’ Experiences at Sea, The Great Italian “Exodus” to the Americas, Mobile Italy and its Colonies, The Lost Italian “Cosmopolitanisms” of the Middle East, Postwar Italian “National Refugees”, and Contemporary Migration to Italy. We will read masterpieces of Italian literature both by Italian-American authors and by contemporary migrants to Italy. We will watch some of the most important films and documentaries on these topics. And we will think about how such phenomena as Italian mass emigration in the long nineteenth century, Fascist colonialism and resettlement of populations in the twentieth century, postwar refugees, and contemporary immigrants to Italy are all intrinsically interconnected and make part of the same story. Overall, the aim of this course is to turn our gaze away from the territorially defined Italy, towards a view of Italy as a space on the move",https://bulletin.columbia.edu/columbia-college/departments-instruction/italian/
N/A,ITAL GU4043 Italian Renaissance Literature and Culture. .,N/A,N/A,N/A,N/A,N/A,3 points,N/A,,https://bulletin.columbia.edu/columbia-college/departments-instruction/italian/
N/A,"ITAL GU4057 ANTHROPOLOGY OF ITALIAN FOOD, FASHION, & DESIGN. .",N/A,N/A,N/A,N/A,N/A,3 points,N/A,,https://bulletin.columbia.edu/columbia-college/departments-instruction/italian/
N/A,ITAL GU4086 Castiglione and the Italian Renaissance Court. .,N/A,N/A,N/A,N/A,N/A,3 points,N/A,,https://bulletin.columbia.edu/columbia-college/departments-instruction/italian/
N/A,ITAL GU4089 Petrarch's Canzoniere. .,N/A,N/A,N/A,N/A,N/A,3 points,N/A,,https://bulletin.columbia.edu/columbia-college/departments-instruction/italian/
N/A,ITAL GU4091 DANTE'S DIVINA COMMEDIA 1. .,N/A,N/A,N/A,N/A,N/A,4.00 points,N/A,Prerequisites: SECTION 001: reading knowledge of Italian. SECTION 002: none.,https://bulletin.columbia.edu/columbia-college/departments-instruction/italian/
N/A,ITAL GU4100 Narratives of Modernity. .,N/A,N/A,N/A,N/A,N/A,3 points,N/A,,https://bulletin.columbia.edu/columbia-college/departments-instruction/italian/
N/A,ITAL GU4109 ITAL AUTOBIOGRPHY 19-20TH CENT. .,N/A,N/A,N/A,N/A,N/A,3.00 points,N/A,"Against the backdrop of the heated critical debate on the boundaries and limitations of the autobiographical genre, this course addresses the modern and contemporary tradition of autobiographical writings, focusing in particular (but not exclusively) on exploring and positing the potential difference between male and female autobiographers. More specifically, we will question the adequacy of the traditional model of autobiographical selfhood based on the assumption of unified, universal, exemplary and transcendent self to arrive at an understanding of women's autobiography. Topics to be addressed include: the crisis of the subject, je est un autre, the man with a movie camera, strategies of concealment and disclosures. Authors to be studied include: D'Annunzio, Pirandello, Svevo, Fellini, Moretti, Ortese, Ginzburg, Manzini, Cialente, Ramondino. In Italian",https://bulletin.columbia.edu/columbia-college/departments-instruction/italian/
N/A,ITAL GU4185 The Making of Italy: The Risorgimento in Global Context. .,N/A,N/A,N/A,N/A,N/A,3 points,N/A,,https://bulletin.columbia.edu/columbia-college/departments-instruction/italian/
N/A,ITAL GU4220 INTRO-HIST ＆ THEORY-LIT INTERP. .,N/A,N/A,N/A,N/A,N/A,3.00 points,N/A,,https://bulletin.columbia.edu/columbia-college/departments-instruction/italian/
N/A,CLIA GU4300 Renaissance Orientalism. .,N/A,N/A,N/A,N/A,N/A,3.00 points,N/A,"This course offers an overview of the scholarly debate about the Renaissance during the last twenty years (2001-2021), with a particular focus on the relationship between early modern Italy, Europe, and Muslim Eurasia. This class intends to give students insight into and philological tools to engage the current debate about the revision of the concept—and the period—of the Renaissance (broadly 1350-1570). We will read both primary (Petrarch, Pico della Mirandola, Galateo, Leonardo Bruni, Leo Africanus) and secondary sources in order to understand the main trends of philological and historical research about early modern Eurasia in the last twenty years. We will read about how Petrarch’s anti-Arabism has been analyzed and used by twentieth-century Medievalists. We will explore how Said’s Return to Philology influenced the study of the transmission of texts in the Early Modern World. Also, we will try to understand the role of Islam, Muhammad, and the Ottoman Empire in the evolution of European political thought. Similarly, we will dive into Early Modern European representations of the Muslim Other, as well as into Arabic travel writing about Early Modern Europe. The main goal of this class is to discuss with the students about what happened in the field of Renaissance studies in the last two decades, roughly between September 11, 2001 and our current “post”-pandemic world, with a particular attention to the study of literary texts, intellectual and cultural history, the history and theory of translation. In English",https://bulletin.columbia.edu/columbia-college/departments-instruction/italian/
N/A,ITAL GU4395 Fifty Years of Impatience: The Italian Novel between 1950-2000. .,N/A,N/A,N/A,N/A,N/A,3 points,N/A,,https://bulletin.columbia.edu/columbia-college/departments-instruction/italian/
N/A,CLIA GU4499 Mediterranean Humanities I. .,N/A,N/A,N/A,N/A,N/A,3.00 points,N/A,"Mediterranean Humanities I explores the literatures of the Mediterranean from the late Middle Ages to the Early Nineteenth Century. We will read Boccaccio, and Cervantes, as well as Ottoman poetry, Iberian Muslim apocalyptic literature, and the Eurasian connected versions of the One Thousand and One Nights. We will dive into the travel of texts and people, stories and storytellers across the shores of the Middle Sea. Based on the reading of literary texts (love poetry, short stories, theater, and travel literature), as well as letters, biographies, memoirs, and other ego-documents produced and consumed in the Early Modern Mediterranean, we will discuss big themes as Orientalism, estrangement, forced mobility, connectivity, multiculturalism and the clash of civilizations. Also, following in the footsteps of Fernand Braudel and Erich Auerbach, we will reflect on the Mediterranean in the age of the first globalization as a laboratory of the modern global world and world literature",https://bulletin.columbia.edu/columbia-college/departments-instruction/italian/
N/A,CLIA GU4700 The Mediterranean in History and Anthropology. .,N/A,N/A,N/A,N/A,N/A,3 points,N/A,,https://bulletin.columbia.edu/columbia-college/departments-instruction/italian/
N/A,ITAL GU4725 Pirandello and Modern Drama. .,N/A,N/A,N/A,N/A,N/A,3 points,N/A,,https://bulletin.columbia.edu/columbia-college/departments-instruction/italian/
N/A,CLIA GU4725 PIRANDELLO ＆ MOD ITALIAN DRAMA. .,N/A,N/A,N/A,N/A,N/A,3.00 points,N/A,,https://bulletin.columbia.edu/columbia-college/departments-instruction/italian/
N/A,HNGR UN3340 Advanced Hungarian Grammar. .,N/A,N/A,N/A,N/A,N/A,3 points,N/A,,https://bulletin.columbia.edu/columbia-college/departments-instruction/italian/
N/A,HNGR UN3341 ADVANCED READINGS IN HUNGARIAN. .,N/A,N/A,N/A,N/A,N/A,3.00 points,N/A,"Prerequisites: HNGR W1201-W1202 and HNGR W3340, or the equivalent.",https://bulletin.columbia.edu/columbia-college/departments-instruction/italian/
N/A,HNGR UN3343 DESCRIPTIVE GRAMMAR-HUNGARIAN. .,N/A,N/A,N/A,N/A,N/A,3.00 points,N/A,"This course is designed for those curious about the structure of Hungarian - an unusual language with a complex grammar quite different from English, or, indeed, any Indo -European language. The study of Hungarian, a language of the Finno-Ugric family, offers the opportunity to learn about the phonology of vowel harmony, the syntax of topic-comment discourse, verb agreement with subjects and objects, highly developed case systems and possessive nominal paradigms. In addition to its inflectional profile, Hungarian derivation possibilities are vast, combinatory, and playful. During the semester we will touch upon all the important grammatical aspects of Hungarian and discuss them in relation to general linguistic principles and discourse, and finally, through some text analysis, see them in action. Although the primary discussion will center on Hungarian, we will draw on comparisons to other Finno-Ugric languages, most notably Finnish and Komi; students are encouraged to draw on comparisons with their own languages of interest. No prerequisite. Counts as Core Linguistics",https://bulletin.columbia.edu/columbia-college/departments-instruction/italian/
N/A,JAZZ GU4900 Jazz and the Literary Imagination. .,N/A,N/A,N/A,N/A,N/A,3 points,N/A,,https://bulletin.columbia.edu/columbia-college/departments-instruction/jazz-studies/
N/A,JAZZ GU4920 Jazz and Cinema. .,N/A,N/A,N/A,N/A,N/A,3 points,N/A,,https://bulletin.columbia.edu/columbia-college/departments-instruction/jazz-studies/
N/A,"HIST GU4601 JEWS-LATER ROMAN EMP,300-600CE. .",N/A,N/A,N/A,N/A,N/A,4.00 points,N/A,"This course will explore the background and examine some of the manifestations of the first Jewish cultural explosion after 70 CE. Among the topics discussed: the Late Roman state and the Jews, the rise of the synagogue, the redaction of the Palestinian Talmud and midrashim, the piyyut and the Hekhalot",https://bulletin.columbia.edu/columbia-college/departments-instruction/jewish-studies/
N/A,AKAD OC1101 ELEMENTARY AKKADIAN I. .,N/A,N/A,N/A,N/A,N/A,3.00 points,N/A,,https://bulletin.columbia.edu/columbia-college/departments-instruction/language-resource-center/
N/A,AKAD OC1102 ELEMENTARY AKKADIAN II. .,N/A,N/A,N/A,N/A,N/A,3.00 points,N/A,"Introduction to cuneiform script and to the Akkadian language, with emphasis on grammatical structure",https://bulletin.columbia.edu/columbia-college/departments-instruction/language-resource-center/
N/A,AKAD OC2102 INTERMEDIATE AKKADIAN II. .,N/A,N/A,N/A,N/A,N/A,3.00 points,N/A,Further readings in Akkadian literature,https://bulletin.columbia.edu/columbia-college/departments-instruction/language-resource-center/
N/A,EGYP OC1102 ELEMENTARY ANCIENT EGYPTIAN II: INTRO TO CLASSICAL HIEROGLYPHIC EGYPTIAN (MIDDLE EGYPTIAN). .,N/A,N/A,N/A,N/A,N/A,4.00 points,N/A,"This course, the second in a two-semester sequence, will introduce students to the Middle Egyptian (Classical) dialect of the ancient Egyptian language. Students will become familiar with the hieroglyphic writing system, as well as key elements of the grammar and vocabulary of Middle Egyptian",https://bulletin.columbia.edu/columbia-college/departments-instruction/language-resource-center/
N/A,EGYP OC2101 INTERMEDIATE ANCIENT EGYPTIAN I: ANCIENT EGYPTIAN TEXTS. .,N/A,N/A,N/A,N/A,N/A,4.00 points,N/A,Advanced readings in ancient Egyptian texts,https://bulletin.columbia.edu/columbia-college/departments-instruction/language-resource-center/
N/A,EGYP OC2102 INTERMEDIATE ANCIENT EGYPTIAN II: ANCIENT EGYPTIAN TEXTS. .,N/A,N/A,N/A,N/A,N/A,4.00 points,N/A,"This course will focus on reading Middle Egyptian texts in a variety of genres. Special consideration will be given to the grammar of the texts, as well as the materiality and historical, cultural, and archaeological context",https://bulletin.columbia.edu/columbia-college/departments-instruction/language-resource-center/
N/A,ARAM OC1102 ELEMENTARY ARAMAIC II. .,N/A,N/A,N/A,N/A,N/A,3.00 points,N/A,,https://bulletin.columbia.edu/columbia-college/departments-instruction/language-resource-center/
N/A,ARAM OC2101 INTERMEDIATE ARAMAIC I. .,N/A,N/A,N/A,N/A,N/A,3.00 points,N/A,,https://bulletin.columbia.edu/columbia-college/departments-instruction/language-resource-center/
N/A,ARAM OC2102 INTERMEDIATE ARAMAIC II. .,N/A,N/A,N/A,N/A,N/A,3.00 points,N/A,,https://bulletin.columbia.edu/columbia-college/departments-instruction/language-resource-center/
N/A,BURM UN1102 ELEMENTARY BURMESE II. .,N/A,N/A,N/A,N/A,N/A,4.00 points,N/A,This course is the second part of the Elementary Burmese level and aims to train students to achieve basic skills in Burmese. In this course student will continue to develop their competency in reading and writing the Burmese script. Students will also continue to practice basic spoken Burmese,https://bulletin.columbia.edu/columbia-college/departments-instruction/language-resource-center/
N/A,BURM UN2101 Intermediate Burmese. .,N/A,N/A,N/A,N/A,N/A,4.00 points,N/A,"This course is for students who have taken first-year Burmese or learned some Burmese elsewhere and know how to read and write Burmese script. Students will continue learning all major aspects of the language at the intermediate level, including the reading and understanding of formal-style texts. In spoken Burmese, students will practice communicating at the increasingly complicated and practically useful level. Some of the assignments are completed online using interactive video and audio materials",https://bulletin.columbia.edu/columbia-college/departments-instruction/language-resource-center/
N/A,BURM UN2102 Intermediate Burmese II. .,N/A,N/A,N/A,N/A,N/A,4.00 points,N/A,"This course extends intermediate language study in the Burmese language, building on structures and concepts introduced in Intermediate Burmese I. Students will hone their competency in reading and writing Burmese script, including formal style. Students will also practice spoken Burmese using compound sentences",https://bulletin.columbia.edu/columbia-college/departments-instruction/language-resource-center/
N/A,BURM UN3101 ADVANCED BURMESE. .,N/A,N/A,N/A,N/A,N/A,3.00 points,N/A,,https://bulletin.columbia.edu/columbia-college/departments-instruction/language-resource-center/
N/A,BURM UN3998 SUPERVISED READINGS I. .,N/A,N/A,N/A,N/A,N/A,4 points,N/A,,https://bulletin.columbia.edu/columbia-college/departments-instruction/language-resource-center/
N/A,CHRK UN1101 Elementary Cherokee I. .,N/A,N/A,N/A,N/A,N/A,4.00 points,N/A,"An introduction to the Cherokee language, with emphasis on Cherokee culture and history, grammar, vocabulary, and conversational and comprehension skills. The focus is on the use of visual and audio materials, communicative activities, and interaction with Cherokee speakers and community members",https://bulletin.columbia.edu/columbia-college/departments-instruction/language-resource-center/
N/A,CHRK UN2101 Intermediate Cherokee I. .,N/A,N/A,N/A,N/A,N/A,4.00 points,N/A,"Students continue to expand their knowledge of the Cherokee language through the use of visual and audio materials, as well as various communicative activities. The goals and objectives of this course include transcribing from Cherokee syllabary to phonetics, conjugating simple verbs in the progressive past, present, habitual, and progressive future, and reading and comprehending levels of text written between novice low to intermediate low in the Cherokee syllabary and phonetics",https://bulletin.columbia.edu/columbia-college/departments-instruction/language-resource-center/
N/A,KHMR UN1101 Elementary Khmer I. .,N/A,N/A,N/A,N/A,N/A,4 points,N/A,,https://bulletin.columbia.edu/columbia-college/departments-instruction/language-resource-center/
N/A,KHMR UN1102 Elementary Khmer II. .,N/A,N/A,N/A,N/A,N/A,4 points,N/A,,https://bulletin.columbia.edu/columbia-college/departments-instruction/language-resource-center/
N/A,NEPA UN2102 Intermediate Nepali II. .,N/A,N/A,N/A,N/A,N/A,4.00 points,N/A,"Intermediate instruction in spoken grammar and verbal comprehension skills, with special attention to developing technical vocabularies and other verbal skills appropriate to students' professional fields",https://bulletin.columbia.edu/columbia-college/departments-instruction/language-resource-center/
N/A,SINH UN1102 Elementary Sinhala II. .,N/A,N/A,N/A,N/A,N/A,4 points,N/A,,https://bulletin.columbia.edu/columbia-college/departments-instruction/language-resource-center/
N/A,SINH UN2102 Intermediate Sinhala II. .,N/A,N/A,N/A,N/A,N/A,4 points,N/A,Prerequisites: SINH W1101-1102 or the instructor's permission.,https://bulletin.columbia.edu/columbia-college/departments-instruction/language-resource-center/
N/A,SUMR GU4101 BEGINNING SUMERIAN I. .,N/A,N/A,N/A,N/A,N/A,3.00 points,N/A,,https://bulletin.columbia.edu/columbia-college/departments-instruction/language-resource-center/
N/A,SUMR GU4102 BEGINNING SUMERIAN II. .,N/A,N/A,N/A,N/A,N/A,3.00 points,N/A,,https://bulletin.columbia.edu/columbia-college/departments-instruction/language-resource-center/
N/A,YORU UN1102 Elementary Yoruba II. .,N/A,N/A,N/A,N/A,N/A,4 points,N/A,,https://bulletin.columbia.edu/columbia-college/departments-instruction/language-resource-center/
N/A,YORU UN2102 Intermediate Yoruba II. .,N/A,N/A,N/A,N/A,N/A,4 points,N/A,Prerequisites: YORU W1101-W1102 or the instructor's permission.,https://bulletin.columbia.edu/columbia-college/departments-instruction/language-resource-center/
N/A,YORU UN3102 ADVANCED YORUBA II. .,N/A,N/A,N/A,N/A,N/A,3.00 points,N/A,,https://bulletin.columbia.edu/columbia-college/departments-instruction/language-resource-center/
N/A,SPAN UN1120 COMPREHENSIVE BEGINNING SPAN. .,N/A,N/A,N/A,N/A,N/A,4.00 points,N/A,"Prerequisites: This course is an intensive and fast-paced coverage of both SPAN W1101 and SPAN W1102. Students MUST meet the following REQUIREMENTS: 1. A minimum of 3 years of high school Spanish (or the equivalent) AND a score of 330 or above in the Department's Placement Examination, OR 2. fluency in a language other than English (preferably another Romance language). If you fulfill the above requirements, you do not need instructor's permission to register. HOWEVER, the instructor will additionally assess student proficiency during the Change of Program Period. Students who do not have the necessary proficiency level may not remain in this course.
Intensive, fast-paced elementary Spanish course for multilingual learners who have had little to no formal education in Spanish. Replaces the sequence SPAN UN1101-SPAN UN1102. Prerequisites: Take the Department's Language Placement Examination. (It is only for diagnostic purposes, to assess your language learning skills, not your knowledge of Spanish). If you score approximately 330 OR MORE, you may qualify for this course if: - you have had little to no formal education in Spanish, AND - you identify with ONE of the following language learner profiles: Learners of Spanish as a 3rd language: fluent in a language other than English Informal learners of Spanish: English speakers who have “picked up” Spanish by interacting with Spanish speakers in informal settings “Receptive” Spanish heritage learners: English dominant, but you understand Spanish spoken by family and community members (The exam is only an initial assessment for diagnostic purposes. Your score might be high, even if you have never studied Spanish in a formal setting). You do not need my permission to register*. I will further assess your level during the Change of Program period. Feel free to contact me if you have any questions or if you are unsure about your placement in this course. *Students who do not have the necessary proficiency level may not remain in this course. All Columbia students must take Spanish language courses (UN 1101-3300) for a letter grade",https://bulletin.columbia.edu/columbia-college/departments-instruction/latin-american-iberian-cultures/
N/A,SPAN UN3991 SENIOR SEMINAR. .,N/A,N/A,N/A,N/A,N/A,4.00 points,N/A,"Prerequisites: senior major or concentrator status.
The course is a requirement for all the LAIC majors. In this seminar, students develop an individual research project and write an essay under the guidance of the course’s instructor and in dialogue with the other participants’ projects After an introductory theoretical and methodological section, and a research session at the library, the syllabus is entirely constructed on the students’ projects. Every participant is in charge of a weekly session. Essay outlines and drafts are discussed with the group throughout the semester. The final session is a public symposium with external respondents",https://bulletin.columbia.edu/columbia-college/departments-instruction/latin-american-iberian-cultures/
N/A,SPAN UN3315 New York as Theatre of Spanish Modernity. .,N/A,N/A,N/A,N/A,N/A,3 points,N/A,,https://bulletin.columbia.edu/columbia-college/departments-instruction/latin-american-iberian-cultures/
N/A,SPAN UN3366 Unseen Things: Fantastic Narratives in Contemporary Spain. .,N/A,N/A,N/A,N/A,N/A,3 points,N/A,,https://bulletin.columbia.edu/columbia-college/departments-instruction/latin-american-iberian-cultures/
N/A,SPAN UN3731 ENV. ＆ CITI: CULTRS OF IBERIAN PENINSULA. .,N/A,N/A,N/A,N/A,N/A,3.00 points,N/A,,https://bulletin.columbia.edu/columbia-college/departments-instruction/latin-american-iberian-cultures/
N/A,SPAN GU4010 LANGUAGE CROSSING IN LATINX CARIBBEAN CULTURAL PRODUCTION. .,N/A,N/A,N/A,N/A,N/A,3 points,N/A,,https://bulletin.columbia.edu/columbia-college/departments-instruction/latin-american-iberian-cultures/
N/A,SPAN G4030 Spanish Pragmatics. .,N/A,N/A,N/A,N/A,N/A,4 points,N/A,,https://bulletin.columbia.edu/columbia-college/departments-instruction/latin-american-iberian-cultures/
N/A,CPLS GU4810 Theories of the Subject. .,N/A,N/A,N/A,N/A,N/A,4 points,N/A,,https://bulletin.columbia.edu/columbia-college/departments-instruction/latin-american-iberian-cultures/
N/A,PORT UN3101 CONVERS ABOUT LUSOPHONE WORLD. .,N/A,N/A,N/A,N/A,N/A,3.00 points,N/A,"Prerequisites: PORT W1220.
Prerequisites: PORT W1220. This conversation class will help students develop their oral proficiency in Portuguese. We will discuss current events, participate in challenging pronunciation exercises, improve understanding of Portuguese idioms, develop conversation strengths, confront weaknesses, and increase fluency in spoken Portuguese",https://bulletin.columbia.edu/columbia-college/departments-instruction/latin-american-iberian-cultures/
N/A,"LING UN3102 Endangered Languages in the Global City: Lang, Culture, and Migration in Contempary NYC. .",N/A,N/A,N/A,N/A,N/A,3.00 points,N/A,"Of the world’s estimated 7,000 languages – representing migrations and historical developments thousands of years old – the majority are oral, little-documented, and increasingly endangered under the onslaught of global languages like English. This course will take the unprecedented, paradoxical linguistic capital of New York City as a lens for examining how immigrants form communities in a new land, how those communities are integrated into the wider society, and how they grapple with linguistic and cultural loss. Interdisciplinary with an experiential learning component, the course will focus on texts, materials, encounters, and fieldwork with three of the city’s newest and least-studied indigenous immigrant communities (indigenous Latin Americans, Himalayans, and Central Asians).Indigeneity, though often invisible or perceived as marginal in global cities like New York, is in fact pervasive and fundamental. Cities now constitute a crucial site for understanding migration and cultural change, with language a vehicle for culture. Studying cultures only in situ (i.e. in their homelands) risks missing a crucial dimension. Students will be immersed in stateless, oral, immigrant cultures while also gaining a hands-on critical understanding of language endangerment and urban sociolinguistic research, first through field experiences and guest speakers (Endangered Language Alliance partners) and then by going out together into communities to work on projects in small teams. The Endangered Language Alliance (ELA), where the instructor is Co-Director, was formed as a non-profit research institute in 2010 as a forum for researchers, community members, activists, artists, and other New Yorkers to come together to support indigenous and minority languages. ELA’s video recordings provide first-hand testimony of endangered languages in the global city – in indigenous languages with English translation – available in few other places. Those texts will be central to this course, supplemented by the new,first-ever, detailed language map of New York City being produced by ELA",https://bulletin.columbia.edu/columbia-college/departments-instruction/linguistics/
N/A,LING UN3997 Supervised Individual Research. .,N/A,N/A,N/A,N/A,N/A,2-4 points,N/A,,https://bulletin.columbia.edu/columbia-college/departments-instruction/linguistics/
N/A,LING UN3998 Supervised Individual Research. .,N/A,N/A,N/A,N/A,N/A,2-4 points,N/A,,https://bulletin.columbia.edu/columbia-college/departments-instruction/linguistics/
N/A,LING GU4108 LANGUAGE HISTORY. .,N/A,N/A,N/A,N/A,N/A,3.00 points,N/A,"Prerequisites: LING UN3101 LING W3101.
Prerequisites: LING UN3101 Language, like all components of culture, is structured and conventional, yet can nevertheless change over time. This course examines how language changes, firstly as a self-contained system that changes organically and autonomously, and secondly as contextualized habits that change in time, in space, and in communities. Workload: readings ＆ discussion, weekly problems, and final examination",https://bulletin.columbia.edu/columbia-college/departments-instruction/linguistics/
N/A,LING GU4171 LANGUAGES OF AFRICA. .,N/A,N/A,N/A,N/A,N/A,3.00 points,N/A,,https://bulletin.columbia.edu/columbia-college/departments-instruction/linguistics/
N/A,LING GU4172 The Structure of Cambodian. .,N/A,N/A,N/A,N/A,N/A,3 points,N/A,,https://bulletin.columbia.edu/columbia-college/departments-instruction/linguistics/
N/A,LING GU4190 DISCOURSE ANALYSIS. .,N/A,N/A,N/A,N/A,N/A,3.00 points,N/A,"Prerequisites: LING UN3101 LING W3101.
Prerequisites: LING UN3101 How discourse works; how language is used: oral vs. written modes of language; the structure of discourse; speech acts and speech genres; the expression of power; authenticity; and solidarity in discourse, dialogicity, pragmatics, and mimesis",https://bulletin.columbia.edu/columbia-college/departments-instruction/linguistics/
N/A,LING GU4206 ADV GRAMMAR AND GRAMMARS. .,N/A,N/A,N/A,N/A,N/A,3.00 points,N/A,"Prerequisites: LING UN3101 LING W3101.
An investigation of the possible types of grammatical phenomena (argument structure, tense/aspect/mood, relative clauses, classifiers, and deixis). This typological approach is enriched by the reading of actual grammars of languages from Asia, Africa, Australia, and the Americas in which gramatical descriptions are read with an eye to important notional concepts of grammar: reference and categorization, case and role of arguments with predicates (ergativity), tense/aspect/mood. Discussion of meaning is combined with attention to expression (that is, morphology), which yanks our attention towards language change (grammaticalization)",https://bulletin.columbia.edu/columbia-college/departments-instruction/linguistics/
N/A,LING GU4903 SYNTAX. .,N/A,N/A,N/A,N/A,N/A,3.00 points,N/A,"Prerequisites: LING UN3101 LING W3101.
Prerequisites: LING UN3101 Syntax - the combination of words - has been at the center of the Chomskyan revolution in Linguistics. This is a technical course which examines modern formal theories of syntax, focusing on later versions of generative syntax (Government and Binding) with secondary attention to alternative models (HPSG, Categorial Grammar)",https://bulletin.columbia.edu/columbia-college/departments-instruction/linguistics/
N/A,MATH UN3007 COMPLEX VARIABLES. .,N/A,N/A,N/A,N/A,N/A,3.00 points,N/A,"Prerequisites: MATH UN1202 MATH V1202. An elementary course in functions of a complex variable.
Prerequisites: MATH UN1202 An elementary course in functions of a complex variable. Fundamental properties of the complex numbers, differentiability, Cauchy-Riemann equations. Cauchy integral theorem. Taylor and Laurent series, poles, and essential singularities. Residue theorem and conformal mapping.(SC)",https://bulletin.columbia.edu/columbia-college/departments-instruction/mathematics/
N/A,MATH UN3901 SUPERVISED READINGS I. .,N/A,N/A,N/A,N/A,N/A,1.00-3.00 points,N/A,"Prerequisites: the written permission of the staff member who agrees to act as sponsor (sponsorship limited to full-time instructors on the staff list), as well as the director of undergraduate studies' permission. The written permission must be deposited with the director of undergraduate studies before registration is completed.
Prerequisites: The written permission of the faculty member who agrees to act as sponsor (sponsorship limited to full-time instructors on the staff list), as well as the permission of the Director of Undergraduate Studies. The written permission must be deposited with the Director of Undergraduate Studies before registration is completed. Guided reading and study in mathematics. A student who wishes to undertake individual study under this program must present a specific project to a member of the staff and secure his or her willingness to act as sponsor. Written reports and periodic conferences with the instructor. Supervising Readings do NOT count towards major requirements, with the exception of an advanced written approval by the DUS",https://bulletin.columbia.edu/columbia-college/departments-instruction/mathematics/
N/A,MATH GU4155 PROBABILITY THEORY. .,N/A,N/A,N/A,N/A,N/A,3.00 points,N/A,"Prerequisites: MATH GU4061 or MATH UN3007 MATH W4061 or MATH V3007.
Prerequisites: MATH GU4061 or MATH UN3007 A rigorous introduction to the concepts and methods of mathematical probability starting with basic notions and making use of combinatorial and analytic techniques. Generating functions. Convergence in probability and in distribution. Discrete probability spaces, recurrence and transience of random walks. Infinite models, proof of the law of large numbers and the central limit theorem. Markov chains",https://bulletin.columbia.edu/columbia-college/departments-instruction/mathematics/
N/A,MATH GU4391 INTRO TO QUANTUM MECHANICS. .,N/A,N/A,N/A,N/A,N/A,3.00 points,N/A,"This course will focus on quantum mechanics, paying attention to both the underlying mathematical structures as well as their physical motivations and consequences. It is meant to be accessible to students with no previous formal training in quantum theory. The role of symmetry, groups and representations will be stressed",https://bulletin.columbia.edu/columbia-college/departments-instruction/mathematics/
N/A,MATH GU4392 INTRO TO QUANTUM MECHANICS II. .,N/A,N/A,N/A,N/A,N/A,3.00 points,N/A,,https://bulletin.columbia.edu/columbia-college/departments-instruction/mathematics/
N/A,MDES UN1001 CRITICAL THEORY: A GLOBAL PERSPECTIVE. .,N/A,N/A,N/A,N/A,N/A,4.00 points,N/A,"The purpose of this foundational course is to introduce Columbia undergraduate students, in the context of their Global Core curriculum, to the seminal field of critical theory. The historical domain of this course is within the last century and its geographical spectrum is global. European critical thinkers are included in this course but not privileged. Thinkers from Asia, Africa, Europe, North, South, and Latin America, are examined here in chronological order and in equal democratic footing with each other. This course as a result is decidedly cross-cultural, one step forward towards de-alienating critical thinkers from around the globe and the issues they address without pigeonholing them as something “other” or “different.” The course is designed and offered in the true spirit of the “Global Core.” The purpose of the course is to reach for the common denominator of serious critical thinking about the fate of our humanity and the health of our social relations in an increasingly fragile world—where the false binaries of “the West” and “the Rest” no longer hold. The roster of critical thinkers we will examine is by no means exhaustive but representative. Any number of other critical thinkers can be added to this roster but none of those we will examine can be excluded from them. The course is divided into thirteen successive weeks and for each week a number of seminal, original, and groundbreaking texts are identified. Each week we will examine selected passages from these texts. The course is designed as a lecture course, and my lectures are based on the totality of these texts but students will be assigned specific shorter passages to read",https://bulletin.columbia.edu/columbia-college/departments-instruction/middle-eastern-south-asian-african-studies/
N/A,ASCM UN2003 INTRO TO ISLAMIC CIVILIZATION. .,N/A,N/A,N/A,N/A,N/A,4.00 points,N/A,"Lecture and recitation. Islamic civilization and its characteristic intellectual, political, social, and cultural traditions up through 1800. Note: Students must register for a discussion section, ASCM UN2113",https://bulletin.columbia.edu/columbia-college/departments-instruction/middle-eastern-south-asian-african-studies/
N/A,"MDES UN2004 Conflicts: Race, Region, Religion. .",N/A,N/A,N/A,N/A,N/A,4.00 points,N/A,"Prior to “conflict resolution,” there is conflict. But what is conflict and how do we understand it? This introductory lecture course proposes to explore established objects in their presumed ties to the fact and concept of “conflict.” We will inquire into the nature of conflict as well as into the kinds of conflicts that operate, or seem to operate, perhaps even to structure, the understanding of race, of region, and of religion. We will attend to the solidity and fragility of geographic divisions (regional and trans regional conflicts), their history (modern / premodern, colonial / pre- and post-colonial), the emergence of race (racial and ethnic conflicts), the pertinence of religions (religious strife and violence), their relation to political associations (religion and politics, religion and nationalism) and to other social and/or economic divisions (class, gender). We will interrogate the analytic and descriptive value of keywords like war, enmity, dispute, division, partition. We will also reflect on disciplinary tensions and divisions toward an understanding and perpetuation of conflict. Finally, we will think about the possibility and impossibility of “speaking with the enemy.”",https://bulletin.columbia.edu/columbia-college/departments-instruction/middle-eastern-south-asian-african-studies/
N/A,ASCM UN2008 CONTEMP ISLAMIC CIVILIZATION. .,N/A,N/A,N/A,N/A,N/A,4.00 points,N/A,"Lecture and recitation. No previous study of Islam is required. The early modern, colonial, and post-colonial Islamic world studied through historical case studies, translated texts, and recent anthropological research. Topics include Sufism and society, political ideologies, colonialism, religious transformations, poetry, literature, gender, and sexuality",https://bulletin.columbia.edu/columbia-college/departments-instruction/middle-eastern-south-asian-african-studies/
N/A,MDES UN2012 Finding Happiness: Readings in Arab-Islamic Texts. .,N/A,N/A,N/A,N/A,N/A,4.00 points,N/A,"The quest for happiness predates writing itself. In this course, we read together some of the monumental and foundational texts that questioned, interrogated, but also defined and redefined happiness from the premodern Arab-Islamic tradition. Is happiness an absence of something or the presence of something? Is it found or actively pursued? Is one happy being alone or in a society? Are friends necessary to our happiness? Is the perfection of the self, morals, and character happiness? Emphasis lies on the exploration of the themes of the assigned works through close reading and discussion. The course will pay additional attention to the contextualization of the texts. Emphasis lies on the active study of the assigned works through close reading, discussion, and creative assignments",https://bulletin.columbia.edu/columbia-college/departments-instruction/middle-eastern-south-asian-african-studies/
N/A,MDES UN2042 South Asia at the Crossroads of Empires. .,N/A,N/A,N/A,N/A,N/A,3.00 points,N/A,"In this course we will study the late colonial and early post-colonial periods of South Asian history together. Some of the events we will cover include: the climax of anti-colonial movements in South Asia, WWII as it developed in South and Southeast Asia, the partition of British India, the two Indo-Pakistan wars, and the 1971 Bangladesh War. While we will read selected secondary literature, we will focus on a range of primary sources, including original radio broadcasts and oral history interviews. We will also study artistic interpretations of historical developments, including short stories and films. In this course, we will strive to remain attentive to the important changes engendered by colonialism, while simultaneously recognizing the agency of South Asians in formulating their own modernities during this critical period. We will also seek to develop a narrative of modern South Asian history, which is attentive to parallel and/or connected events in other regions",https://bulletin.columbia.edu/columbia-college/departments-instruction/middle-eastern-south-asian-african-studies/
N/A,MDES UN2641 CINEMAS OF INDIA. .,N/A,N/A,N/A,N/A,N/A,3.00 points,N/A,"This course offers an expansive journey through the forms, pleasures, and meanings of Indian cinema. It explores the plural beginnings of popular film; the many competing cinemas produced across India; the diverse protagonists (from vamps to vigilantes) that populate the imagined entity named ‘national cinema’; and the varied audiences addressed by these cinemas. Over the course of the semester, we will watch 15 of the most iconic narrative films produced in India, including Diamond Queen (1940), Awara (1951), Deewar (1975), Roja (1992), Mahanagar (1963), and Bandit Queen (1994). As we voyage with the dynamic, shifting codes and priorities of India’s fiction filmmaking, we also shadow the emergence of the Indian nation and contestations of its coherence",https://bulletin.columbia.edu/columbia-college/departments-instruction/middle-eastern-south-asian-african-studies/
N/A,HSME UN2915 AFRICA BEFORE COLONIALISM. .,N/A,N/A,N/A,N/A,N/A,3.00 points,N/A,"This course is an interdisciplinary exploration of the precolonial history of the African continent. It investigates in-depth the political, social, cultural and economic developments of different Africa communities, covering various regions and periods, from prehistory to the formation of the Indian Ocean and Atlantic worlds. Its focus is the intersection of politics, economics, culture and society. Using world history and Africa’s location in the production of history as key analytical frames, it pays special attention to social, political and cultural changes that shaped the various individual and collective experiences of African peoples and states and the historical discourses associated to them",https://bulletin.columbia.edu/columbia-college/departments-instruction/middle-eastern-south-asian-african-studies/
N/A,MDES UN3048 Pandemics: A Global History. .,N/A,N/A,N/A,N/A,N/A,3.00 points,N/A,"With an interdisciplinary perspective, this course seeks to expand the understanding of past pandemic crises and recent, lived pandemics such as COVID-19. COVID-19 has brought up urgent questions about how we can understand and historicize pandemics and trace the changing relationship between disease and its vectors, humans and their environments. This course seeks to expand the understanding of past and recent pandemics through a historical lens that traces the deep seated racial and class disparities, social and cultural stigma, and political responses and control that they were expressed and deployed during these historical crises. It seeks to understand and analyze pandemics as representing complex, disruptive and devastating crises that effect profound transformations in ideas, social and economic relations and challenge interdependent networks and cultures. Pandemics are balanced in a global-local flux between dramaturgic, proliferating, contagious outbreaks; and endemic, chronic infections that have prolonged periods of latency before again remerging through new transmissions. They also serve as a crucial lens to analyze a range of historical connections, ensions and movements ranging from colonialism and the politics of borders, global capitalism and labor, migration and mobility, decolonization and development, and neoliberalism and global health politics",https://bulletin.columbia.edu/columbia-college/departments-instruction/middle-eastern-south-asian-african-studies/
N/A,MDES UN3121 Literature and Cultures of Struggle in South Africa. .,N/A,N/A,N/A,N/A,N/A,3 points,N/A,,https://bulletin.columbia.edu/columbia-college/departments-instruction/middle-eastern-south-asian-african-studies/
N/A,CLME UN3221 ARABIC LITERATURE AS WORLD LITERATURE. .,N/A,N/A,N/A,N/A,N/A,4.00 points,N/A,"This seminar focuses on Arabic literature in the world, as World Literature. The focus will be on pre-modern and modern Arabic literary works that traveled and circulated and were adapted to and acquired individual meanings in different cultures. We will look at literary works that achieved ‘worldliness’ through either writing back to the center or through international literary prizes. We will consider how literary works travel and circulate through their fusion with regional concepts, or even take on new meanings at different times and places. Admittedly, also, we will look into the strengths, weaknesses, and criticism surrounding World Literature",https://bulletin.columbia.edu/columbia-college/departments-instruction/middle-eastern-south-asian-african-studies/
N/A,MDES UN3421 Islamic Central Asia. .,N/A,N/A,N/A,N/A,N/A,3 points,N/A,,https://bulletin.columbia.edu/columbia-college/departments-instruction/middle-eastern-south-asian-african-studies/
N/A,MDES UN3445 SOCIETIES/CULTRS: INDIAN OCEAN. .,N/A,N/A,N/A,N/A,N/A,3.00 points,N/A,"This course introduces the Indian Ocean as a region linking the Middle East, East Africa, South and Southeast Asia. With a focus on both continuities and rupture from the medieval to the modern period, we study select cultures and societies brought into contact through interregional migration and travel from the 10th to 20th centuries. Different types of people - nobles, merchants, soldiers, statesmen, sailors, scholars, slaves - experienced mobility in different ways. How did different groups of people represent such mobilities? What kinds of political, economic, and social cooperation, accommodation or conflict did different Indian Ocean encounters engender? We read some of the newest humanities and social science scholarship, as well as primary sources ranging from manuscript illustrations, sailor’s stories, merchant letters, travelogues, pilgrimage accounts, colonial documents, memoirs, and diplomatic accounts",https://bulletin.columbia.edu/columbia-college/departments-instruction/middle-eastern-south-asian-african-studies/
N/A,MDES UN3644 Visual Cultures of Modern South Asia. .,N/A,N/A,N/A,N/A,N/A,3 points,N/A,,https://bulletin.columbia.edu/columbia-college/departments-instruction/middle-eastern-south-asian-african-studies/
N/A,MDES UN3923 CNTRL QUESTIONS IN ISLAMIC LAW. .,N/A,N/A,N/A,N/A,N/A,3.00 points,N/A,"Through detailed discussions of certain landmarks in Islamic legal history (e.g. origins; early formation; sources of law; intellectual make-up; the workings of court; legal change; women in the law; legal effects of colonialism; modernity and legal reform, etc.), the course aims at providing an introductory but integrated view of Islamic law, a definition, so to speak, of what it was/is. Please note, this course must be taken for a letter grade",https://bulletin.columbia.edu/columbia-college/departments-instruction/middle-eastern-south-asian-african-studies/
N/A,MDES GU4049 Climate and Empire. .,N/A,N/A,N/A,N/A,N/A,4.00 points,N/A,"Climate change destabilizes the ontic certainty of this world, time, and history. This course in MESAAS will introduce students to the literature on climate change and its relationship to ontology, religion, violence, politics, and gender. We will explore the resilience and limitations of various theoretical approaches as they relate to empirical cases. Students will become familiarized with important arguments that have been advanced to explain climate change in its more recent incarnations in the Middle East and Asia. How have different trajectories of understanding climate change led to different kinds of political cultures and governing institutions? Have some qualities of the “environment” or “climate” remained the same throughout history and across the globe? What is the role of colonialism in modern understandings of climate change? The core of this course will seek to develop a mode of conceptualizing the present by rendering relevant geological time in addition to historical time, earth’s history in addition to world’s history. The course begins with the question of how the “climate” has been historically and ethnographically conceptualized in various intellectual trajectories of human sciences. We consider how religion is connected to environmental change, how the “human” and “non human” are conceptualized in various ontologies, and how religious norms and ethics enact environmental practices. We interrogate the everyday sociality of climate adaption and how climate conflict informs social, political, and environmental citizenship. The course concludes by contemplating the creative ways of being in this new world. We study the innovative forms of cosmopolitan neo-humanism (post- humanism) that emerge from the specter of environmental change",https://bulletin.columbia.edu/columbia-college/departments-instruction/middle-eastern-south-asian-african-studies/
N/A,MDES GU4151 DEBATES ON CAPITALISM. .,N/A,N/A,N/A,N/A,N/A,4.00 points,N/A,"Within the literature on the history of capitalism there is a lively debate that seeks to explain the world-historical transition from feudal and tributary modes of production to the capitalist mode of production. Substantial issues raised in this debate include the question of whether capitalism can be characterized as a mode of production dominated by the exploitation of free labour; the role of international trade in the origin and development of capitalism; and the role of agriculture in promoting a transition to capitalism. Through the publication of two key texts in the late 1970s Robert Brenner's proposition that capitalism had its origins in English agriculture came to dominate the transition debate. More recently, however, there have been a number of publications that seek to challenge the Anglo-centric and Eurocentric tendencies of the entire transition debate. This course begins with the Brenner debates and then takes up revisions, critiques and challenges to that debate. Ultimately, the aim of the course is to more clearly understand the place of non-European polities and peoples in the history and development of capitalism",https://bulletin.columbia.edu/columbia-college/departments-instruction/middle-eastern-south-asian-african-studies/
N/A,MDES GU4160 Major Debates in the Study of Africa. .,N/A,N/A,N/A,N/A,N/A,4 points,N/A,,https://bulletin.columbia.edu/columbia-college/departments-instruction/middle-eastern-south-asian-african-studies/
N/A,CLME GU4221 Literary Encounters and Reading across the Wor(l)ds. .,N/A,N/A,N/A,N/A,N/A,4.00 points,N/A,"The focus of this seminar will be exploring the conception of encounters, and contact zones, throughout a selection of Arabic literary works. The course will explore the history of translation in Arabic literary history, the introduction of prose and its development; the Arabic readerly culture; the colonial encounter and its effect on language and form of literature. We will not read encounter as one-way traffc only, but we will also read it as a two-way process. We will read non-Arabic works that were influenced by the texts we are reading and their literary reception in other literary traditions. We will also consider the institution of literary prizes as a form of encounter and analyze the power of celebrity culture on the readership of the contemporary Arabic novel",https://bulletin.columbia.edu/columbia-college/departments-instruction/middle-eastern-south-asian-african-studies/
N/A,CLME GU4231 COLD WAR ARAB CULTURE. .,N/A,N/A,N/A,N/A,N/A,4.00 points,N/A,"This course studies the effects and strategies of the cold war on Arab writing, education, arts and translation, and the counter movement in Arab culture to have its own identities. As the cold war functioned and still functions on a global scale, thematic and methodological comparisons are drawn with Latin America, India and Africa",https://bulletin.columbia.edu/columbia-college/departments-instruction/middle-eastern-south-asian-african-studies/
N/A,CLME GU4241 SUFISM: PRIMARY TEXTS/CONTEXTS. .,N/A,N/A,N/A,N/A,N/A,4.00 points,N/A,"This course studies Sufism as it has emerged, developed, and assumed its presence in Sufi autobiographies and religious and literary writings. The Sufi Path is traced in these writings that include poems like ibn al-Farid’s Poem of the Way. Sufi States and Stations are analyzed to understand this Path that reaches its culmination in an ecstatic sense of Oneness. Sufism is also a social and political phenomenon that unsettles formal theologies and involves Sufis in controversies that often end with their imprisonment and death",https://bulletin.columbia.edu/columbia-college/departments-instruction/middle-eastern-south-asian-african-studies/
N/A,CLME GU4262 THEMES IN THE ARABIC NOVEL. .,N/A,N/A,N/A,N/A,N/A,4.00 points,N/A,"The focus of this seminar will be novels by Arab writers. The course will explore the history of the Arabic novel: its rise, development, and evolution. We will read and analyze novels belonging to various periods in Arab history and representing diverse points of views, including gender, identities, and different sub-cultures and sub-genres. We will look into the connections therein between the novel and the historical backdrops of colonialism, decolonization, globalization, war, rights and personal independence from several perspectives and writers across the Arab world. We will also consider the modern Arabic novel’s engagement with the global, glocal, and local as well as its nod to the Arabic literary tradition; its engagement with technology, scientific progress, absurdity, loss, trauma, the human condition, as well as dystopic themes. No knowledge of Arabic is required",https://bulletin.columbia.edu/columbia-college/departments-instruction/middle-eastern-south-asian-african-studies/
N/A,"MDES GU4265 Sufism, Sharia, and Politics. .",N/A,N/A,N/A,N/A,N/A,4.00 points,N/A,"This seminar is geared toward advanced undergraduate students. Arguably, Ṣūfism and Sharīʿa constituted the two central domains of premodern Islamic cultures. A central domain is recognized as one that defines other domains. If a domain becomes central, “then the problems of other domains are solved in terms of the central domain—they are considered secondary problems, whose solution follows as a matter of course only if the problems of the central domain are solved” (C. Schmitt). Within this understanding, the seminar aims to introduce the fundamental concepts and (briefly) histories of both Ṣūfism and Sharīʿa, with a focus on how the former overlapped with and was often integral to the latter; how Ṣūfism produced traditions and institutions; and the role it played in the political landscapes of Islam. By necessity, then, the seminar moves from a coverage of Ṣūfī thought and praxis, to community and institution building, to political activism (or inactivism, which is seen here as a move toward the political or ethical). The coverage, deliberately tilted toward Ṣūfism,1 aims to be historical and considerably chronological, moving from the earliest Islamic period to late modernity, including the migration of Ṣūfī entities to the West. In keeping with the claim of Ṣūfism as a central domain, we will examine how this phenomenon, together with the Sharīʿa, rendered the other domains subsidiary to their imperatives. The subordinate idea here is also to try to map out the strongly symbiotic relationship of the two domains, and isolate for analysis contestations and antagonisms. Although the sources – especially the Orientalist – are underdeveloped theoretically, class discussions will call upon the help of various relevant theories in philosophy, intellectual history, politics, and anthropology",https://bulletin.columbia.edu/columbia-college/departments-instruction/middle-eastern-south-asian-african-studies/
N/A,MDES GU4266 Decolonizing the Arabian Nights. .,N/A,N/A,N/A,N/A,N/A,4.00 points,N/A,"In a unique revival of interest, the Arabian Nights has made its way to the academy as the handiest and most approachable cultural commodity. Courses are given on its history, translation, media reproduction, Walt Disney’s appropriation, and, occasionally, narratology. By the end of the 19th century, it was available in translation or abridgement in every written language. This course resituates its advent and vogue in specific cultural contexts that closely relate to the rise of the bourgeoisie and the colonial enterprise. It also explores popular and intellectual or critical responses in terms of the rise of literary theory and modes of literary production. Its massive presence gives way in time to pantomime, parody, and pastiche, before engaging again the attention of prominent writers and theorists of ‘prose poetics’ and the fantastic. Its referential popular presence undergoes fluctuations to fit media stereotypes and hegemonic regimes of thought. This course attempts to dislodge originals from adaptations, highlight the nature of entry in terms of a commoditizing enterprise that reproduces the Arabian Nights as a ‘western text’, a point that in turn incites a counter search for manuscripts, and ‘authentication’ processes. Originals and translations will be compared and cinematic or theater productions will be studied, along with paintings, covers, and tourist guides that present the Nights as a commodity in a post-industrial society",https://bulletin.columbia.edu/columbia-college/departments-instruction/middle-eastern-south-asian-african-studies/
N/A,MDES GU4349 Concentration Camps from Cuba to East Asia. .,N/A,N/A,N/A,N/A,N/A,3 points,N/A,,https://bulletin.columbia.edu/columbia-college/departments-instruction/middle-eastern-south-asian-african-studies/
N/A,"MDES GU4357 WAR,GENOCIDE,＆ AFTERMATH COMP PERSPECTIV. .",N/A,N/A,N/A,N/A,N/A,4.00 points,N/A,"This 4000-level course examines how societies grapple with the legacy of mass violence, through an exploration of historical texts, memoirs, textbooks, litigation, and media reports and debates on confronting the past. Focusing on case studies of the Herero Genocide, the Armenian genocide during WWI, and the Holocaust and the Comfort Women during WWII, students investigate the crime and its sequelae, looking at how societies deal with skeletons in their closets ( engaging in silence, trivialization, rationalization, and denial to acknowledgment, apology, and repair); surveying responses of survivors and their descendants (with particular attention to intergeneration transmission of trauma, forgiveness, resentment, and the pursuit of redress); and dissecting public debates on modern day issues that harken back to past atrocities",https://bulletin.columbia.edu/columbia-college/departments-instruction/middle-eastern-south-asian-african-studies/
N/A,MDES GU4399 Literature of the Great War in the Middle East. .,N/A,N/A,N/A,N/A,N/A,3.00 points,N/A,"Some of the best-known literary texts of the previous century harken back to the Great War. And while works of fiction and non-fiction such as Remarque’s All Quiet on the Western Front, Hemingway’s A Farewell to Arms, and Woolf’s Mrs Dalloway have become twentieth-century classics; and the poetry of Brooke, Graves, Gurney, Owen, and Sassoon widely celebrated; the Middle East’s contribution to the literature of the Great War is little explored. This course takes us on a literary journey from the trenches of Gallipoli and Mesopotamia, to famine-struck towns of Mount Lebanon, to orphanages in Syria. We will examine poetry (including zajal—colloquial poetry), and memoirs and diaries by the women and men who withstood the ravages of war and helped shape the modern Middle East. Through close reading and content analysis of a diverse constellation of published and unpublished texts, and using secondary sources as guideposts, we will explore “post-Ottoman memoirs” and verse, including translations from the Arabic and Armenian by the instructor",https://bulletin.columbia.edu/columbia-college/departments-instruction/middle-eastern-south-asian-african-studies/
N/A,MDES GU4629 Transregional. .,N/A,N/A,N/A,N/A,N/A,4.00 points,N/A,"History, Politics, Literature, Society -- all these are studied as within national, or, at best, regional frames. What other scales and approaches might be appropriate to the study of particular phenomena or categories in the past, as well as some of the challenges of the present? This course introduces advanced undergraduates and graduate students to transregional studies. We explore topics, approaches, methods, problems, and disciplines through which we can cross the regions, particularly the regions of MESAAS. Case studies will consider thinking through and with oceanic studies, circulation, diaspora, shared hermeneutical traditions, lingua francas and their stories (world literatures?), and connected histories to rethink concepts of societies, collective affiliations, cosmopolitanism, and world history. Undergraduates must have taken at least one of the following: Intro to Islamic Civ (UN 2003), Intro to Indian Civ (UN 2357), African Before Colonialism (UN 2915), Societies and Cultures across the Indian Ocean (UN 3445), or some equivalent (check with me)",https://bulletin.columbia.edu/columbia-college/departments-instruction/middle-eastern-south-asian-african-studies/
N/A,MDES GU4721 Epics and Empires: Shahnameh. .,N/A,N/A,N/A,N/A,N/A,4 points,N/A,,https://bulletin.columbia.edu/columbia-college/departments-instruction/middle-eastern-south-asian-african-studies/
N/A,MDES GU4718 Persian Poetry (In Translation). .,N/A,N/A,N/A,N/A,N/A,4 points,N/A,,https://bulletin.columbia.edu/columbia-college/departments-instruction/middle-eastern-south-asian-african-studies/
N/A,MDES GU4726 READINGS IN PERSIAN TEXTS. .,N/A,N/A,N/A,N/A,N/A,4.00 points,N/A,"Prerequisites: Must have completed MDES 1713, equivalent two years of Persian or the instructor's permission.
May be repeated for credit; content varies. Prerequisites: Must have completed MDES 2702, equivalent two years of Persian or the instructor's permission. This course provides experience reading and analyzing Persian language texts, as well as translating them into English. We will also spend some time learning how to read different kinds of paleography, and about various manuscript and print conventions and practices. Supplementary scholarly readings in English will situate the Persian texts. There will be a translation workshop at the end of the semester with related texts of the students choosing, in preparation for a final translation project. No P/D/F or R credit is allowed for this class",https://bulletin.columbia.edu/columbia-college/departments-instruction/middle-eastern-south-asian-african-studies/
N/A,"MDES GU4733 IRAN:FILM,FICT,POETRY,HIS. .",N/A,N/A,N/A,N/A,N/A,4 points,N/A,,https://bulletin.columbia.edu/columbia-college/departments-instruction/middle-eastern-south-asian-african-studies/
N/A,MDES GU4760 SHI'ITES AND SHI'ISM. .,N/A,N/A,N/A,N/A,N/A,4 points,N/A,,https://bulletin.columbia.edu/columbia-college/departments-instruction/middle-eastern-south-asian-african-studies/
N/A,CLME GU4764 Modern and Medieval Islamic Political Thought. .,N/A,N/A,N/A,N/A,N/A,4 points,N/A,,https://bulletin.columbia.edu/columbia-college/departments-instruction/middle-eastern-south-asian-african-studies/
N/A,MDES GU4611 Readings In Hindi Literature II. .,N/A,N/A,N/A,N/A,N/A,4 points,N/A,Prerequisites: MDES W1613 or the instructor's permission.,https://bulletin.columbia.edu/columbia-college/departments-instruction/middle-eastern-south-asian-african-studies/
N/A,MDES GU4635 Readings In Urdu Literature I. .,N/A,N/A,N/A,N/A,N/A,4 points,N/A,"Prerequisites: two years of prior coursework in Hindi-Urdu (MDES W1612 & MDES W1613), one year of Urdu for Heritage Speakers (MDES W1614 & MDES W1615), or the instructor's permission.",https://bulletin.columbia.edu/columbia-college/departments-instruction/middle-eastern-south-asian-african-studies/
N/A,MDES GU4812 ADVANCED SANSKRIT II. .,N/A,N/A,N/A,N/A,N/A,4.00 points,N/A,"Prerequisites: Two years of Sanskrit or the instructor's permission.
Prerequisites: Two years of Sanskrit or the instructors permission. Prerequisites: Two years of Sanskrit or the instructors permission. The two levels of advanced Sanskrit are given in alternate years. In 2017-2018 court literature (fall) and literary criticism (spring) will be offered; in 2018-2019, philosophy. Close reading of major works, exploring both philological and literary-theoretical aspects of the texts. No P/D/F or R credit is allowed for this class",https://bulletin.columbia.edu/columbia-college/departments-instruction/middle-eastern-south-asian-african-studies/
N/A,MDES UN1101 ELEMENTARY TAMIL I. .,N/A,N/A,N/A,N/A,N/A,4.00 points,N/A,"This course constitutes the first half of a year-long introduction to Tamil, the official language of the Indian state of Tamil Nadu as well as an official language of Sri Lanka and Singapore. In addition to being spoken by almost 80 million people worldwide, Tamil also has an impressive classical past, having served as a language of religious, intellectual, and literary life in South India for nearly two millennia. Assuming no prior experience with the language, this introductory sequence provides students with the grammar, language skills, and cultural context necessary for achieving their individual Tamil language goals, whether they be conducting fieldwork or scholarly research, chatting with relatives back home, or simply waxing poetic over an artful dosai. In order to cultivate students’ reading, writing, speaking, and listening comprehension skills, this course draws upon a wide variety of teaching materials, including the core textbook, oral drills, audio recordings, short films, music videos, memes, and more. No P/D/F or R credit is allowed for this class",https://bulletin.columbia.edu/columbia-college/departments-instruction/middle-eastern-south-asian-african-studies/
N/A,MDES UN2102 INTERMEDIATE TAMIL II. .,N/A,N/A,N/A,N/A,N/A,4.00 points,N/A,"Prerequisites: MDES W1101-W1102 or the instructor's permission.
Prerequisites: MDES W1101-W1102 or the instructor's permission. Further develops students' written and oral proficiency in order to allow them to function adequately in a Tamil-speaking environment. Of particular interest to students planning to conduct scholarly research or fieldwork in a Tamil-speaking context. Develops the students' appreciation for the rich culture of the Indian subcontinent where Tamil is spoken. No P/D/F or R credit is allowed for this class",https://bulletin.columbia.edu/columbia-college/departments-instruction/middle-eastern-south-asian-african-studies/
N/A,MDES UN3301 Advanced Tamil I. .,N/A,N/A,N/A,N/A,N/A,3 points,N/A,,https://bulletin.columbia.edu/columbia-college/departments-instruction/middle-eastern-south-asian-african-studies/
N/A,MDES UN3302 Advanced Tamil II. .,N/A,N/A,N/A,N/A,N/A,3 points,N/A,,https://bulletin.columbia.edu/columbia-college/departments-instruction/middle-eastern-south-asian-african-studies/
N/A,PULA UN1101 Elementary Pulaar I. .,N/A,N/A,N/A,N/A,N/A,4 points,N/A,,https://bulletin.columbia.edu/columbia-college/departments-instruction/middle-eastern-south-asian-african-studies/
N/A,PULA UN1102 Elementary Pulaar II. .,N/A,N/A,N/A,N/A,N/A,4 points,N/A,,https://bulletin.columbia.edu/columbia-college/departments-instruction/middle-eastern-south-asian-african-studies/
N/A,PULA UN2101 Intermediate Pulaar I. .,N/A,N/A,N/A,N/A,N/A,3 points,N/A,,https://bulletin.columbia.edu/columbia-college/departments-instruction/middle-eastern-south-asian-african-studies/
N/A,PULA UN2102 Intermediate Pulaar II. .,N/A,N/A,N/A,N/A,N/A,4 points,N/A,,https://bulletin.columbia.edu/columbia-college/departments-instruction/middle-eastern-south-asian-african-studies/
N/A,MPP UN1429 TROMBONE INSTRUCTION. .,N/A,N/A,N/A,N/A,N/A,1.00 point,N/A,,https://bulletin.columbia.edu/columbia-college/departments-instruction/music/
N/A,MPP UN1433 TUBA INSTRUCTION. .,N/A,N/A,N/A,N/A,N/A,1.00 point,N/A,,https://bulletin.columbia.edu/columbia-college/departments-instruction/music/
N/A,MPP UN1429 TROMBONE INSTRUCTION. .,N/A,N/A,N/A,N/A,N/A,1.00 point,N/A,,https://bulletin.columbia.edu/columbia-college/departments-instruction/music/
N/A,MPP UN1433 TUBA INSTRUCTION. .,N/A,N/A,N/A,N/A,N/A,1.00 point,N/A,,https://bulletin.columbia.edu/columbia-college/departments-instruction/music/
N/A,MPP UN1439 EARLY INSTRUMENTS: HARPSICHORD. .,N/A,N/A,N/A,N/A,N/A,1.00 point,N/A,,https://bulletin.columbia.edu/columbia-college/departments-instruction/music/
N/A,MPP UN1441 EARLY INSTRUMENTS: VIOLA DA GAMBA. .,N/A,N/A,N/A,N/A,N/A,1.00 point,N/A,,https://bulletin.columbia.edu/columbia-college/departments-instruction/music/
N/A,PHIL UN1010 METHDS/PROB OF PHILOS THOUGHT. .,N/A,N/A,N/A,N/A,N/A,3.00 points,N/A,"Critical introduction to philosophical problems, ideas and methods",https://bulletin.columbia.edu/columbia-college/departments-instruction/philosophy/
N/A,PHIL UN2110 PHILOSOPHY ＆ FEMINISM. .,N/A,N/A,N/A,N/A,N/A,3.00 points,N/A,"Is there an essential difference between women and men? How do questions about race conflict or overlap with those about gender? Is there a normal way of being queer? Introduction to philosophy and feminism through a critical discussion of these and other questions using historical and contemporary texts, art, and public lectures. Focus includes essentialism, difference, identity, knowledge, objectivity, and queerness",https://bulletin.columbia.edu/columbia-college/departments-instruction/philosophy/
N/A,PHIL UN3000 BUDDHIST PHILOSOPHY. .,N/A,N/A,N/A,N/A,N/A,3.00 points,N/A,"Buddhist philosophers generally agree about what doesn’t exist: an enduring, unitary, and independent self. But there is surprisingly little consensus across Buddhist traditions about what does exist and what it’s like. In this course, we will examine several Buddhist theories about the nature and structure of reality and consider the epistemological and ethical implications of these radically different pictures of the world. We will analyze and evaluate arguments from some of the most influential Indian Buddhist philosophers from the second to the eleventh centuries, including Nāgārjuna, Vasubandhu, Dignāga, Candrakīrti, Śāntarakṣita, Śāntideva, and Ratnakīrti. Topics will include the existence and nature of the external world, the mind, and the self; practical and epistemological implications of the Buddhist no-self principle; personal identity; the problem of other minds; and causal determinism and moral responsibility",https://bulletin.columbia.edu/columbia-college/departments-instruction/philosophy/
N/A,PHIL UN3264 19TH CENTURY PHILOSOPHY: HEGEL. .,N/A,N/A,N/A,N/A,N/A,3.00 points,N/A,"Prerequisites: PHIL UN2201 or PHIL UN3251 Examines major themes of Hegels philosophy, with emphasis on social and political thought. Topics include Hegels critique of Kant, the possibility of metaphysics, the master-slave dialectic, and the role of freedom in a rational society. Readings from Kant’s Third Critique help explain how Hegels project develops out of Kants transcendental idealism. Some knowledge of Kants moral theory and his Critique of Pure Reason is presupposed. Prerequisite: at least one of PHIL UN2201, PHIL UN2301, or PHIL UN3251",https://bulletin.columbia.edu/columbia-college/departments-instruction/philosophy/
N/A,PHIL UN3751 POLITICAL PHILOSOPHY. .,N/A,N/A,N/A,N/A,N/A,3.00 points,N/A,"Six major concepts of political philosophy including authority, rights, equality, justice, liberty and democracy are examined in three different ways. First the conceptual issues are analyzed through contemporary essays on these topics by authors like Peters, Hart, Williams, Berlin, Rawls and Schumpeter. Second the classical sources on these topics are discussed through readings from Hobbes, Locke, Hume, Marx, Plato, Mill and Rousseau. Third some attention is paid to relevant contexts of application of these concepts in political society, including such political movements as anarchism, international human rights, conservative, liberal, and Marxist economic policies as well as competing models of democracy",https://bulletin.columbia.edu/columbia-college/departments-instruction/philosophy/
N/A,PHIL UN3756 Critical Philosophy of Race: What is Race?. .,N/A,N/A,N/A,N/A,N/A,3.00 points,N/A,"This course is a philosophical examination of the meaning and significance of the concept of race. The course will chiefly aim to answer: What do we mean by the term “race”? And why is it often tied to the existence of racism? From where does the concept come? And what role did “race” play in the philosophical thought and the culture of Western modernity? Among the questions that can be asked are, How do concepts of race contribute to the formation and justification of various economic, political, and social institutions and practices, such as slavery, colonialism, and segregation? However, we will also inquire at the end of the course whether “race” is always a destructive concept, or whether it can be re-defined as part of a liberation project centered on racial identity: the appreciation and celebration of racial difference and solidarity",https://bulletin.columbia.edu/columbia-college/departments-instruction/philosophy/
N/A,PHIL UN3858 CULTIVATING INDIVIDUALITY. .,N/A,N/A,N/A,N/A,N/A,3.00 points,N/A,"Talk about “individuality”, about being (or becoming) “yourself” is all around us. But what exactly does this mean? What is genuine individuality, and how can we develop it, in ourselves (though self-development) and in others (by designing appropriate educational institutions)? What is the relationship between being an individual and being a part of society? Is there a tension between the non-conformism often associated with genuine individuality on the one hand, and the demands of community and good citizenship, on the other? Can educational institutions be designed to fulfill both those demands (to the extent they are distinct)? And how might oppressive social institutions hinder the development of “individuality”? In this course, we will explore these and related questions by drawing on both the classics of philosophy of education (Plato, Rousseau, Nietzsche, Dewey, Du Bois), and on relevant literary material that is in conversation with the philosophical texts (Rilke, Tolstoy, Woolf)",https://bulletin.columbia.edu/columbia-college/departments-instruction/philosophy/
N/A,"PHIL UN3768 ALLIES, ADVOCATES, ADVERSARIES. .",N/A,N/A,N/A,N/A,N/A,3.00 points,N/A,"This course will survey political and epistemological questions that are centered around living in a society with oppression, including: What is oppression? What does it mean to be an ally? When is it right to speak for others and advocate for their interests? Do we have a duty to dissent and protest under certain circumstances? What is solidarity and how can we act in solidarity with others?",https://bulletin.columbia.edu/columbia-college/departments-instruction/philosophy/
N/A,PHIL UN3863 HAPPINESS AND WELL-BEING. .,N/A,N/A,N/A,N/A,N/A,3.00 points,N/A,"“What is it to be happy?” Philosophers have passionately debated this question from antiquity until now. Especially in times when happiness seems difficult to find, we naturally want to know what happiness is and how best to secure it. In this course, we will consider happiness in relation to well-being, examining four major theories of well-being (hedonism, desire-fulfillment theories, objective list theories, and eudaimonism/perfectionism). We will gain a nuanced understanding of each view by juxtaposing their ancient and modern advocates and opponents",https://bulletin.columbia.edu/columbia-college/departments-instruction/philosophy/
N/A,PHIL UN3996 SUPERVISED SENIOR RESEARCH. .,N/A,N/A,N/A,N/A,N/A,3.00 points,N/A,,https://bulletin.columbia.edu/columbia-college/departments-instruction/philosophy/
N/A,PHIL GU4495 PERCEPTION. .,N/A,N/A,N/A,N/A,N/A,3.00 points,N/A,"This course addresses the fabulously rich range of issues about the nature of perception, including: perceptual mental representation and its content; computational explanation; justifying beliefs; knowledge and thought about perception; and perception of music. Perception is an interdisciplinary subject par excellence. Readings will be drawn from philosophy and psychology, aesthetics, and artificial intelligence",https://bulletin.columbia.edu/columbia-college/departments-instruction/philosophy/
N/A,PHIL GU4602 PHILOSOPHICAL TEXTS IN GREEK. .,N/A,N/A,N/A,N/A,N/A,3.00 points,N/A,Careful reading and translation of a major philosophical text in ancient Greek to be chosen by the course participants in consultation with the instructor. Special attention is to be paid to the linguistic and conceptual problems of translating ancient Greek philosophical texts. Prerequisite: equivalent of at least two years of study of ancient Greek at university level,https://bulletin.columbia.edu/columbia-college/departments-instruction/philosophy/
N/A,PHIL UN1010 METHDS/PROB OF PHILOS THOUGHT. .,N/A,N/A,N/A,N/A,N/A,3.00 points,N/A,"Critical introduction to philosophical problems, ideas and methods",https://bulletin.columbia.edu/columbia-college/departments-instruction/philosophy/
N/A,PHIL UN3131 ARISTOTLE. .,N/A,N/A,N/A,N/A,N/A,3.00 points,N/A,Prerequisites: One philosophy course or permission of the instructor.,https://bulletin.columbia.edu/columbia-college/departments-instruction/philosophy/
N/A,PHIL UN3996 SUPERVISED SENIOR RESEARCH. .,N/A,N/A,N/A,N/A,N/A,3.00 points,N/A,,https://bulletin.columbia.edu/columbia-college/departments-instruction/philosophy/
N/A,PHIL GU4170 MEDIEVAL PHILOSOPHY. .,N/A,N/A,N/A,N/A,N/A,3.00 points,N/A,,https://bulletin.columbia.edu/columbia-college/departments-instruction/philosophy/
N/A,PHIL GU4431 INTRODUCTION TO SET THEORY. .,N/A,N/A,N/A,N/A,N/A,3.00 points,N/A,,https://bulletin.columbia.edu/columbia-college/departments-instruction/philosophy/
N/A,PHIL GU4481 PHILOSOPHY OF LANGUAGE. .,N/A,N/A,N/A,N/A,N/A,3.00 points,N/A,,https://bulletin.columbia.edu/columbia-college/departments-instruction/philosophy/
N/A,PHIL GU4501 EPISTEMOLOGY. .,N/A,N/A,N/A,N/A,N/A,3.00 points,N/A,,https://bulletin.columbia.edu/columbia-college/departments-instruction/philosophy/
N/A,PHIL GU4900 TOPICS IN EARLY MODERN PHILOSOPHY. .,N/A,N/A,N/A,N/A,N/A,3.00 points,N/A,"Open to undergraduates with previous work in the history of philosophy and to graduate students. Focuses either on an important topic in the history of early modern philosophy (e.g. skepticism, causation, mind, body) or on the philosophy of a major figure in the period (e.g. Descartes, Leibniz, Spinoza, Gassendi, Conway)",https://bulletin.columbia.edu/columbia-college/departments-instruction/philosophy/
N/A,PHYS UN1001 PHYSICS FOR POETS. .,N/A,N/A,N/A,N/A,N/A,3.00 points,N/A,"Prerequisites: high school algebra.
Prerequisites: high school algebra. This course does not fulfill the physics requirement for admission to medical school. No previous background in physics is expected. An introduction to physics taught through the exploration of the scientific method, and the application of physical principles to a wide range of topics from quantum mechanics to cosmology",https://bulletin.columbia.edu/columbia-college/departments-instruction/physics/
N/A,PHYS UN1018 WEAPONS OF MASS DESTRUCTION. .,N/A,N/A,N/A,N/A,N/A,3.00 points,N/A,"Prerequisites: high school science and math.
Prerequisites: high school science and math. A review of the history and environmental consequences of nuclear, chemical, and biological weapons of mass destruction (WMD); of how these weapons work, what they cost, how they have spread, how they might be used, how they are currently controlled by international treaties and domestic legislation, and what issues of policy and technology arise in current debates on WMD. What aspects of the manufacture of WMD are easily addressed, and what aspects are technically challenging? It may be expected that current events/headlines will be discussed in class",https://bulletin.columbia.edu/columbia-college/departments-instruction/physics/
N/A,PHYS UN1493 INTRO TO EXPERIMENTAL PHYS-LAB. .,N/A,N/A,N/A,N/A,N/A,3.00 points,N/A,,https://bulletin.columbia.edu/columbia-college/departments-instruction/physics/
N/A,PHYS UN2001 SPECIAL RELATIVITY. .,N/A,N/A,N/A,N/A,N/A,3.00 points,N/A,"Prerequisites: a working knowledge of high school algebra, trigonometry, and physics. Some familiarity with calculus is useful but not essential.",https://bulletin.columbia.edu/columbia-college/departments-instruction/physics/
N/A,PHYS UN2699 Experiments in Classical and Modern Physics. .,N/A,N/A,N/A,N/A,N/A,3 points,N/A,"Prerequisites: (PHYS UN1601 or PHYS UN1401) and (PHYS UN1602 or PHYS UN1402) and PHYS UN2601 PHYS W1601 (or W1401), W1602 (or W1402), and W2601.",https://bulletin.columbia.edu/columbia-college/departments-instruction/physics/
N/A,PHYS UN2803 ACCELERATED PHYSICS I-REC. .,N/A,N/A,N/A,N/A,N/A,0.00 points,N/A,,https://bulletin.columbia.edu/columbia-college/departments-instruction/physics/
N/A,PHYS UN2804 ACCELERATED PHYSICS II-REC. .,N/A,N/A,N/A,N/A,N/A,0.00 points,N/A,Required discussion section for PHYS UN2802 Accelerated Physics II,https://bulletin.columbia.edu/columbia-college/departments-instruction/physics/
N/A,PHYS UN3002 From Quarks To the Cosmos: Applications of Modern Physics. .,N/A,N/A,N/A,N/A,N/A,3.5 points,N/A,,https://bulletin.columbia.edu/columbia-college/departments-instruction/physics/
N/A,PHYS GU4011 PARTICLE ASTROPHYS ＆ COSMOLOGY. .,N/A,N/A,N/A,N/A,N/A,3.00 points,N/A,"Prerequisites: (PHYS UN1403 or PHYS UN2601 or PHYS UN2802) and (MATH UN1202 or MATH UN1208)
Prerequisites: (PHYS UN1403 or PHYS UN2601 or PHYS UN2802) and (MATH UN1202 or MATH UN1208) students are recommended but not required to have taken PHYS UN3003 and PHYS UN3007. An introduction to the basics of particle astrophysics and cosmology. Particle physics - introduction to the Standard Model and supersymmetry/higher dimension theories; Cosmology – Friedmann-Robertson-Walker line element and equation for expansion of universe; time evolution of energy/matter density from the Big Bang; inflationary cosmology; microwave background theory and observation; structure formation; dark energy; observational tests of geometry of universe and expansion; observational evidence for dark matter; motivation for existence of dark matter from particle physics; experimental searches of dark matter; evaporating and primordial black holes; ultra-high energy phenomena (gamma-rays and cosmic-rays)",https://bulletin.columbia.edu/columbia-college/departments-instruction/physics/
N/A,PHYS GU4051 ADVANCED LABORATORY WORK. .,N/A,N/A,N/A,N/A,N/A,2.00 points,N/A,"Prerequisites: the instructors permission. The laboratory has 13 available individual experiments, of which two are required per 2 points. Each experiment requires two (four-hour) laboratory sessions. Registration is limited by the laboratory capacity. May be repeated for credit with different experiment selection. Experiments (classical and modern) cover topics in electricity, magnetism, optics, atomic physics, and nuclear physics",https://bulletin.columbia.edu/columbia-college/departments-instruction/physics/
N/A,PHYS GU4998 SUPERVISED READINGS. .,N/A,N/A,N/A,N/A,N/A,3.00 points,N/A,,https://bulletin.columbia.edu/columbia-college/departments-instruction/physics/
N/A,POLS UN3220 LOGIC OF COLLECTIVE CHOICE. .,N/A,N/A,N/A,N/A,N/A,3.00 points,N/A,"Much of politics is about combining individual preferences or actions into collective choices. We will make use of two theoretical approaches. Our primary approach will be social choice theory, which studies how we aggregate what individuals want into what the collective ;wants.; The second approach, game theory, covers how we aggregate what individuals want into what the group gets, given that social, economic, and political outcomes usually depend on the interaction of individual choices. The aggregation of preferences or choices is usually governed by some set of institutional rules, formal or informal. Our main themes include the rationality of individual and group preferences, the underpinnings and implications of using majority rule, tradeoffs between aggregation methods, the fairness of group choice, the effects of institutional constraints on choice (e.g. agenda control), and the implications for democratic choice. Most of the course material is highly abstract, but these abstract issues turn up in many real-world problems, from bargaining between the branches of government to campus elections to judicial decisions on multi-member courts to the allocation of relief funds among victims of natural disasters to the scoring of Olympic events. The collective choice problem is one faced by society as a whole and by the smallest group alike",https://bulletin.columbia.edu/columbia-college/departments-instruction/political-science/
N/A,POLS UN3222 THE AMERICAN CONGRESS. .,N/A,N/A,N/A,N/A,N/A,3.00 points,N/A,"Prerequisites: POLS W1201 or the equivalent, or the instructor's permission.
Prerequisites: POLS W1201 or the equivalent, or the instructors permission. Inquiry into the dynamics, organization, and policy-making processes of the American Congress. Particular emphasis on the relationship of legislators to constituents, lobbyists, bureaucrats, the president, and with one another",https://bulletin.columbia.edu/columbia-college/departments-instruction/political-science/
N/A,POLS UN3245 RACIAL AND ETHNIC POLITICS. .,N/A,N/A,N/A,N/A,N/A,3.00 points,N/A,"This course examines the role of race in American politics and the political behavior of racial and ethnic minorities in the United States. Topics will include, but are not limited to, minority political participation, segregation, gentrification, group identity, implicit bias, political representation, media effects, and the role of race in political campaigns",https://bulletin.columbia.edu/columbia-college/departments-instruction/political-science/
N/A,POLS UN3255 RACE AND THE US CARCERAL SYSTEM. .,N/A,N/A,N/A,N/A,N/A,3.00 points,N/A,"This course will introduce students to research on the institutions of the US carceral system, including the police, courts, prisons, and immigration control. We will focus on two questions: how race relates to experiences with the institutions of the carceral state, and how those institutions in turn influence racial politics. The main objective is not the accumulation of factual knowledge about this system, but familiarity with theoretical frameworks with which to make and critically assess arguments about the functioning of carceral institutions as they relate to racialized people and the functioning of democracy",https://bulletin.columbia.edu/columbia-college/departments-instruction/political-science/
N/A,POLS UN3260 LATINO POLITICAL EXPERIENCE. .,N/A,N/A,N/A,N/A,N/A,3.00 points,N/A,"This course focuses on the political incorporation of Latinos into the American polity. Among the topics to be discussed are patterns of historical exclusion, the impact of the Voting Rights Act, organizational and electoral behavior, and the effects of immigration on the Latino national political agenda",https://bulletin.columbia.edu/columbia-college/departments-instruction/political-science/
N/A,POLS UN3290 VOTING AND AMERICAN POLITICS. .,N/A,N/A,N/A,N/A,N/A,3.00 points,N/A,,https://bulletin.columbia.edu/columbia-college/departments-instruction/political-science/
N/A,POLS UN3534 AUTOCRACY AND DEMOCRACY. .,N/A,N/A,N/A,N/A,N/A,3.00 points,N/A,"With longstanding democracies in Europe and the US faltering, autocratic regimes in Russia and China consolidating, and hybrid regimes that mix elements of democracy and autocracy on the rise, scholars, policymakers, and citizens are re-evaluating the causes and consequences of different forms of government. This course is designed to give students the tools to understand these trends in global politics. Among other topics, we will explore: How do democracies and autocracies differ in theory and in practice? Why are some countries autocratic? Why are some democratic? What are the roots of democratic erosion? How does economic inequality influence a country’s form of government? Is the current period of institutional foment different past periods of global instability? This course will help students keep up with rapidly unfolding events, but is designed primarily to help them develop tools for interpreting and understanding the current condition of democracy and autocracy in the world",https://bulletin.columbia.edu/columbia-college/departments-instruction/political-science/
N/A,POLS GU4439 State and Society in Ukraine. .,N/A,N/A,N/A,N/A,N/A,4.00 points,N/A,"This course deals with the functioning of the state and society in post-Soviet Ukraine, from its peaceful establishment in 1991 to its affirmation and revision in the crucible of the war with neoimperial Russia since 2014. On the one hand, it examines the formation and subsequent transformation of the state, including he branches of government, the party system, elections, foreign policy, education and social welfare. On the other hand, it discusses various facets of society such as religion, media, language use, gender relations, poverty, racism, etc. In tracing the relations between the state and society on a rocky road from totalitarianism to democracy, particular attention is paid to two upsurges of popular protest against state abuse, namely the Orange and Euromaidan revolution and subsequent attempts to empower society and strengthen its control over the state. No less prominent will be discussions of two military interventions by Russia seeking to keep Ukraine its its sphere of influence, the annexation of Crimea and the instigation of a separatist conflict in the Donbas in 2014, and the full-blown invasion in 2022, and the Ukrainian state and society’s responses to these interventions",https://bulletin.columbia.edu/columbia-college/departments-instruction/political-science/
N/A,POLS GU4453 POLITICS IN RUSSIA. .,N/A,N/A,N/A,N/A,N/A,3.00 points,N/A,"This course begins by studying the late Soviet era—the 1970s through the collapse of the Soviet Union in 1991--in order to understand what kind of political system and political culture Russia inherited. We spend some time analyzing why and how the Soviet Union—a superpower for 75 years—disintegrated suddenly and for the most part, peacefully. Then, the bulk of the course focuses on state-building in the Russian Federation. Russia’s effort to construct new political institutions, a functioning economy, and a healthy society represents one of the greatest political dramas of our time. Beginning with Yeltsin’s presidency in 1991 and continuing through the current eras of Putin, Medvedev, and Putin again, we consider phenomena such as economic reform, nationalism, separatism, federalism, war, legal reform, civil society, and democratization. The third part of the course addresses Russia’s foreign relations. Like its predecessor states, the Russian Empire and the Soviet Union, Russia is concerned with what kind of state it is (or should be) and where it stands in the international order. We will study how Russian elites make sense of Russia’s identity, as well as Russia’s policies toward the US, Europe, its “near abroad,” the Middle East, and China",https://bulletin.columbia.edu/columbia-college/departments-instruction/political-science/
N/A,POLS GU4455 Russian Politics: How Autocracy Works. .,N/A,N/A,N/A,N/A,N/A,3.00 points,N/A,"This course is designed to give students the tools to understand the politics of post-Soviet Russia through the lens of theories of modern autocracy and by putting Russian in comparative perspective. Among other topics, we will explore: Why did the Soviet Union collapse? Why was economic reform in Russian in the 1990s so difficult? How does autocracy influence economic development? How does Russia’s autocracy work? Why has Russia become increasingly repressive in the Putin era? Why did Russia invade Ukraine in 2022? What are the prospects for political change? How does economic inequality influence a country’s form of government? In addition to answering these questions, we will also examine the many difficult challenges in identifying the causes and consequences of studying autocracy. The course not only hopes to use modern theories of autocracy to understand Russia, but also to use the Russian case to build theories of modern autocracy. This course will help students keep up with rapidly unfolding events but is designed primarily to help them develop tools for interpreting and understanding the politics of autocratic Russia",https://bulletin.columbia.edu/columbia-college/departments-instruction/political-science/
N/A,POLS GU4457 Russian Propaganda Dom ＆ Global Politics. .,N/A,N/A,N/A,N/A,N/A,4.00 points,N/A,"Propaganda is a key tool of contemporary authoritarian politics. Autocrats such as Russia’s Vladimir Putin, China’s Xi Jinping, or Hungary’s Viktor Orbán use state-controlled media to manipulate citizens, and some of them extensively rely on propaganda to undermine democracy in other countries. This course encourages students to think about the specific roles that media and propaganda play in autocracies, focusing on Russia in particular. We will read and discuss cutting-edge empirical research in political science and media studies to understand how autocrats such as Putin manipulate public opinion, why their propaganda can be successful, what its limits are, and how we can spot authoritarian propaganda in practice",https://bulletin.columbia.edu/columbia-college/departments-instruction/political-science/
N/A,POLS GU4461 Latin American Politics. .,N/A,N/A,N/A,N/A,N/A,4 points,N/A,,https://bulletin.columbia.edu/columbia-college/departments-instruction/political-science/
N/A,POLS GU4471 CHINESE POLITICS. .,N/A,N/A,N/A,N/A,N/A,3.00 points,N/A,"This course offers a historical and thematic survey of Chinese politics and of salient issues in China’s public policy and governance. The first half of the course reviews the patterns and dynamics of political development in China, focusing mainly on the last two hundred years, during which the country has been on a rugged yet fascinating path toward modernity. We will examine major political events including the collapse of the Imperial China, the rise of the Communist Party, the Cultural Revolution, and the post-Mao shift toward reform and opening. The second half of the course will look various special topics, including the structure of the party and the state, the relationship between state and society, the modes of economic development, and the governance of the media and the Internet. Throughout the course, special attention will be paid to how China’s domestic political and economic processes intersected with major world events and transnational forces, such as imperialism, world wars, and economic globalization",https://bulletin.columbia.edu/columbia-college/departments-instruction/political-science/
N/A,POLS GU4472 JAPANESE POLITICS. .,N/A,N/A,N/A,N/A,N/A,4.00 points,N/A,"This course surveys key features of the Japanese political system, with a focus on political institutions and processes. Themes include party politics, bureaucratic power, the role of the Diet, voting behavior, the role of the state in the economy, and the domestic politics of foreign policy",https://bulletin.columbia.edu/columbia-college/departments-instruction/political-science/
N/A,POLS UN3623 ENDING WAR ＆ BUILDING PEACE. .,N/A,N/A,N/A,N/A,N/A,3.00 points,N/A,"This course provides an introduction to the politics of war termination and peace consolidation. The course examines the challenges posed by ending wars and the process by which parties to a conflict arrive at victory, ceasefires, and peace negotiations. It explores how peace is sustained, why peace lasts in some cases and breaks down in others and what can be done to make peace more stable, focusing on the role of international interventions, power-sharing arrangements, reconciliation between adversaries, and reconstruction",https://bulletin.columbia.edu/columbia-college/departments-instruction/political-science/
N/A,POLS UN3648 GOVERNING THE GLOBAL ECONOMY. .,N/A,N/A,N/A,N/A,N/A,4.00 points,N/A,"Who governs the world economy? Why do countries succeed or fail to cooperate in setting their economic policies? When and how do international institutions help countries cooperate? When and why do countries adopt good and bad economic policies? This course examines how domestic and international politics determine how the global economy is governed. We will study the politics of trade, international investment, monetary, immigration, and environmental policies to answer these questions. The course will approach each topic by examining alternative theoretical approaches and evaluate these theories using historical and contemporary evidence. There will be an emphasis on applying concepts through the analysis of policy-relevant case studies designed specifically for this course",https://bulletin.columbia.edu/columbia-college/departments-instruction/political-science/
N/A,POLS UN3674 China's Technological Rise. .,N/A,N/A,N/A,N/A,N/A,3.00 points,N/A,"This course examines the causes and consequences of China’s rise as an economic and technological great power over the past four decades. It provides a theoretically-informed introduction to the political economy of contemporary China and to major debates surrounding China’s relations with the United States and its allies and partners. Topics covered include Chinese industrial and innovation policies, China’s capabilities in core technologies like semiconductors and artificial intelligence, the prospects for U.S.-China economic decoupling, the risk of conflict over Taiwan, the future trajectory of China’s rise, and more. At the end of this course, students will have a strong understanding of the main features of modern Chinese political economy, how China’s positions in the global economy and international system have changed in recent decades, and the implications of these transformations for U.S.-China strategic competition. They will also have learned to critically evaluate prominent theories in political science and international relations as they apply to China",https://bulletin.columbia.edu/columbia-college/departments-instruction/political-science/
N/A,POLS GU4863 INTERNATIONAL POLITICAL ECONOMY OF DEVELOPING COUNTRIES. .,N/A,N/A,N/A,N/A,N/A,4.00 points,N/A,"This course examines how domestic and international politics inﬂuence the economic policies of developing countries. We will critically evaluate diﬀerent theoretical debates related to foreign economic policymaking in emerging markets, and introduce chief methodological approaches used in contemporary analyses. We will focus attention on diﬀerent types of cross-border ﬂows: the ﬂow of goods (trade policy), the ﬂow of people (immigration policy), the ﬂow and location of production (foreign investment policy), the ﬂow of capital (ﬁnancial and monetary policy), and the ﬂow of pollution (environment policy). In the process, we will address several themes that are central to understanding the politics of economic policymaking in emerging economies, including, the legacies of colonialism, trade protectionism and liberalization, globalization and the race to the bottom, the relationship between economic policy and culture, and development and redistribution. There will be an emphasis on applying concepts through the analysis of policy-relevant case studies designed for this course",https://bulletin.columbia.edu/columbia-college/departments-instruction/political-science/
N/A,POLS UN1101 POLITICAL THEORY I. .,N/A,N/A,N/A,N/A,N/A,4.00 points,N/A,This course considers key questions at the foundation of political thought. What is justice? How do we justify the coercive power of states? Do we have an obligation to obey the government? Who should make and enforce the law? What basic rights and liberties should governments protect? How should our economic system produce and divide wealth and material resources? What are the claims of excluded or marginalized groups and how can these claims be addressed? We explore these questions through the works of several classical and contemporary political thinkers. A major goal of the course is to practice the skills needed to understand a political thinker’s arguments and to construct one’s own,https://bulletin.columbia.edu/columbia-college/departments-instruction/political-science/
N/A,"POLS UN3106 Democracy: Principles, Critics and Problems. .",N/A,N/A,N/A,N/A,N/A,3.00 points,N/A,"This course is about democracy: its theory, principles, critics and challenges. After centuries of vilification, democracy acquired the status of the ""best"" political order thanks also to the defeat of Nazism and fascism, in 1945. The end of the Cold War and the international order created by the victors of World War II caused some major changes in the perception and practice of democracy. The world has become a unified place for financial markets and a borderless space for the implementation of hegemonic projects. Openness and globalization put pressure on the ideal and practice of democracy, however. On the one hand, democracy seems to be the solution to all problems so much so that ""democracy"" now means everything on the right side of history. On the other hand, it seems instead to be a source of problems, and many (even democrats) criticize it for being inefficient in decision-making, subject to the prejudices of increasingly uninformed and ignorant voters, and finally a system that breeds corruption. The goal of this course is to understand this conundrum. What are the basic principles of democracy and the main objections raised against it? In what sense does democracy embody universal values? Is it desirable that democracy contains partisanship with competence? Is populism a fate of modern democracies? These questions will guide us in understanding the promises of democracy and the disappointments of democrats. We will begin our intellectual journey with the ancient vision of democracy and its early critics, then explore the modern trajectory of democratic theory and finally contemporary populist transformations",https://bulletin.columbia.edu/columbia-college/departments-instruction/political-science/
N/A,"POLS UN3141 Humans, Nature and the Future: an Introduction to Environmental Political Theory. .",N/A,N/A,N/A,N/A,N/A,3.00 points,N/A,"This course is about how we understand humans and their relationship to nature – and about how these understandings influence the ways we design our societies, run our democracies, and make plans for the future. We’ll focus on two central themes. First: how does introducing a concern for ‘the environment’ (or the Earth, or ecology) deepen, and often complicate, our understanding of key concepts in political theory? Second: given that ‘the environment’ is an interdisciplinary issue, how do we understand the relationship between the ideas and conversations we have in political theory, and the ideas and conversations people are having in other disciplines? (For example: climate science.) There is no single prerequisite course for this one, but we will be assuming that you are familiar with the field of political theory in general. This is important, because many of our discussions will aim to map concepts and conversations from environmental political theory onto broader political theory conversations (which requires you to be familiar with those conversations!). Ideally, you’ll have taken a political theory survey before you take this course. If you haven’t, but you still think you’ve got the background necessary to participate fully in the class, please get in touch",https://bulletin.columbia.edu/columbia-college/departments-instruction/political-science/
N/A,POLS GU4110 RECENT CONTINENTAL POL THOUGHT. .,N/A,N/A,N/A,N/A,N/A,4.00 points,N/A,"This course will compare and contrast the theories of the political, the state,freedom, democracy, sovereignty and law, in the works of the following key 20th and 21st century continental theorists: Arendt, Castoriadis, Foucault, Habermas, Kelsen, Lefort, Schmitt, and Weber. It will be taught in seminar format",https://bulletin.columbia.edu/columbia-college/departments-instruction/political-science/
N/A,POLS UN3704 RESEARCH DESIGN: DATA ANALYSIS. .,N/A,N/A,N/A,N/A,N/A,3.00 points,N/A,"This course examines the basic methods data analysis and statistics that political scientists use in quantitative research that attempts to make causal inferences about how the political world works. The same methods apply to other kinds of problems about cause and effect relationships more generally. The course will provide students with extensive experience in analyzing data and in writing (and thus reading) research papers about testable theories and hypotheses. It will cover basic data analysis and statistical methods, from univariate and bivariate descriptive and inferential statistics through multivariate regression analysis. Computer applications will be emphasized. The course will focus largely on observational data used in cross-sectional statistical analysis, but it will consider issues of research design more broadly as well. It will assume that students have no mathematical background beyond high school algebra and no experience using computers for data analysis",https://bulletin.columbia.edu/columbia-college/departments-instruction/political-science/
N/A,POLS UN3768 Experimental Research. .,N/A,N/A,N/A,N/A,N/A,4.00 points,N/A,"Randomized experimentation is an important methodology in political science. In this course, we will discuss the logic of experimentation, its strengths and weaknesses compared to other methodologies, and the ways in which experimentation has been -- and could be -- used to investigate political phenomena. Students will learn how to interpret, design, and execute experiments",https://bulletin.columbia.edu/columbia-college/departments-instruction/political-science/
N/A,POLS GU4702 Qualitative and Mixed Methods of Research Design and Inquiry. .,N/A,N/A,N/A,N/A,N/A,4.00 points,N/A,"This course covers research methods and research design in political science. We cover concrete and practical issues of conducting research that are useful for all types of empirical political science research: picking a topic, generating hypotheses, case selection, measurement issues, and the ethics of research; with a focus on qualitative and mixed-methods tools such as: interviews, fieldwork, case studies, archival research, ethnographic work, designing and conducting experiments, coding data and working with data sets, combining quantitative and qualitative methods, etc. The course is designed for several audiences in Political Science, including: PhD students MA students undertaking a major research project or intending to continue on to the PhD Advanced undergraduates writing or contemplating an honors thesis, or another major research project",https://bulletin.columbia.edu/columbia-college/departments-instruction/political-science/
N/A,POLS GU4716 Data Science for Political Analytics. .,N/A,N/A,N/A,N/A,N/A,3.00 points,N/A,"Prerequisites: (POLS GU4714) or
The digital revolution has created previously unimaginable opportunities to learn about political behavior and institutions. It has also created new challenges for analyzing the massive amounts of data that are now easily accessible. Open source software has reduced barriers and inequities in coding, but it also requires different kinds of effort to employ optimally the latest innovations. Harnessing the power of political data is more critical than ever, given the threats that misinformation and alternative “facts” present to democratic forms of government. This course will teach students both essential tools and general strategies of data science within the domain of politics. Whether students’ goals are to analyze political behavior for academic or professional purposes, successful analysis requires skills for handling a wide array of issues that stand in the way of creating knowledge and insights from data. This course prioritizes breadth over depth in the sense that we will introduce a broad range of topics relevant for data science to develop basic skills and form a foundation that students can build on. More complete mastery of these skills will require additional engagement beyond this course",https://bulletin.columbia.edu/columbia-college/departments-instruction/political-science/
N/A,"POLS GU4768 Experimental Research: Design, Analysis and Interpretation. .",N/A,N/A,N/A,N/A,N/A,4 points,N/A,"Prerequisites: one or two semesters of statistics; basic understanding of probability, hypothesis testing, and regression are assumed. Basic familiarity with statistical software (Stata and R) is helpful but not required.",https://bulletin.columbia.edu/columbia-college/departments-instruction/political-science/
N/A,PSYC UN1021 Science of Psychology: Explorations and Applications. .,N/A,N/A,N/A,N/A,N/A,3.00 points,N/A,"UN1021 offers a broad introductory survey of psychological science, discussing relations between the brain, behavior, and experience, with regard to topics including: sensation and perception; learning, memory, language, and cognition; emotions and motivation; development, personality, health and well-being, and social behavior. The course emphasizes science as a process of discovering both new ideas and new empirical results -- and the ways in which psychological research can be used to address real-world challenges",https://bulletin.columbia.edu/columbia-college/departments-instruction/psychology/
N/A,PSYC UN1490 RESEARCH METHODS - COGNITION/DECISION MAKING. .,N/A,N/A,N/A,N/A,N/A,4.00 points,N/A,"Corequisites: PSYC UN1491
Corequisites: PSYC UN1491 Prerequisites: Science of Psychology (PSYC 1001) or Mind, Brain, - Behavior (PSYC 1010) or equivalent intro psych course, plus an introductory statistics course. Introduces research methods employed in the study of the cognitive and social determinants of thinking and decision making. Students gain experience in the conduct of research, including: design of simple experiments; observation and preference elicitation techniques; the analysis of behavioral data, considerations of validity, reliability, and research ethics; and preparation of written and oral reports. Note: Fee: $70. Attendance at the first class is essential",https://bulletin.columbia.edu/columbia-college/departments-instruction/psychology/
N/A,PSYC UN1491 RESEARCH METHODS - COGNITION/DECISION LAB. .,N/A,N/A,N/A,N/A,N/A,0.00 points,N/A,"Prerequisites: (PSYC UN1001 or PSYC UN1010) and (PSYC UN1610 or STAT UN1001 or STAT UN1101 or STAT UN1201)
Corequisites: PSYC UN1490
Prerequisites: PSYC UN1001 and (PSYC UN1610 or STAT UN1001 or STAT UN1101 or STAT UN1201) Or equivalent introductory psychology and statistics courses. Corequisites: PSYC UN1490 Required lab for PSYC UN1490",https://bulletin.columbia.edu/columbia-college/departments-instruction/psychology/
N/A,PSYC UN1910 Research Ethics in Psychology. .,N/A,N/A,N/A,N/A,N/A,4 points,N/A,Prerequisites: (PSYC UN1001) or,https://bulletin.columbia.edu/columbia-college/departments-instruction/psychology/
N/A,PSYC UN1930 Behavioral Data Science. .,N/A,N/A,N/A,N/A,N/A,4 points,N/A,,https://bulletin.columbia.edu/columbia-college/departments-instruction/psychology/
N/A,PSYC UN1990 Global Behavioral Science. .,N/A,N/A,N/A,N/A,N/A,4.00 points,N/A,This course builds on fundamentals of psychological and behavioral science by exploring reproducibility and replication on a global level. Students will learn from a wide range of studies and their real-world implications,https://bulletin.columbia.edu/columbia-college/departments-instruction/psychology/
N/A,PSYC UN2215 Cognition and the Brain. .,N/A,N/A,N/A,N/A,N/A,3 points,N/A,Prerequisites: PSYC W1001 or PSYC W1010 (recommended) or the instructor's permission.,https://bulletin.columbia.edu/columbia-college/departments-instruction/psychology/
N/A,PSYC UN2250 Evolution of Cognition. .,N/A,N/A,N/A,N/A,N/A,3 points,N/A,"Prerequisites: PSYC UN1001 or PSYC UN1010 or PSYC W1001 or PSYC W1010, or the instructor's permission.",https://bulletin.columbia.edu/columbia-college/departments-instruction/psychology/
N/A,PSYC UN2420 ANIMAL BEHAVIOR. .,N/A,N/A,N/A,N/A,N/A,3.00 points,N/A,"Prerequisites: PSYC UN1001 or PSYC UN1010 or PSYC W1001 or PSYC W1010, or a college-level biology course, or the instructor's permission.",https://bulletin.columbia.edu/columbia-college/departments-instruction/psychology/
N/A,PSYC UN2440 Language and the Brain. .,N/A,N/A,N/A,N/A,N/A,3 points,N/A,"Prerequisites: PSYC W1001 or PSYC W1010, or the instructor's permission.",https://bulletin.columbia.edu/columbia-college/departments-instruction/psychology/
N/A,PSYC UN2470 Fundamentals of Human Neuropsychology. .,N/A,N/A,N/A,N/A,N/A,3.00 points,N/A,"Fundamentals of Human Neuropsychology is an intermediate-level lecture course, which explores how the analysis of lesion patterns extended across brain networks has offered invaluable insights on the relationship between brain and behavior and deepened our understanding of the causal relationships between brain lesions and their clinical consequences",https://bulletin.columbia.edu/columbia-college/departments-instruction/psychology/
N/A,PSYC UN2480 The Developing Brain. .,N/A,N/A,N/A,N/A,N/A,3 points,N/A,"Prerequisites: PSYC W1001 or PSYC W1010, or the instructor's permission.",https://bulletin.columbia.edu/columbia-college/departments-instruction/psychology/
N/A,PSYC UN2640 INTRO TO SOCIAL COGNITION. .,N/A,N/A,N/A,N/A,N/A,3.00 points,N/A,"Prerequisites: an introductory course in psychology or the instructor's permission.
Prerequisite: An introductory psychology course. An introduction to basic concepts in social cognition, an approach to understanding social judgment and behavior by investigating the underlying mental processes. Topics include attitudes, identity, and prejudice, among others",https://bulletin.columbia.edu/columbia-college/departments-instruction/psychology/
N/A,PSYC UN2650 INTRO TO CULTURAL PSYCHOLOGY. .,N/A,N/A,N/A,N/A,N/A,3.00 points,N/A,Prerequisites: none; some basic knowledge of social psychology is desirable.,https://bulletin.columbia.edu/columbia-college/departments-instruction/psychology/
N/A,PSYC UN2670 Social Development. .,N/A,N/A,N/A,N/A,N/A,3 points,N/A,"Prerequisites: PSYC W1001 or PSYC W1010, or the equivalent.",https://bulletin.columbia.edu/columbia-college/departments-instruction/psychology/
N/A,PSYC UN2690 Frontiers of Justice. .,N/A,N/A,N/A,N/A,N/A,4.00 points,N/A,"Frontiers of Justice is designed to encourage students and equip them with the skills to become active and effective “Change Agents” within their academic institutions and larger communities. Oriented by the question, What does justice look like?, this course aims to raise political and social awareness and engagement with the challenges facing New York City and strengthen ties between Columbia University, disadvantaged communities, and city government agencies and community organizations. Through sharing ideas about how to make structural and systemic change in ways that integrate science, law, politics, history, narrative and community engagement, the course is intended to support students in working to break down racial and ethnic barriers and toward a more fair and just society",https://bulletin.columbia.edu/columbia-college/departments-instruction/psychology/
N/A,PSYC UN3270 COMPUT APPROACHES-HUMAN VISION. .,N/A,N/A,N/A,N/A,N/A,3.00 points,N/A,"Prerequisites: some background in psychology and/or neurophysiology (e.g., PSYC W1001, PSYC W1010, PSYC W2230, PSYC W2450; BIOL W3004 or BIOL W3005) is desirable. See instructor if you have questions about your background. Some background in mathematics and computer science (e.g., calculus or linear algebra, a programming language) is highly recommended.
Prerequisites: some background in psychology and/or neurophysiology (e.g. PSYC UN1001, PSYC UN1010, PSYC UN2230, PSYC UN2450; BIOL UN3004 or BIOL UN3005) is desirable. See instructor if you have questions about your background. Some background in mathematics and computer science (e.g. calculus or linear algebra, a programming language) is highly recommended. Study of human vision--both behavioral and physiological data--within a framework of computational and mathematical descriptions. Please contact Prof. Graham by e-mail (nvg1@columbia.edu) if you are interested in this course",https://bulletin.columbia.edu/columbia-college/departments-instruction/psychology/
N/A,PSYC UN3280 Seminar In Infant Development. .,N/A,N/A,N/A,N/A,N/A,3 points,N/A,"Prerequisites: a course in perception, cognition or developmental psychology, and the instructor's permission.",https://bulletin.columbia.edu/columbia-college/departments-instruction/psychology/
N/A,PSYC UN3290 Self: A Cognitive Exploration (Seminar). .,N/A,N/A,N/A,N/A,N/A,4 points,N/A,"Prerequisites: PSYC W1001 or PSYC W1010, or the equivalent, plus the instructor's permission.",https://bulletin.columbia.edu/columbia-college/departments-instruction/psychology/
N/A,PSYC UN3445 THE BRAIN AND MEMORY. .,N/A,N/A,N/A,N/A,N/A,4.00 points,N/A,"Prerequisites: (PSYC UN1010) or
Prerequisites: (PSYC UN1010) or Equivalent introductory course in neuroscience or cognitive psychology and the instructors permission This seminar will give a comprehensive overview of episodic memory research: what neuroimaging studies, patient studies, and animal models have taught us about how the brain creates, stores, and retrieves memories",https://bulletin.columbia.edu/columbia-college/departments-instruction/psychology/
N/A,PSYC UN3481 CRITICAL PERIODS IN BRAIN. .,N/A,N/A,N/A,N/A,N/A,4.00 points,N/A,Prerequisites: (PSYC UN1010 or,https://bulletin.columbia.edu/columbia-college/departments-instruction/psychology/
N/A,PSYC UN3496 NEUROSCIENCE AND SOCIETY. .,N/A,N/A,N/A,N/A,N/A,3.00 points,N/A,"Prerequisites: Science of Psychology (PSYC 1001) or Mind, Brain, ＆ Behavior (PSYC 1010), or equivalent introductory psychology course. Students who have not taken one of these courses may also be admitted with instructor permission. This course investigates the ways in which research in human neuroscience both reflects and informs societal issues. Topics include how neuroscience research is interpreted and applied in areas such as healthcare, education, law, consumer behavior, and public policy",https://bulletin.columbia.edu/columbia-college/departments-instruction/psychology/
N/A,PSYC UN3621 Creativity and the Good Life. .,N/A,N/A,N/A,N/A,N/A,4 points,N/A,Prerequisites: PSYC UN1001 or,https://bulletin.columbia.edu/columbia-college/departments-instruction/psychology/
N/A,"PSYC UN3624 Adolescent Mental Health: Causes, Correlates, Consequences. .",N/A,N/A,N/A,N/A,N/A,4.00 points,N/A,"Prerequisites: PSYC UN1001 and
Prerequisites: PSYC UN1001 and Prior coursework in Abnormal Psychology and Research Methods strongly preferred. Adolescence is a peak period for the onset of mental disorders and suicidal behaviors. The seminar is designed to enhance understanding of topics including, prevalence, etiology, risk factors, mechanisms, prevention and treatment approaches, and ethical considerations related to clinical research",https://bulletin.columbia.edu/columbia-college/departments-instruction/psychology/
N/A,PSYC UN3661 Happiness Studies Seminar. .,N/A,N/A,N/A,N/A,N/A,3 points,N/A,,https://bulletin.columbia.edu/columbia-college/departments-instruction/psychology/
N/A,PSYC UN3680 SOCIAL COGNITIVE NEUROSCIENCE. .,N/A,N/A,N/A,N/A,N/A,3.00 points,N/A,"Prerequisites: at least two of the following courses: PSYC W1001, PSYC W1010, PSYC W2630, PSYC W3410, PSYC W3480, PSYC W3485; and the instructor's permission.
Social cognitive neuroscience seeks to integrate the theories and methods of its parent disciplines, social psychology and cognitive neuroscience. As such, it seeks to explain social and emotional behavior at three levels of analysis: The social level, which includes descriptions of experience, behavior, and context; the cognitive level, which specifies information processing (i.e. psychological) mechanisms; and the neural level, which specifies neural systems that instantiate these processes. The course begins with foundational concepts (multilevel analyses of behavior, converging evidence, the evolution of the human brain), which students use to analyze findings in number of core content domains (including emotional appraisal, emotion regulation, person perception, social affiliation and rejection, individual differences). Prerequisites: Course equivalents of at least two of the following courses (W1001, W1010, W2630, W3410, W3480, W3485) and/or the instructor's permission",https://bulletin.columbia.edu/columbia-college/departments-instruction/psychology/
N/A,PSYC UN3690 The Self in Social Context (Seminar). .,N/A,N/A,N/A,N/A,N/A,4 points,N/A,"Prerequisites: PSYC W1001 or W1010, or the equivalent, and the instructor's permission.",https://bulletin.columbia.edu/columbia-college/departments-instruction/psychology/
N/A,"PSYC UN3691 Interpersonal Cognition Seminar: Close Relationships, Identity, and Memory. .",N/A,N/A,N/A,N/A,N/A,4 points,N/A,Prerequisites: PSYC UN2630 or PSYC UN2640,https://bulletin.columbia.edu/columbia-college/departments-instruction/psychology/
N/A,PSYC UN3910 HONORS SEMINAR. .,N/A,N/A,N/A,N/A,N/A,1.00 point,N/A,"Prerequisites: open to students in the honors program only. Discussion of a variety of topics in psychology, with particular emphasis on recent developments and methodological problems. Students propose and discuss special research topics",https://bulletin.columbia.edu/columbia-college/departments-instruction/psychology/
N/A,PSYC UN3920 HONORS RESEARCH. .,N/A,N/A,N/A,N/A,N/A,1.00-4.00 points,N/A,"Prerequisites: open to students in the honors program only.
Prerequisites: open to students in the honors program only. Except by special permission of the director of undergraduate studies, no more than 4 points of individual research may be taken in any one term. This includes both PSYC UN3950 and PSYC UN3920. No more than 12 points of PSYC UN3920 may be applied toward the honors program in psychology. Special research topics arranged with the instructors of the department leading toward a senior honors paper",https://bulletin.columbia.edu/columbia-college/departments-instruction/psychology/
N/A,PSYC GU4222 The Cognitive Neuroscience of Aging (Seminar). .,N/A,N/A,N/A,N/A,N/A,4 points,N/A,Prerequisites: courses in introductory psychology and cognitive psychology; and the instructor's permission.,https://bulletin.columbia.edu/columbia-college/departments-instruction/psychology/
N/A,PSYC GU4223 MEMORY ＆ EXEC FUNCT:LIFESPAN. .,N/A,N/A,N/A,N/A,N/A,4.00 points,N/A,"Prerequisites: the instructor's permission, plus PSYC W1001 or PSYC W1010, or the equivalent. Optimal preparation will include some background in experimental design and statistics.
Prerequisites: the instructors permission, plus PSYC UN1001 or PSYC UN1010, or the equivalent. Optimal preparation will include some background in experimental design and statistics. Memory and executive processing are critical cognitive functions required for successfully navigating everyday life. In lifespan studies, both exhibit relatively long developmental trajectories followed by stasis and then relative decline in old age. Yet, neither memory nor executive function is a unitary construct. Rather, each is comprised of separable components that may show different developmental trajectories and declines or maintenance at older ages. Moreover, memory is malleable and is a reconstruction of past experience, not an exact reproduction. We will discuss a range of topics related to the development, maintenance and potential decline in memory and executive function from infancy through old age",https://bulletin.columbia.edu/columbia-college/departments-instruction/psychology/
N/A,PSYC GU4225 CONSCIOUSNESS ＆ ATTENTION. .,N/A,N/A,N/A,N/A,N/A,4.00 points,N/A,"Prerequisites: the instructor's permission; some basic knowledge of cognitive science and neuroanatomy is desirable, but not necessary.
Modern theories attempt to characterize the human mind in terms of information processing. But machines that process information do not seem to feel anything; a computer may for instance receive inputs from a video camera, yet it would be hard to imagine that it sees or experiences the vividness of colors like we do. Nobody has yet provided a convincing theory as to how to explain the subjective nature of our mental lives in objective physical terms. This is called the problem of consciousness, and is generally considered to be one of the last unsolved puzzles in science. Philosophers even debate whether there could be a solution to this problem at all. Students in this course may be recruited for participation in a voluntary research study. Students who choose not to participate in the study will complete the same course requirements as those who do, and an individual's choice will not affect their grade or status as a student in the course",https://bulletin.columbia.edu/columbia-college/departments-instruction/psychology/
N/A,PSYC GU4229 ATTENTION AND PERCEPTION. .,N/A,N/A,N/A,N/A,N/A,4.00 points,N/A,"Prerequisites: (PSYC UN1010) or
Prerequisites: (PSYC UN1010) or Equivalent introductory course in neuroscience or cognitive psychology This seminar aims to provide an in-depth overview of neuroscientific knowledge regarding two critical cognitive functions: attention and perception. For each topic, results from behavioral studies are combined with those from recent neurocognitive approaches – primarily neuropsychological and functional brain imaging studies – that reveal the underlying neural networks and brain mechanisms",https://bulletin.columbia.edu/columbia-college/departments-instruction/psychology/
N/A,PSYC GU4232 Production and Perception of Language. .,N/A,N/A,N/A,N/A,N/A,4 points,N/A,Prerequisites: two courses in Psychology and the instructor's permission.,https://bulletin.columbia.edu/columbia-college/departments-instruction/psychology/
N/A,PSYC G4230 Sensation and Perception (Seminar). .,N/A,N/A,N/A,N/A,N/A,3 points,N/A,Prerequisites: the instructor's permission; some background in perception is required.,https://bulletin.columbia.edu/columbia-college/departments-instruction/psychology/
N/A,PSYC GU4235 SPECIAL TOPICS IN VISION. .,N/A,N/A,N/A,N/A,N/A,3.00 points,N/A,"Prerequisites: the instructor's permission. Please contact Prof. Graham by e-mail (nvg1@columbia.edu) if you are interested in this course.
Prerequisites: the instructors permission. Please contact Prof. Graham by e-mail (nvg1@columbia.edu) if you are interested in this course",https://bulletin.columbia.edu/columbia-college/departments-instruction/psychology/
N/A,PSYC GU4236 Machine Intelligence. .,N/A,N/A,N/A,N/A,N/A,4.00 points,N/A,"This course will survey historical and modern developments in machine intelligence from fields such as psychology, neuroscience, and computer science, and from intellectual movements such as cybernetics, artificial intelligence, neural networks, connectionism, machine learning, and deep learning. The emphasis is on the conceptual understanding of topics. The course does not include, nor require background in, computer programming and statistics. A crucial aspect of the seminar is for students to become informed consumers of applications of artificial intelligence",https://bulletin.columbia.edu/columbia-college/departments-instruction/psychology/
N/A,PSYC GU4242 Evolution of Language (seminar). .,N/A,N/A,N/A,N/A,N/A,3.00 points,N/A,Prerequisites: PSYC UN1001 or,https://bulletin.columbia.edu/columbia-college/departments-instruction/psychology/
N/A,"PSYC GU4250 Evolution of Intelligence, Cognition, and Language (Seminar). .",N/A,N/A,N/A,N/A,N/A,3 points,N/A,"Prerequisites: PSYC W1001 or PSYC W1010 or the equivalent, based on instructor assessment, plus one of the instructors' permission.",https://bulletin.columbia.edu/columbia-college/departments-instruction/psychology/
N/A,PSYC GU4282 The Neurobiology and Psychology of Play. .,N/A,N/A,N/A,N/A,N/A,4 points,N/A,,https://bulletin.columbia.edu/columbia-college/departments-instruction/psychology/
N/A,PSYC GU4287 DECISION ARCHITECTURE. .,N/A,N/A,N/A,N/A,N/A,4.00 points,N/A,"Prerequisites: (PSYC UN2235) or
Prerequisites: (PSYC UN2235) or an equivalent course on judgment and decision making ,AND the instructors permission This course reviews current research in the domain of decision architecture: the application of research in cognitive and social psychology to real-world situations with the aim of influencing behavior. This seminar will discuss recent and classic studies, both of decision theory and of applied decision research, to explore the effectiveness—as well as the limitations—of a selection of these behavioral “nudges.”",https://bulletin.columbia.edu/columbia-college/departments-instruction/psychology/
N/A,PSYC GU4289 THE GAMES PEOPLE PLAY:PSYCH OF STRAT DEC. .,N/A,N/A,N/A,N/A,N/A,3.00 points,N/A,"Prerequisites: (PSYC UN2235) or
Prerequisites: (PSYC UN2235) or equivalent course on judgment and decision-making A seminar course exploring strategic decision making (also known as behavioral game theory). This course examines the psychology underlying situations in which outcomes are determined by choices made by multiple decision makers. The prime objective will be to examine the use of experimental games to test psychological theories",https://bulletin.columbia.edu/columbia-college/departments-instruction/psychology/
N/A,PSYC GU4420 Animal Cognition (Seminar). .,N/A,N/A,N/A,N/A,N/A,3 points,N/A,Prerequisites: For undergraduates: the instructor's permission.,https://bulletin.columbia.edu/columbia-college/departments-instruction/psychology/
N/A,PSYC GU4430 Learning and the Brain (Seminar). .,N/A,N/A,N/A,N/A,N/A,4 points,N/A,"Prerequisites: courses in introductory psychology and/or neuroscience, and the instructor's permission.",https://bulletin.columbia.edu/columbia-college/departments-instruction/psychology/
N/A,PSYC GU4435 NON-MNEMONIC FUNC OF MEMORY SYSTEMS. .,N/A,N/A,N/A,N/A,N/A,4.00 points,N/A,"Prerequisites: (PSYC UN1010) or
Prerequisites: (PSYC UN1010) or equivalent introductory course in neuroscience or cognitive psychology The past decade has produced an extraordinary amount of evidence that challenges the classic view of a “medial temporal lobe memory system”, namely, the idea that the medial temporal lobe plays a necessary role in long-term memory but not other cognitive functions. This course will introduce these challenges to the traditional perspective by exploring functions of the so-called memory system in domains outside of long-term memory",https://bulletin.columbia.edu/columbia-college/departments-instruction/psychology/
N/A,PSYC GU4470 PSYCH ＆ NEUROPSYCH OF LANGUAGE. .,N/A,N/A,N/A,N/A,N/A,4.00 points,N/A,Prerequisites: the instructor's permission. A course in the psychology of language or linguistics is highly recommended.,https://bulletin.columbia.edu/columbia-college/departments-instruction/psychology/
N/A,PSYC GU4490 Inheritance (Seminar). .,N/A,N/A,N/A,N/A,N/A,4 points,N/A,Prerequisites: basic knowledge of biology and neuroscience recommended; the instructor's permission required.,https://bulletin.columbia.edu/columbia-college/departments-instruction/psychology/
N/A,PSYC GU4491 The Parental Brain. .,N/A,N/A,N/A,N/A,N/A,4.00 points,N/A,"This course will provide an overview of the field of parental and social biology, with an emphasis on changes in the adult rodent brain surrounding childbirth and caretaking behavior. We will explore how the experience of parenthood prepares the brain for survival of offspring. We will also discuss the dynamic between caregivers and parents in order to provide the structure necessary to rear young. This course will illustrate the fortitude of molecular, behavioral and circuit level investigations in concert to unveil mechanisms of social learning",https://bulletin.columbia.edu/columbia-college/departments-instruction/psychology/
N/A,"PSYC GU4627 Seminar in Anxiety, Obsessive-Compulsive, and Related Disorders. .",N/A,N/A,N/A,N/A,N/A,4.00 points,N/A,"Prerequisites: PSYC UN1001 or
This seminar course will focus on the etiology and phenomenology of anxiety disorders, obsessive-compulsive disorder (OCD), and OCD-related disorders, as well as their evidence-based treatments",https://bulletin.columbia.edu/columbia-college/departments-instruction/psychology/
N/A,PSYC GU4635 The Unconscious Mind (Seminar). .,N/A,N/A,N/A,N/A,N/A,4 points,N/A,Prerequisites: the instructor's permission; some basic knowledge of social psychology is desirable.,https://bulletin.columbia.edu/columbia-college/departments-instruction/psychology/
N/A,"PSYC GU4645 CULTR,MOTIVATN,PROSOCIAL BEHAV. .",N/A,N/A,N/A,N/A,N/A,4.00 points,N/A,"Prerequisites: Some knowledge of Research Methods, Statistics, and Social Psychology, plus Instructors Permission. Reviews and integrates current research on three important topics of social psychology: culture, motivation, and prosocial behavior. Discussions and readings will cover theoretical principles, methodological approaches, and the intersection of these three topics. Students will write a personal research proposal based on the theories presented during the seminar",https://bulletin.columbia.edu/columbia-college/departments-instruction/psychology/
N/A,PSYC GU4670 THRY-SOCIAL/PERSONALITY PSYCH. .,N/A,N/A,N/A,N/A,N/A,3.00 points,N/A,"Prerequisites: the instructor's permission.
Prerequisites: the instructors permission. Comparison of major theoretical perspectives on social behavior. The nature of theory construction and theory testing in psychology generally. Exercises comparing the predictions of different theories for the same study are designed to acquire an appreciation of how to operationalize theories and an understanding of the various features of a good theory",https://bulletin.columbia.edu/columbia-college/departments-instruction/psychology/
N/A,PSYC GU4672 MORAL PSYCHOLOGY. .,N/A,N/A,N/A,N/A,N/A,4.00 points,N/A,"Prerequisites: Two courses in psychology, including at least one course with a focus on social and/or developmental psychology, and permission of the instructor.
Prerequisites: Two courses in psychology, including at least one course with a focus on social and/or developmental psychology, and permission of the instructor. Review of theories and current research on moral cognition and behavior. Topics include definitions of morality, the development of moral cognition, the role that other aspects of human experience (e.g. emotion, intentions) play in moral judgments, and the relationship between moral psychology and other areas of study (e.g. religious cognition, prejudice and stereotyping, the criminal justice system)",https://bulletin.columbia.edu/columbia-college/departments-instruction/psychology/
N/A,PSYC GU4673 Political Psychology. .,N/A,N/A,N/A,N/A,N/A,4 points,N/A,,https://bulletin.columbia.edu/columbia-college/departments-instruction/psychology/
N/A,PSYC GU4686 Barriers and Levers for Behavior Change. .,N/A,N/A,N/A,N/A,N/A,4 points,N/A,Prerequisites: (PSYC UN1001 or PSYC UN1010) and,https://bulletin.columbia.edu/columbia-college/departments-instruction/psychology/
N/A,PSYC GU4690 SOCIAL FACTORS ＆ PSYCHOPATHLGY. .,N/A,N/A,N/A,N/A,N/A,3.00 points,N/A,"Prerequisites: the instructor's permission.
Prerequisites: the instructors permission. Reviews and integrates current research on the role of social factors in psychopathology. The immediate and long-term effects of chronic and traumatic stressors originating outside the family (e.g. natural disasters, chronic poverty) and inside the family (e.g. family violence, divorce, parental psychopathology) on psychopathology",https://bulletin.columbia.edu/columbia-college/departments-instruction/psychology/
N/A,PSYC GU4695 Psychology of Close Relationships (Seminar). .,N/A,N/A,N/A,N/A,N/A,3 points,N/A,"Prerequisites: Research Methods, statistics, social psychology, and the instructor's permission.",https://bulletin.columbia.edu/columbia-college/departments-instruction/psychology/
N/A,PSYC GU4880 In Service of Equity: Examining Developmental Science through the Lens of Policy. .,N/A,N/A,N/A,N/A,N/A,4.00 points,N/A,"Urie Bronfenbrenner (1974) wrote, “We have now come the full circle and returned to our starting point—issues of social policy as points of departure for the identification of significant theoretical and scientific questions concerning the development of the human organism as a function of interaction with its enduring environment-both actual and potential.” This course is designed to examine emotional and cognitive development through the lens of existing financial, social, and educational policies. We will examine the influence- on child development - of inequities in education, household socioeconomic status and poverty, neighborhood socioeconomic status and poverty, access to prenatal care, parental incarceration rates, and systemic racism",https://bulletin.columbia.edu/columbia-college/departments-instruction/psychology/
N/A,PSYC GU4930 Fundamentals of Human Brain Imaging: from theory to practice. .,N/A,N/A,N/A,N/A,N/A,4.00 points,N/A,"Fundamentals of human brain imaging is a new advanced course open to undergraduates students from the Psychology, Neuroscience, Engineering, and Statistics Departments, that traces the key steps of the recent “neuroimaging revolution”, and introduces the various methodologies and associated analytic approaches that are now available in the field of cognitive neuroscience. Specifically, the course develops around three main questions, currently under-represented in our undergraduate curriculum: 1) What is the advantage to study human cognition using correlational methodologies (e.g., EEG, MEG, fMRI)? 2) Which is the particular contribution of each method in the understanding of brain/behavior relationship? 3) Which are the most common ways to approach the analyze the neuroimaging data? By promoting an inclusive environment and implementing active learning strategies, this course stimulates critical thinking and fosters collaboration among students from different departments",https://bulletin.columbia.edu/columbia-college/departments-instruction/psychology/
N/A,PUBH UN3400 Data Science and Health Equity in New York City. .,N/A,N/A,N/A,N/A,N/A,3.00 points,N/A,"This course, which has no pre-requisites, teaches students about data science and public health. Students will create and answer public health research questions related to health equity in NYC. The course will use publicly available NYC health data to learn the seven steps of data science: 1) writing a research question; 2) obtaining data to address the question; 3) data cleaning; 4) data exploration; (5) analysis; 6) replication and validity evaluation; and (7) presentation and summary. The course will introduce students to R",https://bulletin.columbia.edu/columbia-college/departments-instruction/public-health/
N/A,HSPB UN2950 Social History of U.S. Public Health. .,N/A,N/A,N/A,N/A,N/A,4.00 points,N/A,"The purpose of this course is to provide students with an historical understanding of the role public health has played in American history. The underlying assumptions are that disease, and the ways we define disease, are simultaneously reflections of social and cultural values, as well as important factors in shaping those values. Also, it is maintained that the environments that we build determine the ways we live and die. The dread infectious and acute diseases in the nineteenth century, the chronic, degenerative conditions of the twentieth and the new, vaguely understood conditions rooted in a changing chemical and human-made environment are emblematic of the societies we created. Among the questions that will be addressed are: How does the health status of Americans reflect and shape our history? How do ideas about health reflect broader attitudes and values in American history and culture? How does the American experience with pain, disability, and disease affect our actions and lives? What are the responsibilities of the state and of the individual in preserving health? How have American institutions--from hospitals to unions to insurance companies--been shaped by changing longevity, experience with disability and death?",https://bulletin.columbia.edu/columbia-college/departments-instruction/public-health/
N/A,RELI UN1612 Religion and the History of Hip Hop. .,N/A,N/A,N/A,N/A,N/A,4.00 points,N/A,"This is an undergraduate lecture course introducing students to the study of religion through an engagement with the history of hip hop music. More specifically, this course is organized chronologically to narrate a history of religion in the United States (circa 1970 to the present day) by mapping the ways that a variety of religious ideas and practices have animated rap music’s evolution and expansion during this time period. While there are no required prerequisites for the course, prior coursework in religious studies, African American studies, and/or popular music is helpful",https://bulletin.columbia.edu/columbia-college/departments-instruction/religion/
N/A,RELI UN2312 Religion and Nasty Women. .,N/A,N/A,N/A,N/A,N/A,4.00 points,N/A,"Used in 2016 by then presidential candidate, Donald Trump, in reference to his female opponent, Hillary Clinton, the phrase “nasty woman” has become a badge of honor and a rallying cry for women’s empowerment. The origin of the word “nasty,” attested in the 14th century, indicates highly unpleasant qualities- nauseating or unclean, in a literal or figurative way. It also came to evoke indecency and obscenity- and religious traditions have a long history of such depiction of women. After introducing some key texts on the otherness and objectification of women (including by Aristotle, Beauvoir, Kristeva, Nussbaum, and Butler), we will examine a number of female characters- goddesses, prostitutes, and virgins - in the Mesopotamian, Greek, Jewish, Christian, Buddhist, Hindu, and Islamic corpus that fit the definition of nasty. We will also analyze some of the underlying tropes of impurity and danger that characterize nastiness involving bodily fluids, sexuality, and knowledge. Spanning theology, literature, movies, and popular culture the course aims to be a survey of religious-based misogyny as well as women’s responses in their pursuit of agency",https://bulletin.columbia.edu/columbia-college/departments-instruction/religion/
N/A,RELI UN2406 Chinese Religious Traditions - Discussion. .,N/A,N/A,N/A,N/A,N/A,0.00 points,N/A,"This course provides a chronological and thematic introduction to Chinese religions from their beginnings until modern times. It examines distinctive concepts, practices and institutions in the religions of China. Emphasis will be placed on the diversity and unity of religious expressions in China, with readings drawn from a wide-range of texts: religious scriptures, philosophical texts, popular literature and modern historical and ethnographic studies. Special attention will be given to those forms of religion common to both “elite” and “folk” culture: cosmology, family and communal rituals, afterlife, morality and mythology. The course also raises more general questions concerning gender, class, political patronage, and differing concepts of religion",https://bulletin.columbia.edu/columbia-college/departments-instruction/religion/
N/A,RELI UN3312 “The Scientific Buddha”: Buddhism and Science in China and Beyond. .,N/A,N/A,N/A,N/A,N/A,4.00 points,N/A,"The relationship between religion and science, and by extension between Buddhism and science, have been long investigated by scholars and practitioners attempting to understand questions regarding the nature of reality, knowledge, and experience. While the meeting of Buddhism and Western science dates back to the nineteenth century, the discourse of “encounter” between these two systems of knowledge intensified with the Dalai Lama’s suggestion to institutionalize a dialogue between Buddhist practitioners and Western scientists in 1987. This seminar examines this on-going dialogue from its beginning in China about 200 years ago through today",https://bulletin.columbia.edu/columbia-college/departments-instruction/religion/
N/A,"RELI UN3415 Climate, Religion, and the Anthropocene. .",N/A,N/A,N/A,N/A,N/A,4.00 points,N/A,"This course examines intersections between religious life and climate change in a comparative and global perspective. In recent years, the idea of the Anthropocene—the period of geological time during which human activity has become the primary force shaping the Earth’s climate—has abounded in both academic and popular literature. This focus on human agency over the climate raises questions about the extent to which humans share equally responsibility for and vulnerability to climate change, as well as differing understandings of human relationships and responsibilities toward the environment. This course uses religion as a lens to examine the role of humans in both creating ecological destruction and efforts to repair and rework relationships with the natural world. We will draw on primary texts from religious traditions around the world in a bid to unsettle human-centric and universalist narratives of the Anthropocene. By the end of the semester, students will have deepened and nuanced their understandings of the notoriously vexed categories of religion and the Anthropocene, and come away with new ways of thinking about the climate crisis",https://bulletin.columbia.edu/columbia-college/departments-instruction/religion/
N/A,RELI UN3500 BUDDHIST ETHICS. .,N/A,N/A,N/A,N/A,N/A,3.00 points,N/A,,https://bulletin.columbia.edu/columbia-college/departments-instruction/religion/
N/A,RELI GU4175 Queer Theory Meets Religion. .,N/A,N/A,N/A,N/A,N/A,4.00 points,N/A,"Within religious traditions there are lively discourses of queering these traditions and while religious studies had to catch up, by now there are sizable bodies of queer studies in religion. But theological and religious studies queer discourses rarely reach queer theory in general. Moreover, when queerness and religion are studied together, we usually take queerness primarily as a quality of lives, bodies, and desires and then study how religious traditions and discourses succeed or fail in targeting or supporting queer lives or studies articulate how religious traditions can be recovered through queer readings. We will inquire into the shapes and logics animating queer theory’s religion trouble and wonder about what ways of thinking we preempt when queerness and religion are confined to pertaining to lived bodies and traditions respectively. What happens when we think with “queerness” and “religion” as dimensions irreducible to bodies or traditions? How is it that in the interdisciplinarity of queer theory, religion and religious studies remain largely unthought? To think through some of these questions, we will ask how religion and queerness might be understood as methodologies for examining how truth and affect converge and sediment in the sensibilities and infrastructures orienting how we experience the world around us. We will turn to both religious studies and queer theory to examine two interrelated sets of questions: 1) How are meaning-making and investments with value bound up with gender, race, sexual desires, ability, coloniality, class, age, climate and environmental factors? And 2) what potentials for knowing, acting, living differently are afforded by differing practices, rituals, architectures, and aesthetics of transmitting, refashioning, and institutionalizing knowledge systems?",https://bulletin.columbia.edu/columbia-college/departments-instruction/religion/
N/A,RELI GU4223 Dreams. .,N/A,N/A,N/A,N/A,N/A,4.00 points,N/A,"This seminar for advanced undergraduates and graduate students investigates the significance of dreams in multiple cultural and historical contexts with a focus on Tibetan Buddhism. Dreams and dreaming are vital aspects of Tibetan Buddhist meditative practice, visionary experience, poetry, narratives, as well as visual arts. Students in the seminar will explore a range of materials that 1) guide Buddhist practitioners to cultivate certain types of dreams, and 2) narrate dream experiences that the dreamer has deemed worth recording, and 3) situate Tibetan Buddhist examples in broader contexts of religious and psychological perspectives, with an emphasis on Freud and Jung’s treatment of dreams. According to Buddhist sources, a dream might be significant because the dreamer understands it to be revelatory, foretelling the future, or it might be recorded simply because the dreamer finds the dream in some way compelling, troubling, or funny. In life writing, dreams often highlight crucial moments in the writer’s life experience. Just as psychoanalysts make use of dreams to engage with analysands, Tibetan medical texts instruct doctors to pay close attention to patients’ dreams in the process of diagnosis. Tibetan ritual texts guide meditators in techniques for lucid dreaming. Visionary dreams are recorded in great aesthetic detail. Narratives of dreams and dreamscapes are an important part of biographies and life writing in general. We will also consider European and American treatments of dreams and lucid dreaming, including psychoanalytic, philosophical approaches to dreaming. A significant element of the course is a daily dream journal",https://bulletin.columbia.edu/columbia-college/departments-instruction/religion/
N/A,RELI GU4326 SUFISM IN SOUTH ASIA. .,N/A,N/A,N/A,N/A,N/A,4.00 points,N/A,"Sufism or tassawuf has misleadingly been described as the mystical side of Islam, implying that it is somehow detached from the material world. Throughout the history of Islam, Sufi ideas, practices, and institutions have borne a complex, intimate, and sometimes fraught relationship with other aspects of Islamic tradition and practice, a relationship that has also been profoundly impacted by Orientalist scholarship in the colonial period and by global reformist currents in the postcolonial period. This seminar for advanced undergraduates and graduate students is an interdisciplinary investigation of how Sufism has been affected by the historical, sociocultural, political, and everyday environments in which is it experienced and practiced, with a particular focus on South Asia. Eclectic in approach, we will begin by considering how Sufism has been construed and even constructed by scholars, considering how modern notions of the self, religion, and the political have shaped scholarly understandings of what Sufism is. Focusing on bodily practices and well known individual Sufis who lived in South Asia during different historical periods, we will use them as a vehicle for understanding Sufi experience within the context of the evolving Sufi orders within specific local spaces. We will consider why Sufism has become such a target of controversy and ambivalence among Muslims in the modern world and trace some of the changing controversies and tensions that Sufis have struggled with over time, focusing on their understandings of self, society and reality",https://bulletin.columbia.edu/columbia-college/departments-instruction/religion/
N/A,RELI GU4260 Time. .,N/A,N/A,N/A,N/A,N/A,4.00 points,N/A,"Concepts and sensibilities surrounding time and temporality are major aspects of people’s sense of reality and “how the world works.” Questions that we will explore in this course include such as the following: How are concepts and senses of time shaped in different contexts? How do they change? What role do ritual practices as well as distinctions such as between sacred and profane times play in shaping senses of time? In what ways are times and temporalities experienceable and in what ways do they elude perception? How are concepts of time and space connected? How is time political and how do its political valences become tangible or remain elusive? In our inquiries we will pay attention to where practices and concepts that seem obviously associated with religion make their appearance and what assumptions make that classification seem obvious. We will also examine how conceptual tools of religious studies might aid us in understanding how conceptions and sensibilities regarding time and temporality emerge, are transmitted, and transformed in and through communities of practice. While this seminar is open to interested students from all disciplines, our work in this course specifically falls into the “zone of inquiry” of “time and history” of the Religion Department’s graduate programs. “Zones of inquiry” seek to introduce students to a particular cluster of key concepts and various theoretical elaborations of those concepts, in order to aid students in honing their ability to reflect critically on and develop further the central concepts that they derive from and bring to the specific traditions and phenomena that they study in their own research. A main goal of this course will therefore be to deepen our conceptual and analytical acumen and expand our theoretical resources at the intersection of religious studies and theories of time and temporality",https://bulletin.columbia.edu/columbia-college/departments-instruction/religion/
N/A,RELI GU4626 READING (IN THEORY). .,N/A,N/A,N/A,N/A,N/A,3.00 points,N/A,"This reading-intensive course will engage, over time with essential texts of the current critical canon. Offered over a series of semesters, it is aimed at developing a practice of reading: close or distant, and always attentive. Let us say: slow reading. What does it mean to read? Where and when does reading start? Where does it founder? What does reading this author (Freud, for example) or that author (say, Foucault) do to the practice of reading? Can we read without misreading? Can we read for content or information without missing the essential? Is there such a thing as essential reading? Favoring a demanding and strenuous exposure to the text at hand, this course promises just that: a demanding and strenuous exposure to reading. The course can be repeated for credit",https://bulletin.columbia.edu/columbia-college/departments-instruction/religion/
N/A,RELI UN1310 GOD. .,N/A,N/A,N/A,N/A,N/A,3.00 points,N/A,,https://bulletin.columbia.edu/columbia-college/departments-instruction/religion/
N/A,RELI UN3401 MUSLIMS IN DIASPORA-DISC. .,N/A,N/A,N/A,N/A,N/A,0 points,N/A,Corequisites: RELI UN3407,https://bulletin.columbia.edu/columbia-college/departments-instruction/religion/
N/A,"RELI UN3517 Queer Theory, Religion, and Their Discontents. .",N/A,N/A,N/A,N/A,N/A,3.00 points,N/A,"For the most part queer studies and religious studies have met each other with great suspicion and little interest in the conceptual resources of the respectively other field. Our guiding questions will be: What does religion have to do with queerness? What does queerness have to do with religion? Queer theory and activists, unless they already identify as religious, often have little or little good to say about religion. Conversely, many religious traditions intensively regulate gender, sex, sexuality, and especially queerness. this course will explore how religious studies can enrich queer theory and how queer theory can reshape our thinking about religious studies. But beyond the mutual disinterest, anxieties, and animosities, queer studies and religious studies share actually a whole range of core interests and questions, such as embodiment, sexuality, gender-variability, coloniality, race appearing as religious identity and religious identity as gendered, as well as the role of catastrophe, utopia, and redemption in our experience of the world. We will examine questions about religion come to the fore when we paying especially attention to queerness, gender, sexuality, pleasure, pain, and desire. Equally, we will examine how queer discourses mobilize religious and theological images and ideas, especially where these images and ideas are no longer clearly recognizable as having religious origins. Rather than trying to settle on definitive answers, this course will cultivate a process of open-ended collective inquiry in which students will be encouraged to think autonomously and challenge facile solutions. Students should come away from the course with an expanded sense of how we grapple with issues related to gender, sexuality, desire, and embodiment in our everyday lives and how religion and religious formations are entangled with these issues well beyond religious communities. Ideally, students should experience this course as enlarging the set of critical tools at their hands for creative and rigorous thinking",https://bulletin.columbia.edu/columbia-college/departments-instruction/religion/
N/A,RELI UN3519 Embodiment: (Re)Defining the Human. .,N/A,N/A,N/A,N/A,N/A,4.00 points,N/A,"Please note this course is for a GSAS Teaching Scholar With the rise of climate change, technological advances, and an abundance of everyday existential crises, you might be wondering what it means to be human in 2023. In this course, we begin with the claim that in order to understand “human being” in a time of critical discourse regarding the Anthropocene, we must explore embodiment. Starting with Cartesian Dualism and its legacy, we will progress to contemporary critiques and move into speculative understandings of embodiment and its role in human being in religious studies, philosophy, literature, and anthropology. We will think about how we define what it means to be human, who exactly this “we” is who gets to do the defining, and what happens to us and our worlds when we forget about or attempt to overcome embodiment. This course has several interactive components and utilizes media such as podcasts, films, comics, and practical engagement in addition to a wide variety of academic reading assignments",https://bulletin.columbia.edu/columbia-college/departments-instruction/religion/
N/A,RELI UN3901 GUIDED READING AND RESEARCH. .,N/A,N/A,N/A,N/A,N/A,1.00-4.00 points,N/A,Prerequisites: the instructors permission,https://bulletin.columbia.edu/columbia-college/departments-instruction/religion/
N/A,RELI GU4217 American Religions in extremis. .,N/A,N/A,N/A,N/A,N/A,4.00 points,N/A,"This seminar focuses on historical, sociological, and first-hand accounts of a diverse set of American non-conformist religious and spiritual groups (including MOVE, the Branch Davidians at Waco, Father Divine's International Peace Mission, the Oneida Perfectionists, and Occupy and others). Diverse in their historical origins, their activities, and their ends, each of the groups sought or seeks to offer radically news ways of living, subverting American gender, sexuality, racial, or economic norms. The title of this seminar highlights the ways that these groups explain their reasons for existing (to themselves or others) not as a choice but as a response to a system or society out of whack, at odds with the plans of the divine, or at odds with nature and survival. Likewise, it considers the numerous ways that these same groups have often found themselves the targets of state surveillance and violence",https://bulletin.columbia.edu/columbia-college/departments-instruction/religion/
N/A,RELI GU4325 Sufism. .,N/A,N/A,N/A,N/A,N/A,4 points,N/A,Prerequisites: Permission of instructor.,https://bulletin.columbia.edu/columbia-college/departments-instruction/religion/
N/A,RELI GU4535 BUDDHIST CONTEMPLATIVE SCIENCES. .,N/A,N/A,N/A,N/A,N/A,4.00 points,N/A,"Prerequisites: the instructor's permission.
Buddhist arts and sciences traditionally are divided into the interconnected disciplines of ethics (śīla), wisdom/philosophy (prajñā), and “meditation” or experiential cultivation (samādhi/bhāvanā). This seminar course introduces the latter discipline, thus complementing and completing Prof. Yarnall’s Columbia seminars on Buddhist Ethics (RELI UN3500) and Indo-Tibetan Buddhist Philosophy (RELI GU4630), either of which—in addition to his introductory lecture course on Indo-Tibetan Buddhism (RELI UN2205)—are encouraged as prerequisites. This course will provide a detailed presentation of key Buddhist contemplative sciences, including: stabilizing meditation (śamatha); analytic insight meditation (vipaśyanā); cultivation of the four immeasurables, and form and formless trances; mind cultivation (lo jong); mindfulness meditation; Zen meditation; great perfection (dzogchen); and the subtle body-mind states activated and transformed through advanced tantric yoga techniques. These arts and sciences will be explored both within their traditional interdisciplinary frameworks, as well as in dialog with related contemporary disciplines, including: cognitive sciences, neuroscience, psychology, psychiatry, philosophy, epistemology, and so forth. To be conducted in a mixed lecture/seminar format (active, prepared participation required)",https://bulletin.columbia.edu/columbia-college/departments-instruction/religion/
N/A,RELI GU4547 Sacrifice. .,N/A,N/A,N/A,N/A,N/A,4.00 points,N/A,"This seminar provides an overview of sacrifice in both theory and practice. The concept of sacrifice, and its contestation, allows us to explore a range of issues and institutions related to the (often violent) act of “giving up,” or exchange. What must a sacrifice be, and how do its instantiations—for God; for country; for kin; for love; for rain; etc.—take shape? Readings are drawn from a range of sources, including Biblical texts and commentaries, the anthropological record, critical theory, comparative literature, and work on race and gender. The seminar aims to provide students with a strong foundation for relating sacrifice to broader concerns with the body, media/mediation, religion, politics, and kinship",https://bulletin.columbia.edu/columbia-college/departments-instruction/religion/
N/A,RELI UN1310 GOD. .,N/A,N/A,N/A,N/A,N/A,3.00 points,N/A,,https://bulletin.columbia.edu/columbia-college/departments-instruction/religion/
N/A,RELI UN1312 Religion in Black America: An Introduction. .,N/A,N/A,N/A,N/A,N/A,4 points,N/A,,https://bulletin.columbia.edu/columbia-college/departments-instruction/religion/
N/A,RELI UN1320 Losing My Religion. .,N/A,N/A,N/A,N/A,N/A,3.00 points,N/A,"The R.E.M. lead singer Michael Stipe explained that the phrase “losing my religion” in the song of the same title does not refer to what we might commonly understand by “religion.” Rather it cites the expression used in the Southern U.S. for losing one’s temper, feeling frustrated, exasperated, and desperate. The loss present in John Legend and Common’s song “Glory” from the movie Selma are the lives lost to the unattenuated history of racist violence and in the struggle against structural white supremacy. In this context, for Blacks “freedom is like religion.” Like religion. Even if the song does not shy away from Christian theological tropes, “religion” here too remains elusive. Living through a major global pandemic as we are (although arguably, racism and capitalism are also ongoing—albeit mostly unacknowledged—global pandemics), we are witnessing the losses attributable to Covid-19 precipitating changing practices and rituals of marking losses, mourning, and building community in the present. Apart from impacting practices that we generally term “religious,” loss and living with losses also reveal what may have been our individual and collective “religion” lost and what may emerge as the “religions” we hew to newly or nonetheless. In this course we will explore how various meanings of “religion” might offer us conceptual tools for thinking about loss, community, and damaged life. We will examine how religious practices change in relation to losses and reflect on losses of religion both personally (e.g., because one’s hitherto familiar value system breaks down) and collectively (e.g., the forced conversions and suppression of religious traditions by colonialism). We will track how loss and rituals surrounding loss can change how history, time, space, and meaning are experienced. We will ask what if anything comes after or alongside loss, especially given the perdurance of loss that is brought about by centuries of systemic violence. Given the circumstances of our moment, we will also take time to reflect on the (hopefully only temporary) loss of face-to-face communal learning in a shared classroom and what new rituals of virtual learning mean for building communities and relating to others and the world. Rather than trying to settle on definitive answers, this course will cultivate a process of open-ended collective inquiry in which students will be encouraged to think autonomously and to challenge facile solutions. Students should come away from the course with an expanded sense of how we grapple with issues related to loss, damaged life, community, complicated and violent pasts, the precarity of the present, vanishing futures and how religion and religious formations are entangled with these issues well beyond religious communities. Ideally, students should experience this course as enlarging the set of critical tools at their disposal for creative and rigorous thinking",https://bulletin.columbia.edu/columbia-college/departments-instruction/religion/
N/A,RELI UN1612 Religion and the History of Hip Hop. .,N/A,N/A,N/A,N/A,N/A,4.00 points,N/A,"This is an undergraduate lecture course introducing students to the study of religion through an engagement with the history of hip hop music. More specifically, this course is organized chronologically to narrate a history of religion in the United States (circa 1970 to the present day) by mapping the ways that a variety of religious ideas and practices have animated rap music’s evolution and expansion during this time period. While there are no required prerequisites for the course, prior coursework in religious studies, African American studies, and/or popular music is helpful",https://bulletin.columbia.edu/columbia-college/departments-instruction/religion/
N/A,RELI UN1615 Vampires. .,N/A,N/A,N/A,N/A,N/A,3 points,N/A,,https://bulletin.columbia.edu/columbia-college/departments-instruction/religion/
N/A,RELI UN1621 Religion and the Movies: Discussion. .,N/A,N/A,N/A,N/A,N/A,0.00 points,N/A,Discussion section for Religion and the Movies,https://bulletin.columbia.edu/columbia-college/departments-instruction/religion/
N/A,RELI UN2105 CHRISTIANITY. .,N/A,N/A,N/A,N/A,N/A,3.00 points,N/A,,https://bulletin.columbia.edu/columbia-college/departments-instruction/religion/
N/A,RELI UN2301 ISLAM-DISCUSSION. .,N/A,N/A,N/A,N/A,N/A,0.00 points,N/A,,https://bulletin.columbia.edu/columbia-college/departments-instruction/religion/
N/A,RELI UN2304 CHRISTIANITY. .,N/A,N/A,N/A,N/A,N/A,3.00 points,N/A,"Survey of Christianity from its beginnings through the Reformation. Based on lectures and discussions of readings in primary source translations, this course will cover prominent developments in the history of Christianity. The structure will allow students to rethink commonly held notions about the evolution of modern Christianity with the texture of historical influence",https://bulletin.columbia.edu/columbia-college/departments-instruction/religion/
N/A,RELI UN2307 CHINESE RELIGIOUS TRADITIONS. .,N/A,N/A,N/A,N/A,N/A,3.00 points,N/A,"Historical survey highlighting major developments in Chinese religion: includes selections from the Warring States classics, developments in popular Daoism, and an overview of the golden age of Chinese Buddhism. Touches on Neo-Confucianism, popular literature of the late imperial period, and the impact of Western ideas",https://bulletin.columbia.edu/columbia-college/departments-instruction/religion/
N/A,RELI UN2312 Religion and Nasty Women. .,N/A,N/A,N/A,N/A,N/A,4.00 points,N/A,"Used in 2016 by then presidential candidate, Donald Trump, in reference to his female opponent, Hillary Clinton, the phrase “nasty woman” has become a badge of honor and a rallying cry for women’s empowerment. The origin of the word “nasty,” attested in the 14th century, indicates highly unpleasant qualities- nauseating or unclean, in a literal or figurative way. It also came to evoke indecency and obscenity- and religious traditions have a long history of such depiction of women. After introducing some key texts on the otherness and objectification of women (including by Aristotle, Beauvoir, Kristeva, Nussbaum, and Butler), we will examine a number of female characters- goddesses, prostitutes, and virgins - in the Mesopotamian, Greek, Jewish, Christian, Buddhist, Hindu, and Islamic corpus that fit the definition of nasty. We will also analyze some of the underlying tropes of impurity and danger that characterize nastiness involving bodily fluids, sexuality, and knowledge. Spanning theology, literature, movies, and popular culture the course aims to be a survey of religious-based misogyny as well as women’s responses in their pursuit of agency",https://bulletin.columbia.edu/columbia-college/departments-instruction/religion/
N/A,RELI UN2313 Religion and Nasty Women - Discussion. .,N/A,N/A,N/A,N/A,N/A,0 points,N/A,,https://bulletin.columbia.edu/columbia-college/departments-instruction/religion/
N/A,RELI UN2315 Japanese Religious Traditions. .,N/A,N/A,N/A,N/A,N/A,3 points,N/A,,https://bulletin.columbia.edu/columbia-college/departments-instruction/religion/
N/A,RELI UN2316 HINDUISM - DISCUSSION. .,N/A,N/A,N/A,N/A,N/A,0.00 points,N/A,,https://bulletin.columbia.edu/columbia-college/departments-instruction/religion/
N/A,RELI UN2322 Introduction to Islamic Law. .,N/A,N/A,N/A,N/A,N/A,3.00 points,N/A,"The platform of every modern “Islamist” political party calls for the implementation of “the shari‘a.” This term is invariably (and incorrectly) interpreted as an unchanging legal code dating back to 7th century Arabia. In reality, Islamic law is an organic and constantly evolving human project aimed at ascertaining God’s will in a given historical and cultural context. This course offers an introduction to the major concepts in Islamic law including its basic method and its interactions with modernity. The first part of the semester is dedicated to “classical” Islamic jurisprudence, concentrating on the manner in which jurists used the Qur’an, the Sunna (the model of the Prophet), and rationality to articulate a coherent legal system. The second part of the course focuses on those areas of the law that engender passionate debate and controversy in the contemporary world. Specifically, we examine the discourse surrounding gender (marriage, divorce, and personhood) and crime/punishment. The course ends by directly engaging issues associated with modernity with a particular focus on science (evolution) and medicine (medical ethics). This class is designed as a broad introduction to the Islamic law with case studies scattered throughout the semester. The format of individual class sessions will vary from topic to topic but students should anticipate *extensive* participation",https://bulletin.columbia.edu/columbia-college/departments-instruction/religion/
N/A,RELI UN2335 RELI IN BLACK AMERICA:AN INTRO. .,N/A,N/A,N/A,N/A,N/A,4.00 points,N/A,"Religion has been a complicated and contested, yet central, organizing force in the making of black life in the America. At the same time, African American religious life has been the subject of much scrutiny throughout the history of the United States, serving arguments that advocated abolition, emancipation and full enfranchisement, but also functioning as evidence to justify enslavement and second-class citizenship. To better understand such phenomena, this course provides a chronological survey that introduces students to a range of ideas and practices, individuals and institutions, as well as important themes and topics in African American (thus American) religious history. Primary attention is given to Afro-Protestantism in the United States; however, throughout the course attention is directed to religious diversity and varying religious traditions/practices in different diasporic locales. By the end of the semester students will be expected to possess a working knowledge of major themes/figures/traditions in African American religious life, as well as key questions that have shaped the study thereof",https://bulletin.columbia.edu/columbia-college/departments-instruction/religion/
N/A,RELI UN2336 Religion in Black America: An Introduction - Discussion. .,N/A,N/A,N/A,N/A,N/A,0.00 points,N/A,"Religion has been a complicated and contested, yet central, organizing force in the making of black life in the America. At the same time, African American religious life has been the subject of much scrutiny throughout the history of the United States, serving arguments that advocated abolition, emancipation and full enfranchisement, but also functioning as evidence to justify enslavement and second-class citizenship. To better understand such phenomena, this course provides a chronological survey that introduces students to a range of ideas and practices, individuals and institutions, as well as important themes and topics in African American (thus American) religious history. Primary attention is given to Afro-Protestantism in the United States; however, throughout the course attention is directed to religious diversity and varying religious traditions/practices in different diasporic locales. By the end of the semester students will be expected to possess a working knowledge of major themes/figures/traditions in African American religious life, as well as key questions that have shaped the study thereof",https://bulletin.columbia.edu/columbia-college/departments-instruction/religion/
N/A,RELI UN2405 CHINESE RELIGIOUS TRADITIONS. .,N/A,N/A,N/A,N/A,N/A,4.00 points,N/A,"This course provides a chronological and thematic introduction to Chinese religions from their beginnings until modern times. It examines distinctive concepts, practices and institutions in the religions of China. Emphasis will be placed on the diversity and unity of religious expressions in China, with readings drawn from a wide-range of texts: religious scriptures, philosophical texts, popular literature and modern historical and ethnographic studies. Special attention will be given to those forms of religion common to both “elite” and “folk” culture: cosmology, family and communal rituals, afterlife, morality and mythology. The course also raises more general questions concerning gender, class, political patronage, and differing concepts of religion",https://bulletin.columbia.edu/columbia-college/departments-instruction/religion/
N/A,RELI UN2406 Chinese Religious Traditions - Discussion. .,N/A,N/A,N/A,N/A,N/A,0.00 points,N/A,"This course provides a chronological and thematic introduction to Chinese religions from their beginnings until modern times. It examines distinctive concepts, practices and institutions in the religions of China. Emphasis will be placed on the diversity and unity of religious expressions in China, with readings drawn from a wide-range of texts: religious scriptures, philosophical texts, popular literature and modern historical and ethnographic studies. Special attention will be given to those forms of religion common to both “elite” and “folk” culture: cosmology, family and communal rituals, afterlife, morality and mythology. The course also raises more general questions concerning gender, class, political patronage, and differing concepts of religion",https://bulletin.columbia.edu/columbia-college/departments-instruction/religion/
N/A,RELI UN2415 Religions of Harlem. .,N/A,N/A,N/A,N/A,N/A,3 points,N/A,,https://bulletin.columbia.edu/columbia-college/departments-instruction/religion/
N/A,RELI UN2506 From Exodus to the Coronavirus: Scriptures and Narratives of Religious Responses to Epidemics. .,N/A,N/A,N/A,N/A,N/A,4.00 points,N/A,"The purpose of this course is to offer an overview of religious responses to epidemics and pandemics, mostly in a monotheistic tradition, and to engage with the questions of collective guilt, collective mourning, divine justice (or lack thereof), and the societal disruption that such illnesses create or expose as well as persecution and discrimination. The questions raised will help us find parallels with these times of pandemics and put our current times into perspective, but also contextualize and reflect on the nuances of past events and responses",https://bulletin.columbia.edu/columbia-college/departments-instruction/religion/
N/A,RELI UN2507 From Exodus to the Coronavirus: Scriptures and Narratives of Religious Responses to Epidemics - Discussion. .,N/A,N/A,N/A,N/A,N/A,0.00 points,N/A,"The purpose of this course is to offer an overview of religious responses to epidemics and pandemics, mostly in a monotheistic tradition, and to engage with the questions of collective guilt, collective mourning, divine justice (or lack thereof), and the societal disruption that such illnesses create or expose as well as persecution and discrimination. The questions raised will help us find parallels with these times of pandemics and put our current times into perspective, but also contextualize and reflect on the nuances of past events and responses",https://bulletin.columbia.edu/columbia-college/departments-instruction/religion/
N/A,RELI UN2670 MAGIC AND MODERNITY. .,N/A,N/A,N/A,N/A,N/A,3.00 points,N/A,"This course introduces students to the cultural history of magic: as an idea, as a practice, and as a tool with which wield power and induce wonder. Magic, as we will explore, is a modern concept, the contours of which have been shaped by its relations with religion and science, always against larger backdrops—of the Enlightenment, Romanticism, (post) colonialism, and (post) secularism. Readings are drawn from philosophy, anthropology, religious studies, sociology, drama, literature, history, history of science, and political theory. Cases and readings focus on everything from medieval England to post-socialist Mozambique. Throughout the term, a recurring theme will be whether, and to what extent, magic is incompatible with modernity—or, actually, integral to its constitution. By the end of this course, students should be familiar with a variety of ways in which magic has been understood since the early modern era, in a wide range of settings and cultural contexts. By tracing understandings of magic, students should also come away with an appreciation of how the authority of being “modern” is constructed (and contested) in relation to contemporary valuations of reason, science, enchantment, and the imagination",https://bulletin.columbia.edu/columbia-college/departments-instruction/religion/
N/A,RELI UN2779 INTRODUCTION TO NATIVE AMERICAN RELIGIOUS TRADITIONS. .,N/A,N/A,N/A,N/A,N/A,3.00 points,N/A,"There are over 800 distinct Native American nations currently within the borders of the United States. This course offers a broad introduction to the diversity of American Indian religious systems and their larger functions in communities and in history. We will explore general themes in the study of Native American religious traditions as well as look at some specific examples of practices, ideas, and beliefs. Of particular importance are the history and effects of colonialism and missionization on Native peoples, their continuing struggles for religious freedom and cultural and linguistic survival, and the ways in which American Indians engage with religion and spirituality, both past and present, to respond to social, cultural, political, and geographical change",https://bulletin.columbia.edu/columbia-college/departments-instruction/religion/
N/A,RELI UN2780 INTRODUCTION TO NATIVE AMERICAN RELIGIOUS TRADITIONS- Discussion. .,N/A,N/A,N/A,N/A,N/A,0.00 points,N/A,REQUIRED DISCUSSION SECTION FOR RELI UN2779,https://bulletin.columbia.edu/columbia-college/departments-instruction/religion/
N/A,"RELI UN3007 Laboring in God’s image – Religion, Labor, and the Human. .",N/A,N/A,N/A,N/A,N/A,4.00 points,N/A,"The category of labor is often understood as a secular concept – closely and inextricably intertwined with the logic and destiny of capital. In this paradigm the question of the human is teleologically bound to the transverse flows of capital, with the human emerging primarily as an economic subject. This course nudges us to think outside the framework where labor is primarily understood as an economic function, instead exploring how religious traditions have shaped alternative understandings of labor and the human experience. We turn to other imaginations – such as those embedded in and emerging from diverse religious traditions – and consider other trajectories and possibilities of labor. Across religious traditions, labor has been central to the definition of the human, in multiple, cacophonous ways. In this course, we will encounter various religious ideas of labor not only as the process through which world(s) are made, but also as the process through which the idea of the human is made, contested, and remade over and over again. Drawing from Christianity, Judaism, Islam, and Hinduism, this course will explore how diverse religious traditions have used the concept of work to define, delineate, and defend what it means to be human. We will pair primary texts with films, short stories and secondary readings, 2 to understand how these traditions provide alternative ways of understanding labor – not merely as a mechanism of economic production but as a critical process through which we engage in the process of becoming human through our interactions with the divine, various non-human actors, and the natural world. In particular, we will examine how religious communities have historically mobilized around issues of labor justice, drawing from their theological and ethical frameworks to advocate for dignity, equity, and justice. These insights are particularly urgent in a time marked by widespread exploitation, the displacement of workers by automation, and the rapid rise of artificial intelligence, which challenge traditional understandings of human labor. This course hopes to facilitate a nuanced understanding of labor’s theological, ethical, and political dimensions and consider new possibilities for work and justice in a rapidly changing world",https://bulletin.columbia.edu/columbia-college/departments-instruction/religion/
N/A,RELI UN3020 Science Saves. .,N/A,N/A,N/A,N/A,N/A,4.00 points,N/A,"Some of the most significant and influential imaginings about the future have come out of religious movements. Today the scales of authoritative power to inform us about our collective futures seem to have shifted, many would say properly so, in favor of the sciences. Promises about the future, however, are never just predictions which may or may not come to pass. They are claims to power and authority (who has the power to describe and create the future), expressions of values (what kinds of dispositions, attitudes, and behaviors are considered proper in this future), and producers of future social worlds (who is permitted to participate in this future). Whether or not science discourses are attuned to it, the sciences have learned a lot from religion when it comes to selling salvation. Therefore, we do well to study the various intersections of science, technology, society, and religion. In this course, we will examine the utopian claims of science and technology, both past and present, to explore and understand how that authority is produced and structured, the kinds of values encoded within these claims, and the people, things, entities, and institutions who are included in or excluded from these potential futures. This course specifically aims to equip students with the ability to discern claims about the future, understand what is lurking between the lines, critically examine its consequences and intentions, and contextualize such claims about the future within alternative or competing claims, all in the hope that such critical attention produces visions of the future, and assemblages of science and technology, which are more democratic, just, and equitable",https://bulletin.columbia.edu/columbia-college/departments-instruction/religion/
N/A,RELI UN3202 RELIGION IN EARLY AMERICA. .,N/A,N/A,N/A,N/A,N/A,4.00 points,N/A,"This course examines religion in North America from the 1500s through the early 1800s with a focus on colonial projects, race and slavery, and gender. We begin with comparing Spanish and French Catholic and English Protestant colonies, missionary efforts, and systems of enslavement as well as how religion factored into Native Americans and African people’s survival and resistance. The second part of the class turns to the 1700s and the emergence of religious revivals and evangelicalism alongside increasing religious variety in the British colonies of North America. Finally, we examine the early United States (1790s-1850s) and ask how disestablishment, imperial ambitions, new religious movement, and debates over the “slavery question” transformed the religious landscape. While focused on religious history (and primarily different Christian traditions), the category of “religion” itself and theoretical frameworks for studying religion are also integral to the class",https://bulletin.columbia.edu/columbia-college/departments-instruction/religion/
N/A,"RELI UN3204 Religion, Sexuality, and Truth. .",N/A,N/A,N/A,N/A,N/A,3 points,N/A,,https://bulletin.columbia.edu/columbia-college/departments-instruction/religion/
N/A,RELI UN3206 RELIGION IN THE ARCHIVE. .,N/A,N/A,N/A,N/A,N/A,4.00 points,N/A,,https://bulletin.columbia.edu/columbia-college/departments-instruction/religion/
N/A,RELI UN3207 In the Margins of the Middle Ages: Religious Minorities in the Medieval Latin West. .,N/A,N/A,N/A,N/A,N/A,4.00 points,N/A,"This course investigates marginal religious groups, including apostates, heretics, Jews, magicians, Muslims, etc. against the backdrop of Christianity in medieval Western Europe. Through examining various types of primary textual and pictorial sources including papal letters, penitential handbooks, lawyers’ commentaries, autobiographies, manuscript illuminations, paintings, etc., the class will facilitate students to rethink the socio-historical situation of religious minorities, the defining of religious boundaries in history, and the echoes of such defining in the contemporary world. (No prerequisites)",https://bulletin.columbia.edu/columbia-college/departments-instruction/religion/
N/A,RELI UN3208 Aaahh Real Monsters: Critical Monster Studies. .,N/A,N/A,N/A,N/A,N/A,3.00 points,N/A,"This course examines the major issues and themes of critical monster studies. It explores questions about how we conceive and understand monsters theoretically, historically, socially, and culturally. Is there a quintessential monster category? Or are monsters constructed? How do social, cultural, and religious factors affect our perception of monsters and the idea of monstrosity? What roles do monsters fill in determining how people construct and deconstruct their communities? Are monsters members of the community? What does the idea of monstrosity imply about the limits of what is possible in nature? Are monsters just supernatural or are there natural monsters? And what do modern depictions of monsters in popular media have to say about how our perception of monsters is changing? Together, we explore all of these questions and orient students into the burgeoning field of critical monster studies",https://bulletin.columbia.edu/columbia-college/departments-instruction/religion/
N/A,RELI UN3213 Religion In Early America- Discussion. .,N/A,N/A,N/A,N/A,N/A,0.00 points,N/A,"This course accompanies RELI UN3203: Religion in the Modern US to examine the history of religion in the United States from the Civil War to the present through thematic units focused on the legal structures of religious freedom; race, religion, and nationality; healing, aesthetics, and embodiment; and, finally, religion and politics. Over the course of the semester, students will explore various religious communities as well as the ways social, political, and economic factors have shaped those traditions – and how religious communities have in turn shaped US society, politics, and culture. Students will also be introduced to key themes and debates in the field of American religious studies",https://bulletin.columbia.edu/columbia-college/departments-instruction/religion/
N/A,RELI UN3225 Religion and Capitalism: Faith and the American Market. .,N/A,N/A,N/A,N/A,N/A,3 points,N/A,,https://bulletin.columbia.edu/columbia-college/departments-instruction/religion/
N/A,RELI UN3230 PHILOSOPHY OF RELIGION. .,N/A,N/A,N/A,N/A,N/A,3.00 points,N/A,"This course in the Philosophy of Religion will consider the relationship between faith and reason, religion and morality, religion and art, and religion and technology. Attention will be devoted to an exploration of comparative interpretations of God or the divine in the western philosophical and theological traditions and Zen Buddhism as well as the interrelation of interpretations of God, self, and world. The course will conclude with a consideration of the question of life after death in philosophy, literature, and information technology",https://bulletin.columbia.edu/columbia-college/departments-instruction/religion/
N/A,RELI UN3260 Sociology of Religion. .,N/A,N/A,N/A,N/A,N/A,3 points,N/A,Prerequisites: prior coursework in religion or sociology is highly encouraged.,https://bulletin.columbia.edu/columbia-college/departments-instruction/religion/
N/A,RELI UN3303 Judaism and Translation in the Medieval and Early Modern Mediterranean. .,N/A,N/A,N/A,N/A,N/A,3 points,N/A,,https://bulletin.columbia.edu/columbia-college/departments-instruction/religion/
N/A,RELI UN3304 Memory and Violence in Shi'i Islam. .,N/A,N/A,N/A,N/A,N/A,4 points,N/A,,https://bulletin.columbia.edu/columbia-college/departments-instruction/religion/
N/A,RELI UN3309 Modern Islamic Thought. .,N/A,N/A,N/A,N/A,N/A,4 points,N/A,,https://bulletin.columbia.edu/columbia-college/departments-instruction/religion/
N/A,RELI UN3312 “The Scientific Buddha”: Buddhism and Science in China and Beyond. .,N/A,N/A,N/A,N/A,N/A,4.00 points,N/A,"The relationship between religion and science, and by extension between Buddhism and science, have been long investigated by scholars and practitioners attempting to understand questions regarding the nature of reality, knowledge, and experience. While the meeting of Buddhism and Western science dates back to the nineteenth century, the discourse of “encounter” between these two systems of knowledge intensified with the Dalai Lama’s suggestion to institutionalize a dialogue between Buddhist practitioners and Western scientists in 1987. This seminar examines this on-going dialogue from its beginning in China about 200 years ago through today",https://bulletin.columbia.edu/columbia-college/departments-instruction/religion/
N/A,RELI UN3315 Readings in Kabbalah. .,N/A,N/A,N/A,N/A,N/A,3 points,N/A,,https://bulletin.columbia.edu/columbia-college/departments-instruction/religion/
N/A,"RELI UN3317 Deep Tantra: Sex, Violence, Ritual. .",N/A,N/A,N/A,N/A,N/A,4.00 points,N/A,"This course is an introduction to the tantric traditions of premodern India (c. 300 - 1000 CE) with a particular emphasis on the history of Śaivism (pronounced “Shaivism”) – that is, religious currents associated with scriptures called tantras that were believed to have been revealed by the god Śiva (pronounced “Shiva”). Śaivism is generally considered to be one of the many strands that make up Hinduism, but we will explore, both historically and thematically, the aspects that made tantric Śaivism unique, including its ritual use of sex and violence. Our exploration into the tantric world will seek to make sense of these and other types ofpractices within the broader religious context of traditional South Asia. We will also examine how aspects of tantric religion became an important religious context for a variety of communities and the ways in which tantric Śaivism transformed other religious groups",https://bulletin.columbia.edu/columbia-college/departments-instruction/religion/
N/A,"RELI UN3318 Humor, Joy, and Happiness in Judaism. .",N/A,N/A,N/A,N/A,N/A,4.00 points,N/A,"Jewish history is plagued with tragedies and suffering. It only makes sense, then, that scholars of Jewish Studies tend to focus on moments of hardship and pain. But do disasters and the despair tell the whole story? What gets missed when we prioritize despair and misery and cast aside allegedly “lighter” and more “positive” themes? Such questions are the engine that runs this seminar. Here, students are invited to rethink the cultural roles of joy in Judaism, take Jewish humor seriously, and ponder whether happiness in Judaism is distinct from what we find in other religious traditions. “Joy, Humor, and Happiness in Judaism” is not, however, a feel-good course. Throughout the semester, through careful readings of primary sources (in translation) and contemporary theories, we will explore how so-called positive emotions, moods, and affects are inextricable from the most “serious” aspects of religion, politics, and the human experience, such as identity formation, violence, gender norms, and power",https://bulletin.columbia.edu/columbia-college/departments-instruction/religion/
N/A,RELI UN3321 Religion and Climate Crisis: India. .,N/A,N/A,N/A,N/A,N/A,4.00 points,N/A,"Connections between dramatic climate assaults and religious practices and perspectives, taking Hindu India as an example: glaciers and floods, extreme weather, overpopulation, air and water pollution, deforestation. Hindu contexts, causes, and responses",https://bulletin.columbia.edu/columbia-college/departments-instruction/religion/
N/A,RELI UN3322 Religion ＆ Climate Crisis: India - Discussion. .,N/A,N/A,N/A,N/A,N/A,0.00 points,N/A,This is the discussion section for RELI UN3321. You must register for that course before registering for this course,https://bulletin.columbia.edu/columbia-college/departments-instruction/religion/
N/A,RELI UN3340 EARLY CHRISTIANITY. .,N/A,N/A,N/A,N/A,N/A,3.00 points,N/A,"Examines the competing currents within early Christianity, with emphasis placed on the literary and social expressions of Christian belief and identity. Topics to be covered include persecution and martyrdom, debates over authority and religious experience, orthodoxy and heresy, and asceticism and monasticism, among others",https://bulletin.columbia.edu/columbia-college/departments-instruction/religion/
N/A,RELI UN3357 I and We in the Christian East: The Making of Identity. .,N/A,N/A,N/A,N/A,N/A,3 points,N/A,,https://bulletin.columbia.edu/columbia-college/departments-instruction/religion/
N/A,RELI UN3401 MUSLIMS IN DIASPORA-DISC. .,N/A,N/A,N/A,N/A,N/A,0 points,N/A,Corequisites: RELI UN3407,https://bulletin.columbia.edu/columbia-college/departments-instruction/religion/
N/A,"RELI UN3406 Space, Narrative, and Religion in India. .",N/A,N/A,N/A,N/A,N/A,3 points,N/A,,https://bulletin.columbia.edu/columbia-college/departments-instruction/religion/
N/A,RELI UN3407 Muslims in Diaspora. .,N/A,N/A,N/A,N/A,N/A,4 points,N/A,,https://bulletin.columbia.edu/columbia-college/departments-instruction/religion/
N/A,RELI UN3413 Muslims in the West. .,N/A,N/A,N/A,N/A,N/A,3.00 points,N/A,"Contemporary Western Muslims around the world face a number of challenges today. What are some of the major issues that some Western Muslim communities are negotiating? What can we learn from particular narratives of Muslims in the West, including during slavery in the US and at the turn of the twentieth century? How did Islam spread among African Americans in the mid-twentieth century and what does contemporary Muslim American thought look like today? How do the histories, beliefs and practices vary among contemporary diasporic Muslims especially in relationship to their circumstances and their negotiations of questions relating to race, class, and gender? What do some of the major divisions in theology and politics look like among contemporary Muslims along conservative and progressive lines? Who are some of the major voices and movements contesting for authority today and what positions do they take? This course aims to explore these questions and more through close readings and discussions of primary sources coupled with secondary academic works",https://bulletin.columbia.edu/columbia-college/departments-instruction/religion/
N/A,RELI UN3414 Changing Places. .,N/A,N/A,N/A,N/A,N/A,4.00 points,N/A,"Globalization, climate, migration, surveillance, homelessness, and virtualization are changing the places where people live, work, love, pray, struggle, and die. This course explores the presuppositions and implications of intersecting vectors that are pushing society to the edge of collapse. The inquiry begins with a consideration of the contemporary status of the four ancient elements – earth, air, water, and fire, and proceeds to explore displacements in cities and the country and replacements in churches, temples, mosques, woods, gardens, and cemeteries. Have we passed the tipping point, or is recovery still possible?",https://bulletin.columbia.edu/columbia-college/departments-instruction/religion/
N/A,"RELI UN3415 Climate, Religion, and the Anthropocene. .",N/A,N/A,N/A,N/A,N/A,4.00 points,N/A,"This course examines intersections between religious life and climate change in a comparative and global perspective. In recent years, the idea of the Anthropocene—the period of geological time during which human activity has become the primary force shaping the Earth’s climate—has abounded in both academic and popular literature. This focus on human agency over the climate raises questions about the extent to which humans share equally responsibility for and vulnerability to climate change, as well as differing understandings of human relationships and responsibilities toward the environment. This course uses religion as a lens to examine the role of humans in both creating ecological destruction and efforts to repair and rework relationships with the natural world. We will draw on primary texts from religious traditions around the world in a bid to unsettle human-centric and universalist narratives of the Anthropocene. By the end of the semester, students will have deepened and nuanced their understandings of the notoriously vexed categories of religion and the Anthropocene, and come away with new ways of thinking about the climate crisis",https://bulletin.columbia.edu/columbia-college/departments-instruction/religion/
N/A,RELI UN3425 Judaism and Courtly Literature in Medieval and Early Modern Iberia and Italy. .,N/A,N/A,N/A,N/A,N/A,3 points,N/A,,https://bulletin.columbia.edu/columbia-college/departments-instruction/religion/
N/A,RELI UN3430 Indigenous Religious Histories. .,N/A,N/A,N/A,N/A,N/A,4 points,N/A,,https://bulletin.columbia.edu/columbia-college/departments-instruction/religion/
N/A,RELI UN3500 BUDDHIST ETHICS. .,N/A,N/A,N/A,N/A,N/A,3.00 points,N/A,,https://bulletin.columbia.edu/columbia-college/departments-instruction/religion/
N/A,RELI UN3501 Introduction To the Hebrew Bible. .,N/A,N/A,N/A,N/A,N/A,3 points,N/A,,https://bulletin.columbia.edu/columbia-college/departments-instruction/religion/
N/A,"RELI UN3511 Tantra in South Asia, East Asia & the West. .",N/A,N/A,N/A,N/A,N/A,3 points,N/A,,https://bulletin.columbia.edu/columbia-college/departments-instruction/religion/
N/A,"RELI UN3517 Queer Theory, Religion, and Their Discontents. .",N/A,N/A,N/A,N/A,N/A,3.00 points,N/A,"For the most part queer studies and religious studies have met each other with great suspicion and little interest in the conceptual resources of the respectively other field. Our guiding questions will be: What does religion have to do with queerness? What does queerness have to do with religion? Queer theory and activists, unless they already identify as religious, often have little or little good to say about religion. Conversely, many religious traditions intensively regulate gender, sex, sexuality, and especially queerness. this course will explore how religious studies can enrich queer theory and how queer theory can reshape our thinking about religious studies. But beyond the mutual disinterest, anxieties, and animosities, queer studies and religious studies share actually a whole range of core interests and questions, such as embodiment, sexuality, gender-variability, coloniality, race appearing as religious identity and religious identity as gendered, as well as the role of catastrophe, utopia, and redemption in our experience of the world. We will examine questions about religion come to the fore when we paying especially attention to queerness, gender, sexuality, pleasure, pain, and desire. Equally, we will examine how queer discourses mobilize religious and theological images and ideas, especially where these images and ideas are no longer clearly recognizable as having religious origins. Rather than trying to settle on definitive answers, this course will cultivate a process of open-ended collective inquiry in which students will be encouraged to think autonomously and challenge facile solutions. Students should come away from the course with an expanded sense of how we grapple with issues related to gender, sexuality, desire, and embodiment in our everyday lives and how religion and religious formations are entangled with these issues well beyond religious communities. Ideally, students should experience this course as enlarging the set of critical tools at their hands for creative and rigorous thinking",https://bulletin.columbia.edu/columbia-college/departments-instruction/religion/
N/A,RELI UN3518 Buddhism in East Asian Medical Cultures. .,N/A,N/A,N/A,N/A,N/A,3 points,N/A,,https://bulletin.columbia.edu/columbia-college/departments-instruction/religion/
N/A,RELI UN3519 Embodiment: (Re)Defining the Human. .,N/A,N/A,N/A,N/A,N/A,4.00 points,N/A,"Please note this course is for a GSAS Teaching Scholar With the rise of climate change, technological advances, and an abundance of everyday existential crises, you might be wondering what it means to be human in 2023. In this course, we begin with the claim that in order to understand “human being” in a time of critical discourse regarding the Anthropocene, we must explore embodiment. Starting with Cartesian Dualism and its legacy, we will progress to contemporary critiques and move into speculative understandings of embodiment and its role in human being in religious studies, philosophy, literature, and anthropology. We will think about how we define what it means to be human, who exactly this “we” is who gets to do the defining, and what happens to us and our worlds when we forget about or attempt to overcome embodiment. This course has several interactive components and utilizes media such as podcasts, films, comics, and practical engagement in addition to a wide variety of academic reading assignments",https://bulletin.columbia.edu/columbia-college/departments-instruction/religion/
N/A,RELI UN3521 Muslim Masculinities. .,N/A,N/A,N/A,N/A,N/A,4 points,N/A,,https://bulletin.columbia.edu/columbia-college/departments-instruction/religion/
N/A,RELI UN3522 MUSLIM MASCULINITIES-DISC. .,N/A,N/A,N/A,N/A,N/A,0 points,N/A,,https://bulletin.columbia.edu/columbia-college/departments-instruction/religion/
N/A,RELI UN3575 EVANGELICALISM. .,N/A,N/A,N/A,N/A,N/A,3.00 points,N/A,,https://bulletin.columbia.edu/columbia-college/departments-instruction/religion/
N/A,RELI UN3606 Religion and Media in America. .,N/A,N/A,N/A,N/A,N/A,3 points,N/A,,https://bulletin.columbia.edu/columbia-college/departments-instruction/religion/
N/A,RELI UN3612 The Religious History of Hip Hop. .,N/A,N/A,N/A,N/A,N/A,3 points,N/A,,https://bulletin.columbia.edu/columbia-college/departments-instruction/religion/
N/A,"RELI UN3625 Hippie Physics, Counterculture, Cyberculture. .",N/A,N/A,N/A,N/A,N/A,3.00 points,N/A,"The world inside your smartphone may not be all that it seems. Everything from your e-banking app to your TikTok algorithm can be traced back to the Woodstock-going, acid-taking, love (not war)-making attitude that permeated the youth (in spite of the generations before) in counterculture America. Today’s technosphere grew out of the convergence of the post-World War II and Cold War military-industrial complex and the 1960s counterculture. Resistance to the war in Viet Nam, the Civil Rights movement, and the spread of Buddhist thought created social unrest and political disorder. (Almost) simultaneously, a counter counterculture emerged – conservative Christians joined forces with right wing and libertarian politicians to resist sex, drugs, and rock-and-roll, and promote a religiously, politically, and racially “purified” America. Sound familiar? In the midst of this turmoil, groups of physicists who had dropped out (but not necessarily tuned in) gathered in San Francisco and Palo Alto garages to create a technological revolution that continues to transform the world. This course will explore this seminal period through a consideration of music, films, and books of this era, as well as the technological and philosophical implications that quantum physics has on our society and culture today",https://bulletin.columbia.edu/columbia-college/departments-instruction/religion/
N/A,RELI UN3630 Religion and Black Popular Cultures. .,N/A,N/A,N/A,N/A,N/A,3 points,N/A,,https://bulletin.columbia.edu/columbia-college/departments-instruction/religion/
N/A,RELI UN3755 AFRICAN-AMERICAN RELIGION. .,N/A,N/A,N/A,N/A,N/A,3.00 points,N/A,,https://bulletin.columbia.edu/columbia-college/departments-instruction/religion/
N/A,RELI UN3771 Indigenous Enlightenment. .,N/A,N/A,N/A,N/A,N/A,4.00 points,N/A,,https://bulletin.columbia.edu/columbia-college/departments-instruction/religion/
N/A,RELI UN3881 Indigenous Peoples in International Law I. .,N/A,N/A,N/A,N/A,N/A,4.00 points,N/A,"How did European-Christians justify the colonization of the Americas? Did these justifications vary between different European empires, and between the Protestant and Catholic faiths, and if so, how? Do these justifications remain in effect in modern jurisprudence and ministries? This class explores these questions by introducing students to the Doctrine of Discovery. The Doctrine of Discovery is the defining legal rationale for European Colonization in the Western Hemisphere. The Doctrine has its origins in a body of ecclesiastic, legal, and philosophical texts dating to the late-fifteenth century, and was summarized by Chief Justice John Marshall of the United States Supreme Court, in the final, unanimous decision the judiciary issued on the 1823 case Johnson v. M’Intosh. Students will be introduced to the major, primary texts that make up the Doctrine, as well as contemporary critical studies of these texts and the Doctrine in general",https://bulletin.columbia.edu/columbia-college/departments-instruction/religion/
N/A,RELI UN3882 Doctrine of Discovery. .,N/A,N/A,N/A,N/A,N/A,4.00 points,N/A,"How did European-Christians justify the colonization of the Americas? Did these justifications vary between different European empires, and between the Protestant and Catholic faiths, and if so, how? Do these justifications remain in effect in modern jurisprudence and ministries? This class explores these questions by introducing students to the Doctrine of Discovery. The Doctrine of Discovery is the defining legal rationale for European Colonization in the Western Hemisphere. The Doctrine has its origins in a body of ecclesiastic, legal, and philosophical texts dating to the late- fifteenth century, and was summarized by Chief Justice John Marshall of the United States SupremeCourt, in the final, unanimous decision the judiciary issued on the 1823 case Johnson v. M’Intosh. Students will be introduced to the major, primary texts that make up the Doctrine, as well as contemporary critical studies of these texts and the Doctrine in general",https://bulletin.columbia.edu/columbia-college/departments-instruction/religion/
N/A,RELI UN3901 GUIDED READING AND RESEARCH. .,N/A,N/A,N/A,N/A,N/A,1.00-4.00 points,N/A,Prerequisites: the instructors permission,https://bulletin.columbia.edu/columbia-college/departments-instruction/religion/
N/A,RELI GU4001 Curating Islam in NYC. .,N/A,N/A,N/A,N/A,N/A,4.00 points,N/A,"This course focuses on the ways in which museums conceptualize, contextualize, curate and display Islamic art. In the process, it interrogates the degree to which the orientalist past and the secular present shapes our understanding of the Muslim world. Students will not just engage with material objects from Muslim societies but also consider the choices museums make about their display and presentation. These choices, in turn, speak to the role of museums in defining a specific understanding of the “sacred.” Finally, students will learn to thoughtfully and critically pose questions about the roles that museums as public institutions play in sharping public and private understandings of Islam. The course begins with a general discussion of material objects in the study of religion. This is followed by a broad survey of Islamic Art which both describes and critiques the category as it has been framed in the Academy. Students then visit a number of museums to learn about the style and content of their Islamic collections. The course concludes by engaging a different kind of curation, namely oral histories in the Brooklyn Museum",https://bulletin.columbia.edu/columbia-college/departments-instruction/religion/
N/A,RELI GU4002 CURATING ISLAM IN NEW YORK CITY. .,N/A,N/A,N/A,N/A,N/A,4.00 points,N/A,"This course focuses on the ways in which museums conceptualize, contextualize, curate and display Islamic art. In the process, it interrogates the degree to which the orientalist past and the secular present shapes our understanding of the Muslim world. Students will not just engage with material objects from Muslim societies but also consider the choices museums make about their display and presentation. These choices, in turn, speak to the role of museums in defining a specific understanding of the “sacred.” Finally, students will learn to thoughtfully and critically pose questions about the roles that museums as public institutions play in sharping public and private understandings of Islam. The course begins with a general discussion of material objects in the study of religion. This is followed by a broad survey of Islamic Art which both describes and critiques the category as it has been framed in the Academy. Students then visit a number of museums to learn about the style and content of their Islamic collections. The course concludes by engaging a different kind of curation, namely oral histories in the Brooklyn Museum",https://bulletin.columbia.edu/columbia-college/departments-instruction/religion/
N/A,RELI GU4120 GENDER IN ANC CHRISTIANITY. .,N/A,N/A,N/A,N/A,N/A,4.00 points,N/A,"This seminar considers the difference gender makes in interpreting ancient Christian texts, ideas, and practices. Topics will include gender hierarchy and homoeroticism, prophecy and authority, outsiders’ views of Christianity, bodily pieties such as martyrdom and asceticism, and gender politics in the establishment of church offices. Emphasis will be placed on close readings of primary sources and selected scholarly framings of these sources",https://bulletin.columbia.edu/columbia-college/departments-instruction/religion/
N/A,RELI GU4160 GNOSIS. .,N/A,N/A,N/A,N/A,N/A,4.00 points,N/A,,https://bulletin.columbia.edu/columbia-college/departments-instruction/religion/
N/A,RELI GU4172 Confession. .,N/A,N/A,N/A,N/A,N/A,4.00 points,N/A,"This seminar explores the idea and practice of “confession” in a range of manifestations (in legal and judicial contexts, in religious practice, in memoir/autobiography, in political and personal reckoning with the past, in art and popular culture, among others) and from a variety of disciplinary perspectives (media studies, history, theology, literature, psychoanalysis, art history, and journalism). As the sacramental practice of confession recedes from significance within traditional religious contexts, the social practice of confession expands into new arenas. This seminar is devoted to theorizing this shifting terrain through the critical examination of a variety of primary sources and scholarly interventions",https://bulletin.columbia.edu/columbia-college/departments-instruction/religion/
N/A,RELI GU4175 Queer Theory Meets Religion. .,N/A,N/A,N/A,N/A,N/A,4.00 points,N/A,"Within religious traditions there are lively discourses of queering these traditions and while religious studies had to catch up, by now there are sizable bodies of queer studies in religion. But theological and religious studies queer discourses rarely reach queer theory in general. Moreover, when queerness and religion are studied together, we usually take queerness primarily as a quality of lives, bodies, and desires and then study how religious traditions and discourses succeed or fail in targeting or supporting queer lives or studies articulate how religious traditions can be recovered through queer readings. We will inquire into the shapes and logics animating queer theory’s religion trouble and wonder about what ways of thinking we preempt when queerness and religion are confined to pertaining to lived bodies and traditions respectively. What happens when we think with “queerness” and “religion” as dimensions irreducible to bodies or traditions? How is it that in the interdisciplinarity of queer theory, religion and religious studies remain largely unthought? To think through some of these questions, we will ask how religion and queerness might be understood as methodologies for examining how truth and affect converge and sediment in the sensibilities and infrastructures orienting how we experience the world around us. We will turn to both religious studies and queer theory to examine two interrelated sets of questions: 1) How are meaning-making and investments with value bound up with gender, race, sexual desires, ability, coloniality, class, age, climate and environmental factors? And 2) what potentials for knowing, acting, living differently are afforded by differing practices, rituals, architectures, and aesthetics of transmitting, refashioning, and institutionalizing knowledge systems?",https://bulletin.columbia.edu/columbia-college/departments-instruction/religion/
N/A,"RELI GU4202 TIME,MODERNITY,DEATH. .",N/A,N/A,N/A,N/A,N/A,4.00 points,N/A,,https://bulletin.columbia.edu/columbia-college/departments-instruction/religion/
N/A,RELI GU4204 Religions of the Iranian World. .,N/A,N/A,N/A,N/A,N/A,4 points,N/A,,https://bulletin.columbia.edu/columbia-college/departments-instruction/religion/
N/A,"RELI GU4205 Love, Translated: Hindu Bhakti. .",N/A,N/A,N/A,N/A,N/A,4 points,N/A,,https://bulletin.columbia.edu/columbia-college/departments-instruction/religion/
N/A,"RELI GU4206 HISTORY, TIME, AND TRADITION. .",N/A,N/A,N/A,N/A,N/A,4 points,N/A,"In Refashioning Futures, David Scott asks if the accurate reconstruction of the past of an identity is the crucial point of a theoretical intervention. He ponders, instead, if such a historicist analysis should be followed by an emphatic “But so what?” The importance of asking “so what” is that it allows us to begin to refuse, Scott writes, “history its subjectivity, its constancy, its eternity” and “interrupt its seemingly irrepressible succession, causality, its sovereign claim to determinacy” (105) The question “so what?” requires, in other words, we answer for history’s prominence and providence as well as consider other possible formations of community, temporality, and inheritance not anchored by the weight of ‘history’.
This seminar examines the overwhelming hold of “history” in the present by considering Scott’s poignant “But so what?” We will begin by examining the problem-space of ‘history’ itself and how ‘history’ emerged as the foundation to understanding and ordering religious life globally. We will explore the wide-ranging effects of Enlightenment rationality and Orientalist knowledge production as well as consider the imbrication of history with theology and the secular. This section of the course will help develop a shared set of concepts and problematics, which we will continuously encircle throughout. We will then examine how scholars have troubled this historical conscription, reorienting our understandings of temporality, tradition, and the past. The last half of the course, therefore, considers a range of different methods and theories that undo the importance of ‘history’ while remaining attuned to questions of the past, time, and inheritance",https://bulletin.columbia.edu/columbia-college/departments-instruction/religion/
N/A,"RELI GU4209 Religion, Politics and Culture in Contemporary Black America. .",N/A,N/A,N/A,N/A,N/A,4.00 points,N/A,"This course examines the period commonly referred to as the ""post-Civil Rights era""—that is, from the 1960s up through the current moment: a span of time also theorized through the related rhetorics of ""postmodern,"" ""postcolonial"" and ""post-Soul. We will explore the inter-workings of religion, politics and culture (as they converge and diverge) in contemporary black life. Attention will be given to formal religious traditions (i.e. Christianity, Islam, African-derived traditions), but also to a range of ideas about religion and/or spirituality are as they are revealed in the artistic expression, politics and activism, and popular culture and media. Taking analytical cues from critical race theory, questions of agency, power and difference will be fore-grounded, as witnessed in how religious discourses and practices negotiate such categories as race, class, gender and sexuality. Ultimately, bringing together developments within the inter-disciplinary fields of black studies and the study of religion, ultimately this class will examine the ways in which various ideas about “religion” shape and circulate across various forms of black political organizing and cultural expression in our current moment. This seminar is open undergraduates and graduate students. While there are no require pre-requisites, students are expected have some prior background in religious studies and/or African American Studies",https://bulletin.columbia.edu/columbia-college/departments-instruction/religion/
N/A,RELI GU4212 Modern Buddhism. .,N/A,N/A,N/A,N/A,N/A,4 points,N/A,,https://bulletin.columbia.edu/columbia-college/departments-instruction/religion/
N/A,RELI GU4213 Islam and the Secular: Rethinking Concepts of Religion in North-Western Africa and the Middle East. .,N/A,N/A,N/A,N/A,N/A,4.00 points,N/A,"The class offers a critical discussion of the conceptual apparatus of the anthropology of Islam and secularism and of the ways in which it shapes recent interventions in history and theory but also in Islamic studies with a particular focus on North-Western Africa and the Middle East. The questions that will be examined during the class read as follows: 1. What is Islam: a religion or a cultural formation, a discursive tradition or a way of life? How is one to construct a definition of Islam beyond orientalist legacies? Can one define Islam anthropologically outside the tradition itself? 2. How did French and British Empires transform or destroyed Islamic institutions while governing Muslims in the Middle East and North-West Africa? Are these colonial technologies Christian or secular and is there a significant difference between Christian slavery and secular colonialism? To what extent is secularism reducible to an imperial ideology or to Christianity itself? 3. How did Muslims respond to the challenge of modernity and to European imperial hegemony? How can one think philosophically within the Islamic tradition after the hegemony of Europe and colonialism?",https://bulletin.columbia.edu/columbia-college/departments-instruction/religion/
N/A,RELI GU4214 African and North African Philosophy: An Introduction. .,N/A,N/A,N/A,N/A,N/A,3.00 points,N/A,"What is African philosophy? Is a theory African simply because it is rooted in the political present of the continent? Is it African because it corresponds to an African cultural singularity or simply because his authors and inventors come from or live in Africa? This class will examine a) how religious traditions shape African theory b) how the influence of colonial anthropology on concepts of African culture and tradition can be challenged c) how African theory relates to African politics of decolonization, in North and ‘‘subsaharan’’ Africa. The major dialectical problem we will examine during the class is the ongoing contradiction between claims of authenticity and demands of liberation, traditionalism and modernity, religion and secularism, culturalism and Marxism",https://bulletin.columbia.edu/columbia-college/departments-instruction/religion/
N/A,RELI GU4215 Hinduism Here. .,N/A,N/A,N/A,N/A,N/A,4 points,N/A,,https://bulletin.columbia.edu/columbia-college/departments-instruction/religion/
N/A,RELI GU4217 American Religions in extremis. .,N/A,N/A,N/A,N/A,N/A,4.00 points,N/A,"This seminar focuses on historical, sociological, and first-hand accounts of a diverse set of American non-conformist religious and spiritual groups (including MOVE, the Branch Davidians at Waco, Father Divine's International Peace Mission, the Oneida Perfectionists, and Occupy and others). Diverse in their historical origins, their activities, and their ends, each of the groups sought or seeks to offer radically news ways of living, subverting American gender, sexuality, racial, or economic norms. The title of this seminar highlights the ways that these groups explain their reasons for existing (to themselves or others) not as a choice but as a response to a system or society out of whack, at odds with the plans of the divine, or at odds with nature and survival. Likewise, it considers the numerous ways that these same groups have often found themselves the targets of state surveillance and violence",https://bulletin.columbia.edu/columbia-college/departments-instruction/religion/
N/A,RELI GU4218 Heidegger and the Jews. .,N/A,N/A,N/A,N/A,N/A,4 points,N/A,,https://bulletin.columbia.edu/columbia-college/departments-instruction/religion/
N/A,RELI GU4219 Colonialism and religion in South Asia. .,N/A,N/A,N/A,N/A,N/A,4 points,N/A,,https://bulletin.columbia.edu/columbia-college/departments-instruction/religion/
N/A,RELI GU4220 Political Theology. .,N/A,N/A,N/A,N/A,N/A,4 points,N/A,,https://bulletin.columbia.edu/columbia-college/departments-instruction/religion/
N/A,RELI GU4222 Heidegger and Derrida. .,N/A,N/A,N/A,N/A,N/A,4 points,N/A,,https://bulletin.columbia.edu/columbia-college/departments-instruction/religion/
N/A,RELI GU4223 Dreams. .,N/A,N/A,N/A,N/A,N/A,4.00 points,N/A,"This seminar for advanced undergraduates and graduate students investigates the significance of dreams in multiple cultural and historical contexts with a focus on Tibetan Buddhism. Dreams and dreaming are vital aspects of Tibetan Buddhist meditative practice, visionary experience, poetry, narratives, as well as visual arts. Students in the seminar will explore a range of materials that 1) guide Buddhist practitioners to cultivate certain types of dreams, and 2) narrate dream experiences that the dreamer has deemed worth recording, and 3) situate Tibetan Buddhist examples in broader contexts of religious and psychological perspectives, with an emphasis on Freud and Jung’s treatment of dreams. According to Buddhist sources, a dream might be significant because the dreamer understands it to be revelatory, foretelling the future, or it might be recorded simply because the dreamer finds the dream in some way compelling, troubling, or funny. In life writing, dreams often highlight crucial moments in the writer’s life experience. Just as psychoanalysts make use of dreams to engage with analysands, Tibetan medical texts instruct doctors to pay close attention to patients’ dreams in the process of diagnosis. Tibetan ritual texts guide meditators in techniques for lucid dreaming. Visionary dreams are recorded in great aesthetic detail. Narratives of dreams and dreamscapes are an important part of biographies and life writing in general. We will also consider European and American treatments of dreams and lucid dreaming, including psychoanalytic, philosophical approaches to dreaming. A significant element of the course is a daily dream journal",https://bulletin.columbia.edu/columbia-college/departments-instruction/religion/
N/A,RELI GU4224 Dialectics: Theology and Philosophy between Europe and Africa. .,N/A,N/A,N/A,N/A,N/A,4 points,N/A,,https://bulletin.columbia.edu/columbia-college/departments-instruction/religion/
N/A,"RELI GU4227 Empire and Decolonization in North Africa: Race, Religion, Climate. .",N/A,N/A,N/A,N/A,N/A,4.00 points,N/A,"The course examines crucial debates in colonial and decolonial studies from a North African point of view, with a particular focus on Algeria. What does it mean to rethink conceptually and globally about empire and decoloniality from the point of view of North Africa ; a region which is often marginalized in both postcolonial and decolonial theory? The questions that will guide us throughout the class read as follows: 1) How is one to rethink the Maghreb without either reducing it to the history of French colonialism or downplaying the impact of colonialism on North Africa? How can binaries of direct rule and indirect rule, settler colonialism in Algeria and protectorates in Morocco and Tunisia be challenged in order to understand the postcolonial Maghreb as a unit? 2) Can one think about the historicity of the Maghreb without taking the destruction of Al-Andalus and its influence on the birth of race as a point of departure? Does the Christian racialization of Jews and Muslims through the notion of a purity of blood permeate the French colonization of the Maghreb? Is French colonialism in North Africa secular or Christian? How does secularity emerge in the midst of this history by reconfiguring the legacy of the Crusades? 3) How are Muslims and particularly Sufi orders involved in the practices of resistance against French colonial violence? How are traditional Islamic languages and practices of sainthood or the longing of the Mahdi redeployed in this situation? How do these practices and languages of resistance transform themselves with the construction of anticolonial nationalism? How can one rethink decolonization by analyzing how Algiers became the capital of Third World resistance at a global scale? 4) How do contemporary debates about Islam, tradition and modernity deploy themselves in the Maghreb and particularly in Morocco? How do these debates shape our understanding of decolonization?",https://bulletin.columbia.edu/columbia-college/departments-instruction/religion/
N/A,RELI GU4228 South Asia and the Secular. .,N/A,N/A,N/A,N/A,N/A,4 points,N/A,,https://bulletin.columbia.edu/columbia-college/departments-instruction/religion/
N/A,"RELI GU4255 Hegel, Information, “Artificial” Intelligence. .",N/A,N/A,N/A,N/A,N/A,4.00 points,N/A,"The development of high-speed computers, artificial neural networks, miniaturized sensors, mobile phones, and Big Data has created the conditions for the transformation of artificial intelligence. These changes are not only transforming the world but are also recasting long-standing distinctions like nature/culture, natural/artificial, body/mind, complexity/ simplicity, and organism/machine that have shaped human thought and life for centuries. This refiguring of opposites as irreducibly interrelated was anticipated by Kant’s notion of self-organization and developed systematically by Hegel. This course will approach current forms of artificial intelligence through Kant’s interpretation of self-organization and Hegel’s dialectical logic and will reread Hegel’s system through “natural” and “artificial” neural networks, complex systems, and information theory. If nature and culture are inextricably interrelated, then is “artificial” intelligence really artificial, and is “nature” every merely natural? What are the implications of these developments for the understanding of human “nature” that has shaped the Anthropocene since the time of Galileo, Newton, and Descartes?",https://bulletin.columbia.edu/columbia-college/departments-instruction/religion/
N/A,RELI GU4260 Time. .,N/A,N/A,N/A,N/A,N/A,4.00 points,N/A,"Concepts and sensibilities surrounding time and temporality are major aspects of people’s sense of reality and “how the world works.” Questions that we will explore in this course include such as the following: How are concepts and senses of time shaped in different contexts? How do they change? What role do ritual practices as well as distinctions such as between sacred and profane times play in shaping senses of time? In what ways are times and temporalities experienceable and in what ways do they elude perception? How are concepts of time and space connected? How is time political and how do its political valences become tangible or remain elusive? In our inquiries we will pay attention to where practices and concepts that seem obviously associated with religion make their appearance and what assumptions make that classification seem obvious. We will also examine how conceptual tools of religious studies might aid us in understanding how conceptions and sensibilities regarding time and temporality emerge, are transmitted, and transformed in and through communities of practice. While this seminar is open to interested students from all disciplines, our work in this course specifically falls into the “zone of inquiry” of “time and history” of the Religion Department’s graduate programs. “Zones of inquiry” seek to introduce students to a particular cluster of key concepts and various theoretical elaborations of those concepts, in order to aid students in honing their ability to reflect critically on and develop further the central concepts that they derive from and bring to the specific traditions and phenomena that they study in their own research. A main goal of this course will therefore be to deepen our conceptual and analytical acumen and expand our theoretical resources at the intersection of religious studies and theories of time and temporality",https://bulletin.columbia.edu/columbia-college/departments-instruction/religion/
N/A,RELI GU4304 Krishna. .,N/A,N/A,N/A,N/A,N/A,4 points,N/A,,https://bulletin.columbia.edu/columbia-college/departments-instruction/religion/
N/A,RELI GU4305 SECULAR ＆ SPIRITUAL AMERICA. .,N/A,N/A,N/A,N/A,N/A,4.00 points,N/A,Prerequisites: Majors and concentrators receive first priority.,https://bulletin.columbia.edu/columbia-college/departments-instruction/religion/
N/A,RELI GU4308 Jewish Philosophy and Kabbalah. .,N/A,N/A,N/A,N/A,N/A,4 points,N/A,,https://bulletin.columbia.edu/columbia-college/departments-instruction/religion/
N/A,"RELI GU4311 Fanon: Religion, Race, Philosophy in Africa and beyond. .",N/A,N/A,N/A,N/A,N/A,4 points,N/A,,https://bulletin.columbia.edu/columbia-college/departments-instruction/religion/
N/A,RELI GU4314 Bhakti Poets. .,N/A,N/A,N/A,N/A,N/A,4.00 points,N/A,"Hindu poetry of radical religious participation—bhakti—in translation: poets of different regions, genders, and theological leanings. Knowledge of the original languages is not expected. Music, art, and performance play a role",https://bulletin.columbia.edu/columbia-college/departments-instruction/religion/
N/A,RELI GU4315 Sufis and the Qur'an. .,N/A,N/A,N/A,N/A,N/A,4 points,N/A,,https://bulletin.columbia.edu/columbia-college/departments-instruction/religion/
N/A,RELI GU4317 Islam in Southeast Asia. .,N/A,N/A,N/A,N/A,N/A,4.00 points,N/A,"Despite the fact that a fifth of the world’s Muslim population lives in Southeast Asia, the region is often considered peripheral to or insignificant for the study of Islam more broadly. In this course, we will not only learn about Islamic thought and practice in the history and present of this important part of the Islamic world; we will also reflect on issues that, while grounded in the Southeast Asian context, illustrate a variety of key Islamic Studies issues. The first half of the course will provide a historical overview over the development of Islam in Southeast Asia while the second half will focus on contemporary issues. The Malay-Indonesian world, home to 90％ of Southeast Asia’s Muslims, will be our primary focus. Our approach will be interdisciplinary, incorporating anthropological, historical, and media studies approaches. Students in this class are expected to have some prior knowledge of Islam",https://bulletin.columbia.edu/columbia-college/departments-instruction/religion/
N/A,RELI GU4318 INTERPRETING BUDDHIST YOGA. .,N/A,N/A,N/A,N/A,N/A,4.00 points,N/A,"Students and scholars approaching a vast amount of primary and secondary literature, as well as accounts and anthropological and sociological studies of Buddhism as a lived religion, are faced with an array of stories, data, theories and practices, many of which appear to be inconsistent with others. We try to make sense of these by interpreting them. The art or science of interpretation – “hermeneutics” after Hermes – has a long history in Asia and in the West. Buddhism itself has a tradition of hermeneutics, as does each of the Western religious traditions and Western philosophy and law, starting with Plato and Aristotle, becoming “romantic” with Schleiermacher, and “modern” with Heidegger, Gadamer, and Ricoeur. Today’s Western hermeneutics has become largely de-regionalized from specific subject areas, and has been extended to the interpretation of all human experience. After a grounding in traditional Buddhist and Western hermeneutic principles, we will focus on a number of aspects of Buddhism, including the central question of whether there is a “self” or not, and on esoteric Buddhist yoga, Tantra, central to several of the better-known forms of Buddhism today, including Tibetan Buddhism. Here we will witness the confluence and, sometimes, collision of traditional Buddhist and Tantric hermeneutics focusing in large part on “spiritual” concerns, and the Western tradition, with its emphasis on economics, power, and gender. In thinking about which interpretations are “right” -- indeed, whether any interpretation can be “right,” and, if so, ""how much?"" -- we will consider the cultures in which these scriptures and practices originated, as well as ourselves and our own contemporary perspectives, insights, presuppositions and prejudices. A primary concern of hermeneutics is the interpretation of so-called ""objective"" physical and subjective mental realities. In thinking about the hermeneutics of outer and inner time and space, towards the end of the semester we will consider whether the ""objective"" and the ""subjective"" intersect, how much, and look at some descriptions of quantum mechanics and the role of observation of physical reality there, and analogize and contrast those to and with some Buddhist systems of philosophy and practice",https://bulletin.columbia.edu/columbia-college/departments-instruction/religion/
N/A,RELI GU4322 EXPLORING THE SHARIA: ISLAMIC LAW. .,N/A,N/A,N/A,N/A,N/A,4.00 points,N/A,"The platform of every modern “Islamist” political party calls for the implementation of “the shari‘a.” This term is invariably (and incorrectly) interpreted as an unchanging legal code dating back to 7th century Arabia. In reality, Islamic law is an organic and constantly evolving human project aimed at ascertaining God’s will in a given historical and cultural context. This course offers a detailed and nuanced look at the Islamic legal methodology and its evolution over the last 1400 years. The first part of the semester is dedicated to “classical” Islamic jurisprudence, concentrating on the manner in which jurists used the Qur’an, the Sunna (the model of the Prophet), and rationality to articulate a coherent legal system. The second part of the course focuses on those areas of the law that engender passionate debate and controversy in the contemporary world. Specifically, we examine the discourse surrounding Islamic family (medical ethics, marriage, divorce, women’s rights) and criminal (capital punishment, apostasy, suicide/martyrdom) law. The course ends by discussing the legal implications of Muslims living as minorities in non-Islamic countries and the effects of modernity on the foundations of Islamic jurisprudence. This class is designed for students interested in a close examination of the Islamic legal system; it is not a broad introduction to the Islamic religion. The format of the class will vary from topic to topic but students should anticipate *extensive* participation through in-class debates",https://bulletin.columbia.edu/columbia-college/departments-instruction/religion/
N/A,RELI GU4324 American Scriptures. .,N/A,N/A,N/A,N/A,N/A,4.00 points,N/A,"What is scripture? How is cannon created? How do particular communities find meaning in varying works of literature? In this seminar, we will explore a number of influential American texts not simply in order to understand how they address questions of the holy and divine presence but also for how they provide creative ways of considering questions that have dogged Americans for centuries. In so doing, we will place literary works in conversation with contemporary theological trends and present-day scholarship on these connections. The course’s main thematic focus will be on government and collective rights; racial difference and questions of theodicy; children’s literature and disciplinary formation; the American libertarian streak; how best to care for the self; and humanity’s connection to nature. Students will examine a variety of texts – from the Declaration of Independence to Carl Sagan and Moby Dick – to better understand what matters to Americans and what do the literary artifacts we leave behind say about our current civilizational moment. This course will have succeeded in its goals if by its end your operative definition of religion has been significantly jumbled, challenged, and complicated. While many of our historical actors will use the term in different ways, this course is invested not in identifying what is or is not properly “religious,” but rather in examining how ideas operate in the world for the people to whom they’re important. To a certain extent, we must take seriously the claims made by religious actors of God acting in their lives. But in terms of analysis, religion for us will be a fluid concept, one that evades simple definition, and that is always “real” in terms of its effects on belief, action, and identity",https://bulletin.columbia.edu/columbia-college/departments-instruction/religion/
N/A,RELI GU4325 Sufism. .,N/A,N/A,N/A,N/A,N/A,4 points,N/A,Prerequisites: Permission of instructor.,https://bulletin.columbia.edu/columbia-college/departments-instruction/religion/
N/A,RELI GU4326 SUFISM IN SOUTH ASIA. .,N/A,N/A,N/A,N/A,N/A,4.00 points,N/A,"Sufism or tassawuf has misleadingly been described as the mystical side of Islam, implying that it is somehow detached from the material world. Throughout the history of Islam, Sufi ideas, practices, and institutions have borne a complex, intimate, and sometimes fraught relationship with other aspects of Islamic tradition and practice, a relationship that has also been profoundly impacted by Orientalist scholarship in the colonial period and by global reformist currents in the postcolonial period. This seminar for advanced undergraduates and graduate students is an interdisciplinary investigation of how Sufism has been affected by the historical, sociocultural, political, and everyday environments in which is it experienced and practiced, with a particular focus on South Asia. Eclectic in approach, we will begin by considering how Sufism has been construed and even constructed by scholars, considering how modern notions of the self, religion, and the political have shaped scholarly understandings of what Sufism is. Focusing on bodily practices and well known individual Sufis who lived in South Asia during different historical periods, we will use them as a vehicle for understanding Sufi experience within the context of the evolving Sufi orders within specific local spaces. We will consider why Sufism has become such a target of controversy and ambivalence among Muslims in the modern world and trace some of the changing controversies and tensions that Sufis have struggled with over time, focusing on their understandings of self, society and reality",https://bulletin.columbia.edu/columbia-college/departments-instruction/religion/
N/A,RELI GU4334 Islam vs. Music: From Qawwali to Hip Hop. .,N/A,N/A,N/A,N/A,N/A,4.00 points,N/A,"This course interrogates seminal issues in the academic study of Islam through its representation in various forms of popular musical expression. The class is structured around key theoretical readings from a range of academic disciplines ranging from art history and anthropology to comparative literature and religion. The course begins with an exploration of the links between religion and popular culture (hooks). This is followed by an exploration of the connection between Muslim Sufi-inflected practices in South Asia and the ubiquity of Qawwali across Pakistan and India. The course then shifts to Orientalism frameworks (Said) through a case study involving the songs in two competing versions of Aladdin. These frameworks are then tied to the racial scaffolding thar informed the converion (to various forms of Islam) of a wave of mid 20th century American Jazz musicians. The second half of the course examones Hip Hop through the lens of race, immigration, and colonialism. Finally, the class examines the spread of Hip Hop to a global audience as a powerful means for expressing the marginalization of immigrant/colonized Muslim communities",https://bulletin.columbia.edu/columbia-college/departments-instruction/religion/
N/A,RELI GU4345 World Religions. .,N/A,N/A,N/A,N/A,N/A,4.00 points,N/A,"(1) We begin with a study for the Parliament of the World’s Religions (PWR), held at the Columbian Exhibition at Chicago in 1893, because it is so often regarded as one of the great annunciatory moments for the field. A number of the 19th-century European “founding fathers” were invited or present, as was Swami Vivekananda, who has been at least as significant as any of them for the development of the field as a global idea. The PWR’s American location broadens Tomoko Masuzawa’s magisterial description of the “invention of world religions” by initially shifting attention away from its European base. It also introduces us to the element of display involved in announcing this idea and to one of its most important institutional partners: the University of Chicago. (2) In the second part of the course we investigate the consolidation/invention of the conceptual entities that comprise “world religions,” as well as debates about just how many of them they are, and by what principle of accounting: To exemplify the production of “isms” that are said to comprise the world religions, we investigate the conceptual origins of Hinduism, Buddhism, Islam, the Judeo-Christian Tradition, and most recently The Indigenous. (3) At the end we consider an institution founded around the idea of World Religions—Harvard’s Center for the Study of World Religions—and wonder how it compares to what has been done at Columbia and its neighbor institutions in New York: the Interfaith Center of New York, the Jewish Theological Seminary, and Union Theological Seminary. (4) The course includes a workshop (2/21) in which we discuss various materials we might use if we ourselves were asked to teach a “world religions” course. We conclude with a mini-conference (4/24) in which you present your work and respond to that of others. There are two possibilities for the sort of work you might do, as listed below. Whichever you choose, please discuss your intentions with me by Friday, February 23. A two-page proposal and draft bibliography are due by midnight that day. OPTIONS: (a) You can do a research paper on some aspect of the course—possibly extending to areas about which we have not specifically read and talked. (b) Or, if you wish, you can design your own World Religions course, providing a syllabus with all its constituent parts and a 7-8 double-spaced paper explaining why you have structured the course as you have. Be sure to say how you envision the group of students you’ll be working with. As part of your preparation, discuss the contents and approach of your course with members—or in some way affiliates (even apostates!)—of at least three of the religious groups or traditions involved",https://bulletin.columbia.edu/columbia-college/departments-instruction/religion/
N/A,RELI GU4355 AFR AM PROPHETIC POL TRADITION. .,N/A,N/A,N/A,N/A,N/A,4.00 points,N/A,"Through a wide range of readings and classroom discussions, this course will introduce students to the crucial role that the unique African-American appropriation of the Judeo-Christian prophetic biblical tradition has played -- and continues to play -- in the lives of black people in America",https://bulletin.columbia.edu/columbia-college/departments-instruction/religion/
N/A,RELI GU4365 Revolutionary Women and Political Islam. .,N/A,N/A,N/A,N/A,N/A,4 points,N/A,,https://bulletin.columbia.edu/columbia-college/departments-instruction/religion/
N/A,RELI GU4377 Islam in the Soviet Union and Successor States. .,N/A,N/A,N/A,N/A,N/A,4.00 points,N/A,"This seminar is designed for advanced undergraduate and graduate students seeking to develop an understanding of Islam in the Soviet Union and its successor states. The Soviet experience drastically altered the ways Central Asian Muslims practice Islam. This course explores the various ways in which Central Asian Muslims practiced Islam during the Soviet era and the lasting impacts of that period on contemporary Central Asia. Topics covered include the Soviet campaign against Islam, Soviet Islamic authorities, the growth of international Islamic networks in post-Soviet Central Asia, emerging Islamic movements, and common Islamic practices like pilgrimage and Islamic healing. Additionally, we will read theoretical and topical articles on comparable Islamic practices in various regions of the Muslim world to provide a broader perspective on Central Asia. All of the readings for this course will be in English. Prior course work related to Islam or the Soviet Union is recommended, but not required",https://bulletin.columbia.edu/columbia-college/departments-instruction/religion/
N/A,RELI GU4407 Living Together: North American (Religious) Experiments. .,N/A,N/A,N/A,N/A,N/A,3.00 points,N/A,"The purpose of this seminar is to study historical communal religious experiments in the United States. It will engage with the questions of religious counter-cultures, and in particular the ways that communal religious groups challenge mainstream economic, political, gender, racial, and sexual norms through fashioning alternative modes of living together. The seminar will concentrate on study and analysis of texts, practices, and materials from two religious groups, the Shakers and Father Divine’s International Peace Mission. The questions raised in considering these two historical groups will be refocused in a final unit that compares these communities to the comparatively short lived and “secular” Occupy movement, and brings the issues and challenges of alternative forms of living into the present moment",https://bulletin.columbia.edu/columbia-college/departments-instruction/religion/
N/A,"RELI GU4411 RELIGION,MIND＆SCIENCE FICTION. .",N/A,N/A,N/A,N/A,N/A,4.00 points,N/A,"While not yet fully recognized as a literary or philosophical genre, science fiction, through the “dislocation” it operates, raises (or amplifies) questions that have long been the preserve of religion, metaphysics, or philosophy, and it has brought some of these questions into the realm of popular culture. Science fiction is often perceived as hostile to religion, yet it often blurs the boundaries between science and religion. Recent SF, unlike the traditional “space opera,” revolves around the relations between the human mind and Artificial Intelligence — a challenge that our fast-evolving technoscientific society is confronting with a new sense of urgency. This course examines overlapping issues and questions shared by religion and SF",https://bulletin.columbia.edu/columbia-college/departments-instruction/religion/
N/A,RELI GU4412 RECOVERING PLACE. .,N/A,N/A,N/A,N/A,N/A,4.00 points,N/A,,https://bulletin.columbia.edu/columbia-college/departments-instruction/religion/
N/A,"RELI GU4416 Empire and Secularization in Africa: Reform, Mission, Islam. .",N/A,N/A,N/A,N/A,N/A,4 points,N/A,,https://bulletin.columbia.edu/columbia-college/departments-instruction/religion/
N/A,RELI GU4417 Recovering Place. .,N/A,N/A,N/A,N/A,N/A,4.00 points,N/A,"During the late 20th and early 21st centuries, the intersection of multiple disruptions has led to the loss of a sense of place. This has resulted in pervasive alienation and disorientation, which has led to a desire a growing desire to recover place. This course will examine the interplay between Displacement (Migration, Virtualization, Surveillance, Climate, Globalization) and Replacement (City, Rivers, Forests, Country). Special attention will be given to Displacement and Replacement in New York City. Students will have the opportunity to write a term paper or to create a project in an alternative medium",https://bulletin.columbia.edu/columbia-college/departments-instruction/religion/
N/A,"RELI GU4418 On African Theory: Religion, Philosophy, Anthropology. .",N/A,N/A,N/A,N/A,N/A,4 points,N/A,,https://bulletin.columbia.edu/columbia-college/departments-instruction/religion/
N/A,RELI GU4420 RELIGIOUS WORLDS OF NEW YORK. .,N/A,N/A,N/A,N/A,N/A,4.00 points,N/A,,https://bulletin.columbia.edu/columbia-college/departments-instruction/religion/
N/A,"RELI GU4425 Climate, Religion and Colonialism. .",N/A,N/A,N/A,N/A,N/A,4.00 points,N/A,"This course examines intersections between religion and climate through the lens of colonialism. In recent years, scholars across the humanities, social sciences, and physical sciences have suggested that the climate crisis dates to the advent of European colonialism in the 16th and 17th centuries. This literature argues that colonial projects involved the remaking of landscapes via “terraforming,” seeking to inscribe European imaginaries on the land and extract value from it, while violently suppressing and destroying local and Indigenous lifeworlds. At the same time, a longstanding body of literature has investigated the relationship between colonialism and religion, focusing on missionary efforts to remake religious subjects and subjectivities and draw boundaries between true religion and its opposites, “paganism” and “superstition.” This course seeks to understand these two processes within the same frame, examining how colonial projects entailed simultaneous efforts to subjugate, extract value from, and transform people and landscapes. By the end of the semester, students will have deepened and nuanced their understandings of climate, religion, and colonialism, and come away with new ways of thinking about the climate crisis",https://bulletin.columbia.edu/columbia-college/departments-instruction/religion/
N/A,RELI GU4509 CRIME/PUNISHMENT-JEWISH CULTRE. .,N/A,N/A,N/A,N/A,N/A,4.00 points,N/A,"Jews have stood on every imaginable side of criminal justice: accuser and accused; prosecutor, defendant, and defender; judge and judged; spectator; storyteller; journalist; critic; advocate. How did Jews approach these various roles, and what notions of crime, criminality, punishment, and justice did they bring with them? This course crosses chronological eras, geographical regions, and academic disciplines to explore configurations of crime and punishment in Jewish cultures. It strives to achieve a balance in its coverage of Ashkenaz vs. Sefarad; ancient, late ancient, medieval, modern, and contemporary Judaisms; the specific and historical vs. the philosophical and theoretical; and varieties of sex, race, and gender. The role of classical Jewish texts, theology, and community in shaping Jewish approaches to criminal justice will all be considered",https://bulletin.columbia.edu/columbia-college/departments-instruction/religion/
N/A,RELI GU4513 BUDDHISM AND NEUROSCIENCE. .,N/A,N/A,N/A,N/A,N/A,4.00 points,N/A,"With the Dalai Lamas marked interest in recent advances in neuroscience, the question of the compatibility between Buddhist psychology and neuroscience has been raised in a number of conferences and studies. This course will examine the state of the question, look at claims made on both sides, and discuss whether or not there is a convergence between Buddhist discourse about the mind and scientific discourse about the brain",https://bulletin.columbia.edu/columbia-college/departments-instruction/religion/
N/A,RELI GU4514 Defining Marriage. .,N/A,N/A,N/A,N/A,N/A,4 points,N/A,,https://bulletin.columbia.edu/columbia-college/departments-instruction/religion/
N/A,RELI GU4515 Reincarnation and Technology. .,N/A,N/A,N/A,N/A,N/A,4 points,N/A,,https://bulletin.columbia.edu/columbia-college/departments-instruction/religion/
N/A,RELI GU4516 The Politics of Freud in the Postcolony. .,N/A,N/A,N/A,N/A,N/A,4 points,N/A,,https://bulletin.columbia.edu/columbia-college/departments-instruction/religion/
N/A,RELI GU4517 After the Human. .,N/A,N/A,N/A,N/A,N/A,4.00 points,N/A,"The advent of high-speed computing, Big Data, new forms of Artificial Intelligence, and global networking is rapidly transforming all aspects of life. Implants, transplants, genetic engineering, cloning, nanotechnology, cyborgs, hybrids, prostheses, mobile phones, tracking devices and wearable devices. The Internet of Things and the Internet of Bodies are becoming interconnected to transform what once was known as human being. These developments raise fundamental questions about what comes after the human. This course considers the philosophical and theological implications of this question by addressing the following issues: Natural vs. Artificial, Treatment vs. Enhancement, the Artificial Intelligence Revolution, Ubiquitous Computing, the Internet of Things, the Singularity, Extended Mind and Superintelligence, Internet of Bodies and Superorganisms, Death and After Life. Students will have the option of writing a term paper or doing a project related to the course readings",https://bulletin.columbia.edu/columbia-college/departments-instruction/religion/
N/A,"RELI GU4519 Gender, Islam and Society in North Africa. .",N/A,N/A,N/A,N/A,N/A,4.00 points,N/A,"This course provides a range of perspectives for the study of gender and Islam in North Africa, foregrounding the entangled genealogies of religious, political and feminist thought across the region. Through lectures, readings, documentaries, and class discussions, students will be introduced to important conceptual and empirical frameworks related to the construction of religion and gender in the region. A significant part of this course will explore gendered experiences within sacred texts, rituals, political praxis and social expression. The course will also explore the different women’s rights movements, with particular focus on the emergence of female Muslim activism. We will examine how feminism is shaped and/or challenged by the encounter with Islam, and look at the strategies and activism(s) of Muslim feminists and how they contribute to the development of civil society, social justice and feminist re-interpretation of religious texts. Students will be encouraged to think broadly across social, political and embodied ideas of gender and Islam, and therefore develop new avenues for capturing and interpreting the complexities of gender and religious subjectivity",https://bulletin.columbia.edu/columbia-college/departments-instruction/religion/
N/A,RELI GU4524 UNCONSCIOUS AND JEWISH THOUGHT. .,N/A,N/A,N/A,N/A,N/A,4.00 points,N/A,"This survey aims to reflect on the specific dialogue between faith and theories of the mind. After an overview of pre-Freudian notions of the unconscious, the course will examine Freuds 1896 Theory of the unconscious mind and the key analytical concepts which display similarities between psychoanalysis and Jewish thought, from Talmudic hermeneutics to Kabbalah studies. We will explore the unconscious through readings from Leibnitz, Schelling, Goethe, von Hartmann, Freud, Jung, as well as its preludes and echoes in the Talmud and in the writings of Azriel of Gerona, the Magid of Mezrich, Krochmal, Leiner, Lou Andreas Salome, Scholem, Idel, Wolfson",https://bulletin.columbia.edu/columbia-college/departments-instruction/religion/
N/A,RELI GU4526 Food and Sex in Premodern Chinese Buddhism. .,N/A,N/A,N/A,N/A,N/A,4 points,N/A,,https://bulletin.columbia.edu/columbia-college/departments-instruction/religion/
N/A,RELI GU4528 Religion and the Sexed Body. .,N/A,N/A,N/A,N/A,N/A,4.00 points,N/A,"This seminar will examine how bodily practices associated with gender and sexualities are cultivated, regulated, and articulated within various religious traditions and how these practices have been influenced by global processes, including colonialism, the accelerating movement of people and technologies, and modern secularism and identity politics. Throughout the course we will tack back and forth between theoretical works and ethnographic/historical writing, in order to articulate what is probably the most difficult aspect of original research: how to bring together “high theory” and primary sources ranging from field research to data drawn from a variety of media",https://bulletin.columbia.edu/columbia-college/departments-instruction/religion/
N/A,RELI GU4535 BUDDHIST CONTEMPLATIVE SCIENCES. .,N/A,N/A,N/A,N/A,N/A,4.00 points,N/A,"Prerequisites: the instructor's permission.
Buddhist arts and sciences traditionally are divided into the interconnected disciplines of ethics (śīla), wisdom/philosophy (prajñā), and “meditation” or experiential cultivation (samādhi/bhāvanā). This seminar course introduces the latter discipline, thus complementing and completing Prof. Yarnall’s Columbia seminars on Buddhist Ethics (RELI UN3500) and Indo-Tibetan Buddhist Philosophy (RELI GU4630), either of which—in addition to his introductory lecture course on Indo-Tibetan Buddhism (RELI UN2205)—are encouraged as prerequisites. This course will provide a detailed presentation of key Buddhist contemplative sciences, including: stabilizing meditation (śamatha); analytic insight meditation (vipaśyanā); cultivation of the four immeasurables, and form and formless trances; mind cultivation (lo jong); mindfulness meditation; Zen meditation; great perfection (dzogchen); and the subtle body-mind states activated and transformed through advanced tantric yoga techniques. These arts and sciences will be explored both within their traditional interdisciplinary frameworks, as well as in dialog with related contemporary disciplines, including: cognitive sciences, neuroscience, psychology, psychiatry, philosophy, epistemology, and so forth. To be conducted in a mixed lecture/seminar format (active, prepared participation required)",https://bulletin.columbia.edu/columbia-college/departments-instruction/religion/
N/A,RELI GU4547 Sacrifice. .,N/A,N/A,N/A,N/A,N/A,4.00 points,N/A,"This seminar provides an overview of sacrifice in both theory and practice. The concept of sacrifice, and its contestation, allows us to explore a range of issues and institutions related to the (often violent) act of “giving up,” or exchange. What must a sacrifice be, and how do its instantiations—for God; for country; for kin; for love; for rain; etc.—take shape? Readings are drawn from a range of sources, including Biblical texts and commentaries, the anthropological record, critical theory, comparative literature, and work on race and gender. The seminar aims to provide students with a strong foundation for relating sacrifice to broader concerns with the body, media/mediation, religion, politics, and kinship",https://bulletin.columbia.edu/columbia-college/departments-instruction/religion/
N/A,RELI GU4562 Wittgenstein and Religion. .,N/A,N/A,N/A,N/A,N/A,4 points,N/A,,https://bulletin.columbia.edu/columbia-college/departments-instruction/religion/
N/A,RELI GU4565 Women and Islam. .,N/A,N/A,N/A,N/A,N/A,4.00 points,N/A,"This course is a comprehensive engagement with Islamic perspectives on women with a specific focus on the debates about woman’s role and status in Muslim societies. Students will learn how historical, religious, socio-economic and political factors influence the lives and experiences of Muslim women. A variety of source materials (the foundational texts of Islam, historical and ethnographic accounts, women’s and gender studies scholarship) will serve as the framework for lectures. Students will be introduced to women’s religious lives and a variety of women’s issues as they are reported and represented in the works written by women themselves and scholars chronicling women’s religious experiences. We will begin with an overview of the history and context of the emergence of Islam from a gendered perspective. We will explore differing interpretations of the core Islamic texts concerning women, and the relationship between men and women: who speaks about and for women in Islam? In the second part of the course we will discuss women’s religious experiences in different parts of the Muslim world. Students will examine the interrelationship between women and religion with special emphasis on the ways in which the practices of religion in women’s daily lives impact contemporary societies. All readings will be in English. Prior course work in Islam or women’s studies is recommended, but not required",https://bulletin.columbia.edu/columbia-college/departments-instruction/religion/
N/A,RELI GU4611 The Lotus Sutra in East Asian Buddhism. .,N/A,N/A,N/A,N/A,N/A,4 points,N/A,"Prerequisites: open to students who have taken one previous course in either Buddhism, Chinese religions, or a history course on China or East Asian.",https://bulletin.columbia.edu/columbia-college/departments-instruction/religion/
N/A,RELI GU4613 Silence. .,N/A,N/A,N/A,N/A,N/A,4 points,N/A,,https://bulletin.columbia.edu/columbia-college/departments-instruction/religion/
N/A,RELI GU4615 Media and Religion. .,N/A,N/A,N/A,N/A,N/A,4 points,N/A,,https://bulletin.columbia.edu/columbia-college/departments-instruction/religion/
N/A,RELI GU4617 Image Theories in Chinese Religions. .,N/A,N/A,N/A,N/A,N/A,4 points,N/A,,https://bulletin.columbia.edu/columbia-college/departments-instruction/religion/
N/A,RELI GU4619 Islam in Popular Culture. .,N/A,N/A,N/A,N/A,N/A,4.00 points,N/A,"This course interrogates seminal issues in the academic study of Islam through its popular representation in various forms of media from movies and television to novels and comic books. The class is structured around key theoretical readings from a range of academic disciplines ranging from art history and anthropology to comparative literature and religion. The course begins by placing the controversies surrounding the visual depiction of Muhammad in historical perspective (Gruber). This is followed by an examination of modern portrayals of Muslims in film that highlights both the vilification of the “other” (Shaheen) and the persistence of colonial discourses centered on the “native informant” (Mamdani). Particular emphasis is given to recent pop cultural works that challenge these simplistic discourses of Islam. The second half of the course revisits Muhammad, employing an anthropological framework (Asad) to understand the controversies surrounding Salman Rushdie’s Satanic Verses. The obsession with a gendered depiction of Islam is then examined through an anthropological framework that sheds light on the problems of salvation narratives (Abu Lughod). The course ends with a look at the unique history of Islam in America, particularly the tension between immigrant and African-American communities",https://bulletin.columbia.edu/columbia-college/departments-instruction/religion/
N/A,RELI GU4620 RELIGIOUS WORLDS OF NEW YORK. .,N/A,N/A,N/A,N/A,N/A,4.00 points,N/A,,https://bulletin.columbia.edu/columbia-college/departments-instruction/religion/
N/A,RELI GU4621 Religion and Media. .,N/A,N/A,N/A,N/A,N/A,4.00 points,N/A,"This is a course designed for students interested in media and their connections to religious traditions and practices. This includes a consideration of specific mediums, including print, photography, radio, television, film, and the internet. But there is also an important manner in which media technologies have to be understood in relation to the more elementary senses they express (hearing, sight, etc). We therefore investigate media as both a broad conceptual category and as specific technologies of communication. So lots on books, TV, phones and the like, but also presence, auras, connection, distance, broadcasting, and immediacy. Course texts will include a combination of conceptual works as well as case studies drawn from major religious traditions. The learning goals of the course are: (1) to introduce seminal interpretive and methodological issues in the contemporary study of media/mediation; (2) to study some theoretical classics in the fields of media studies and religious studies, to provide a foundation for further reading; (3) to introduce new writing in the field; and (4) to encourage students to think of ways in which the issues and authors surveyed might provide models for their own interests and research. This course is geared toward graduate students and upper-level undergraduates. Some background in religious studies and/or media studies is helpful but not required",https://bulletin.columbia.edu/columbia-college/departments-instruction/religion/
N/A,RELI GU4626 READING (IN THEORY). .,N/A,N/A,N/A,N/A,N/A,3.00 points,N/A,"This reading-intensive course will engage, over time with essential texts of the current critical canon. Offered over a series of semesters, it is aimed at developing a practice of reading: close or distant, and always attentive. Let us say: slow reading. What does it mean to read? Where and when does reading start? Where does it founder? What does reading this author (Freud, for example) or that author (say, Foucault) do to the practice of reading? Can we read without misreading? Can we read for content or information without missing the essential? Is there such a thing as essential reading? Favoring a demanding and strenuous exposure to the text at hand, this course promises just that: a demanding and strenuous exposure to reading. The course can be repeated for credit",https://bulletin.columbia.edu/columbia-college/departments-instruction/religion/
N/A,RELI GU4807 DIVINE HUMAN ANIMAL. .,N/A,N/A,N/A,N/A,N/A,4.00 points,N/A,"This course focuses on thinking with animals (Levi-Strauss) through the lens of the religious imagination. The concentration will be primarily on Western religious cultures, especially Judaism and the question of Jewishness",https://bulletin.columbia.edu/columbia-college/departments-instruction/religion/
N/A,RELI GU4990 Directed Readings. .,N/A,N/A,N/A,N/A,N/A,1.00-4.00 points,N/A,Topics chosen in consultation between members of the staff and students. It may be used for grad students to enroll for an additional credit for enrollment in a 3000 level course,https://bulletin.columbia.edu/columbia-college/departments-instruction/religion/
N/A,RELI GU4996 Religion and the Indian Wars. .,N/A,N/A,N/A,N/A,N/A,4.00 points,N/A,"The frontier is central to the United States’ conception of its history and place in the world. It is an abstract concept that reflects the American mythos of progress and is rooted in religious ideas about land, labor, identity, and ownership. Throughout the nineteenth century, these ideas became more than just abstractions. They were tested, hardened, and revised by US officials and the soldiers they commanded on American battlefields. This process took the form of the Civil War and the series of U.S. military encounters with Native Americans known as the Indian Wars. These separate yet overlapping campaigns have had profound and lasting consequences for the North American landscape and its peoples. This course explores the relationship between religious ideology and state violence in the last half of nineteenth century. Organized chronologically and geographically, we will engage with both primary sources and classic works in the historiography of the Indian Wars to examine how religion shaped federal policy and race relations from the start of the Civil War through approximately 1910",https://bulletin.columbia.edu/columbia-college/departments-instruction/religion/
N/A,RELI GU4997 Global Indigenous Religious Histories- Discussion. .,N/A,N/A,N/A,N/A,N/A,0.00 points,N/A,"Nomads, natives, peasants, hill people, aboriginals, hunter-gatherers, First Nations—these are just a handful of the terms in use to define indigenous peoples globally. The names these groups use to describe themselves, as well as the varying religious practices, attitudes, and beliefs among these populations are far more numerous and complex. For much of recorded history however, colonial centers of power have defined indigenous peoples racially and often in terms of lacking religion; as pagan, barbarian, non-modern, and without history or civilization. Despite this conundrum of identity and classification, indigenous religious traditions often have well-documented and observable pasts. This course considers the challenges associated with studying indigenous religious history, as well as the changing social, political, and legal dimensions of religious practice among native groups over time and in relationship to the state. Organized thematically and geographically, we will engage with classic works of ethnohistory, environmental history, indigenous studies, anthropology, and religious studies as well as primary sources that include legal documentation, military records, personal testimony, and oral narrative",https://bulletin.columbia.edu/columbia-college/departments-instruction/religion/
N/A,"HSAM UN2901 DATA:PAST, PRESENT AND FUTURE. .",N/A,N/A,N/A,N/A,N/A,3.00 points,N/A,"Data-empowered algorithms are reshaping our professional, personal, and political realities, for good--and for bad. Data: Past, Present, and Future moves from the birth of statistics in the 18th century to the surveillance capitalism of the present day, covering racist eugenics, World War II cryptography, and creepy personalized advertising along the way. Rather than looking at ethics and history as separate from the science and engineering, the course integrates the teaching of algorithms and data manipulation with the political whirlwinds and ethical controversies from which those techniques emerged. We pair the introduction of technical developments with the shifting political and economic powers that encouraged and benefited from new capabilities. We couple primary and secondary readings on the history and ethics of data with computational work done largely with user-friendly Jupyter notebooks in Python",https://bulletin.columbia.edu/columbia-college/departments-instruction/history-philosophy-science/
N/A,"HIST GU4588 RACE, DRUGS, AND INEQUALITY. .",N/A,N/A,N/A,N/A,N/A,4.00 points,N/A,"Prerequisites: the instructor's permission.
Note: Admission to this course is by application only. Please use the form found in the SSOL course message. Through a series of secondary- and primary-source readings, digital archive research, and writing assignments, we will explore the history of harm reduction from its origins in syringe exchange, health education, and condom distribution, to the current moment of decriminalization, safe consumption politics, and medically assisted treatment (MAT). At the same time, we will think about how harm reduction perspectives challenge us to rethink the histories and historiography of substance use, sexuality, health, and research science. Along with harm reduction theory and philosophy, relevant concepts and themes include syndemic and other epidemiological concepts theory; structural inequities (structural violence, structural racism); medicalization; biomedicalization; racialization; gender theory and queer theory; mass incarceration, hyperpolicing, and the carceral state; the “housing first” approach; political and other subjectivities; and historical constructions of “addiction”/“addicts”, rehabilitation/recovery, what are “drugs,” and the “(brain) disease model”/NIDA paradigm of addiction. Readings are multidisciplinary and include works in history, epidemiology, anthropology, sociology, psychology, and other disciplines, and the syllabus will include at least one field trip to a harm reduction organization. Students will complete a short research project. There are no official prerequisites. However, students should have some academic or professional background in public health, African-American/ethnic studies history or social science, and/or some other work related to the course material. Admission to this course is by application only. Please use the form found in the SSOL course message. Students may not enroll in this course on a pass/fail basis or as an auditor without instructor permission. Student assessment will be based on various criteria: Class discussion participation - 35％ Presentation of the readings - 15％ Writing assignments - 50％",https://bulletin.columbia.edu/columbia-college/departments-instruction/history-philosophy-science/
N/A,HIST UN3437 CORP BEHAVIOR ＆ PUBLIC HEALTH. .,N/A,N/A,N/A,N/A,N/A,4.00 points,N/A,"In the decades since the publication of Silent Spring and the rise of the environmental movement, public awareness of the impact of industrial products on human health has grown enormously. There is growing concern over BPA, lead, PCBs, asbestos, and synthetic materials that make up the world around us. This course will focus on environmental history, industrial and labor history as well as on how twentieth century consumer culture shapes popular and professional understanding of disease. Throughout the term the class will trace the historical transformation of the origins of disease through primary sources such as documents gathered in lawsuits, and medical and public health literature. Students will be asked to evaluate historical debates about the causes of modern epidemics of cancer, heart disease, lead poisoning, asbestos-related illnesses and other chronic conditions. They will also consider where responsibility for these new concerns lies, particularly as they have emerged in law suits. Together, we will explore the rise of modern environmental movement in the last 75 years",https://bulletin.columbia.edu/columbia-college/departments-instruction/history-philosophy-science/
N/A,BCRS UN2101 INTER BOSNIAN/CROATIAN/SERBIAN. .,N/A,N/A,N/A,N/A,N/A,4.00 points,N/A,"Prerequisites: BCRS UN1102 BCRS W1102 or the equivalent.
Prerequisites: BCRS UN1102 or the equivalent. Readings in Serbian/Croatian/Bosnian literature in the original, with emphasis depending upon the needs of individual students",https://bulletin.columbia.edu/columbia-college/departments-instruction/slavic-languages/
N/A,BCRS GU4002 YUGOSLAV＆POST-YUGOSLAV CINEMA. .,N/A,N/A,N/A,N/A,N/A,3.00 points,N/A,,https://bulletin.columbia.edu/columbia-college/departments-instruction/slavic-languages/
N/A,BCRS GU4331 ADV BOSNIAN/CROATIAN/SERBIAN. .,N/A,N/A,N/A,N/A,N/A,3.00 points,N/A,"Prerequisites: BCRS UN2102 BCRS W2102.
Prerequisites: BCRS UN2102 Further develops skills in speaking, reading, and writing, using essays, short stories, films, and fragments of larger works. Reinforces basic grammar and introduces more complete structures",https://bulletin.columbia.edu/columbia-college/departments-instruction/slavic-languages/
N/A,CLCZ GU4020 Czech Culture Before Czechoslovakia. .,N/A,N/A,N/A,N/A,N/A,3 points,N/A,,https://bulletin.columbia.edu/columbia-college/departments-instruction/slavic-languages/
N/A,CLCZ GU4030 POSTWAR CZECH LITERATURE. .,N/A,N/A,N/A,N/A,N/A,3.00 points,N/A,A survey of postwar Czech fiction and drama. Knowledge of Czech not necessary. Parallel reading lists available in translation and in the original,https://bulletin.columbia.edu/columbia-college/departments-instruction/slavic-languages/
N/A,CLPL GU4042 Bestsellers of Polish Literature. .,N/A,N/A,N/A,N/A,N/A,3 points,N/A,,https://bulletin.columbia.edu/columbia-college/departments-instruction/slavic-languages/
N/A,CLPL GU4040 Mickiewicz. .,N/A,N/A,N/A,N/A,N/A,3 points,N/A,,https://bulletin.columbia.edu/columbia-college/departments-instruction/slavic-languages/
N/A,CLPL GU4300 The Polish Novel After 1989. .,N/A,N/A,N/A,N/A,N/A,3 points,N/A,,https://bulletin.columbia.edu/columbia-college/departments-instruction/slavic-languages/
N/A,CLPL GU4301 Survey of Polish Literature and Culture. .,N/A,N/A,N/A,N/A,N/A,3 points,N/A,,https://bulletin.columbia.edu/columbia-college/departments-instruction/slavic-languages/
N/A,"CLSL UN3304 How To Read Violence: The Literature of Power, Force and Brutality from 20th Century Russia and America. .",N/A,N/A,N/A,N/A,N/A,3 points,N/A,,https://bulletin.columbia.edu/columbia-college/departments-instruction/slavic-languages/
N/A,"CLSL GU4000 Hebrew: History, Politics, Culture, Literature. .",N/A,N/A,N/A,N/A,N/A,3.00 points,N/A,"This class offers an introduction to Hebrew culture from a historical and literary perspective, focusing on the intersection of linguistic ideology, and literary and cultural creativity. What, we will ask, is the relationship between what people think about Hebrew and what they write in Hebrew? We will investigate the manners in which Hebrew was imagined – as the language of God, the language of the Jews, the language of the patriarchy, the language of secularism, the language of Messianism, the language of nationalism, a dead language, a diasporic Eastern European language, a local Middle Eastern Language, ext., and how these conflicting imaginaries informed Hebrew creativity. This class does not require prior knowledge of Hebrew. Students proficient in Hebrew, Yiddish, Arabic, Ladino, and/or European languages are encouraged to contact the instructor in advance for supplementary material in these languages",https://bulletin.columbia.edu/columbia-college/departments-instruction/slavic-languages/
N/A,CLSL GU4003 Central European Drama in the Twentieth Century. .,N/A,N/A,N/A,N/A,N/A,3 points,N/A,,https://bulletin.columbia.edu/columbia-college/departments-instruction/slavic-languages/
N/A,CLSL GU4004 Introduction to Twentieth-Century Central European Fiction. .,N/A,N/A,N/A,N/A,N/A,3 points,N/A,,https://bulletin.columbia.edu/columbia-college/departments-instruction/slavic-languages/
N/A,CLSL GU4008 Slavic Avant-Garde Surfaces. .,N/A,N/A,N/A,N/A,N/A,3 points,N/A,,https://bulletin.columbia.edu/columbia-college/departments-instruction/slavic-languages/
N/A,CLSL GU4010 What We Do in the Shadows: A History of the Night in Eastern Europe. .,N/A,N/A,N/A,N/A,N/A,3.00 points,N/A,"This course looks at nighttime as an object of inquiry from an experiential, historical, religious, literary, and cultural perspectives, introducing the students with the growing field of night studies. It covers the Early Modern and the Modern Periods and centers primarily on Eastern Europe and East Central Europe, with a secondary focus on Jewish Literature and Culture in these regions. The course caters for students who are interested in in night studies, in the history and culture of Eastern Europe, students who are interested in Jewish (Hebrew and Yiddish) Studies, as well as students who are interested in the intersection of history and literature",https://bulletin.columbia.edu/columbia-college/departments-instruction/slavic-languages/
N/A,CLSL GU4011 Experimental Cultures. .,N/A,N/A,N/A,N/A,N/A,3.00 points,N/A,"This seminar course will provide a punctual survey of trends and figures in the experimental cultures of East Central Europe. Formations include the avant-gardes (first, postwar, and postcommunist); experimental Modernisms and Postmodernisms; alternative film, media, and visual culture; and formally inventive responses to exceptional historical circumstances. Proceeding roughly chronologically from early twentieth to early twenty-first centuries, we will examine expressionist/surrealistic painting and drama; zenithist hybrid genres such as cinépoetry and proto-conceptualist writing; mixed-media relief sculpture; post-conceptual art; experimental and animated film; and avant-garde classical music. In terms of theory, we will draw on regional and global approaches to artistic experimentation ranging from Marxist and other theories of value through discourses of the body and sexuality in culture to contemporary affect theory. The course will be taught in English with material drawn primarily from Poland, Yugoslavia, Czechoslovakia, and Hungary. Each session will include a lecture followed by discussion",https://bulletin.columbia.edu/columbia-college/departments-instruction/slavic-languages/
N/A,CLSL GU4012 Holocaust Literature: Critical Thinking in Dark Times. .,N/A,N/A,N/A,N/A,N/A,3.00 points,N/A,"How do you write literature in the midst of catastrophe? To whom do you write if you don’t know whether your readership will survive? Or that you yourself will survive? How do you theorize society when the social fabric is tearing apart? How do you develop a concept of human rights at a time when mass extermination is deemed legal? How do you write Jewish history when Jewish future seems uncertain? This course offers a survey of the literature and intellectual history written during World War II (1939-1945) both in Nazi occupied Europe and in the free world, written primarily, but not exclusively, by Jews. We will read novels, poems, science fiction, historical fiction, legal theory and social theory and explore how intellectuals around the world responded to the extermination of European Jewry as it happened and how they changed their understanding of what it means to be a public intellectual, what it means to be Jewish, and what it means to be human. The aim of the course is threefold. First, it offers a survey of the Jewish experience during WWII, in France, Russia, Poland, Latvia, Romania, Greece, Palestine, Morocco, Iraq, the USSR, Argentina, and the United States. Second, it introduces some of the major contemporary debates in holocaust studies. Finally, it provides a space for a methodological reflection on how literary analysis, cultural studies, and historical research intersect",https://bulletin.columbia.edu/columbia-college/departments-instruction/slavic-languages/
N/A,CLSL GU4016 Socialist World Literature. .,N/A,N/A,N/A,N/A,N/A,3.00 points,N/A,"This course researches the potentiality and development of a Socialist World Literature. Students will learn about the more contemporary constructions of World Literature in the West, and then look at how the Soviet Union and its satellites potentially crafted an alternative to the contemporary construction. The class will then examine whether the Soviet version addressed some of the criticism of the contemporary definitions of World Literature, particularly through addressing the colonialism and nationalism. Students will learn about the complex history of World Literature and its definitions, reading the major theorists of the concept as well as the major critics. They will also create their own arguments about World Literature in a highly-scaffolded major project due at the end of the term. All readings will be provided online",https://bulletin.columbia.edu/columbia-college/departments-instruction/slavic-languages/
N/A,CLSL GU4017 The Central European Grotesque. .,N/A,N/A,N/A,N/A,N/A,3.00 points,N/A,"Central Europe is home to large number of authors, artists, and directors who made use of the critical power of the grotesque. Beginning from the fin-de-siecle and moving to the contemporary moment, students will get to know a wide range of grotesque art from Central Europe as well as several of the critical approaches to the subject. The course should be of interest to anyone studying Central European culture, as well as students interested in cultural studies more generally. Students will learn to identify and analyze examples of the grotesque through a variety of theoretical lenses. They will also enrich their knowledge of Central European literature and culture",https://bulletin.columbia.edu/columbia-college/departments-instruction/slavic-languages/
N/A,CLSS GU4101 Balkan as a Metaphor. .,N/A,N/A,N/A,N/A,N/A,3 points,N/A,,https://bulletin.columbia.edu/columbia-college/departments-instruction/slavic-languages/
N/A,CLSL GU4995 Central European Jewish Literature: Assimilation and Its Discontents. .,N/A,N/A,N/A,N/A,N/A,3 points,N/A,,https://bulletin.columbia.edu/columbia-college/departments-instruction/slavic-languages/
N/A,"CLRS UN3314 The Story, She Told: Women's Autofiction ＆ Life Writing in Russian. .",N/A,N/A,N/A,N/A,N/A,3.00 points,N/A,"In her 1975 essay The Laughter of Medusa, Hélène Cixous compared women’s writing—in French, “écriture féminine”—to the unexplored African continent. To date, literary criticism has been grappling with the distinct qualities of literary works, crafted by women. This course offers a survey of main autofictional works and memoirs, written originally in the Russian language within the last 100 years. We will start our journey with the tumults of the WW1 and the Bolshevik Revolution, the Civil War, through the WW2, the Soviet dissident movement, the emigration waves into Israel and the United States, the advent of a post-socialist Russia in 1991—in order to arrive at the two plus decades of Vladimir Putin’s presidency. We will consider the ways in which each author transposes and conveys her own—and others’ memories—through the medium of autofiction, defined by Serge Doubrovsky, who coined the term in French, as “the adventure of the language, outside of wisdom and the syntax of the novel.” All selected works, with very few exceptions, are available in English; no reading knowledge of Russian is required. No prerequisites",https://bulletin.columbia.edu/columbia-college/departments-instruction/slavic-languages/
N/A,CLRS UN3309 Fact and Fiction: The Document in Russian and American Literature. .,N/A,N/A,N/A,N/A,N/A,3 points,N/A,,https://bulletin.columbia.edu/columbia-college/departments-instruction/slavic-languages/
N/A,CLRS GU4017 Chekhov [English]. .,N/A,N/A,N/A,N/A,N/A,3 points,N/A,,https://bulletin.columbia.edu/columbia-college/departments-instruction/slavic-languages/
N/A,"CLRS GU4022 Russia and Asia: Orientalism, Eurasianism, Internationalism. .",N/A,N/A,N/A,N/A,N/A,3 points,N/A,,https://bulletin.columbia.edu/columbia-college/departments-instruction/slavic-languages/
N/A,CLRS GU4036 Nabokov and Global Culture. .,N/A,N/A,N/A,N/A,N/A,3 points,N/A,,https://bulletin.columbia.edu/columbia-college/departments-instruction/slavic-languages/
N/A,"CLRS GU4038 DOSTOEVSKY,DEMONS,DICKENS. .",N/A,N/A,N/A,N/A,N/A,3.00 points,N/A,,https://bulletin.columbia.edu/columbia-college/departments-instruction/slavic-languages/
N/A,CLRS GU4040 The Future is Red (White and Blue): Modernity and Social Justice in U.S. and U.S.S.R.. .,N/A,N/A,N/A,N/A,N/A,4 points,N/A,,https://bulletin.columbia.edu/columbia-college/departments-instruction/slavic-languages/
N/A,CLRS GU4111 Narrative and Repetition: Circling in Time and Space. .,N/A,N/A,N/A,N/A,N/A,3.00 points,N/A,"An introduction to central concepts in narrative theory: plot, archetype, myth, story vs. discourse, Freudian analysis, history and narrative, chronotype and personal narrative. These are explored in the context of sustained investigation of a particular plot device: the time loop. Examples come from Russian modernist fiction, Soviet and American science fiction, and film. We compare being stuck in a time loop with being lost in space - a theme found in personal narratives shared orally and online, as well as in literary fiction. Students develop a final paper topic on time loop narrative of their choice",https://bulletin.columbia.edu/columbia-college/departments-instruction/slavic-languages/
N/A,CLRS GU4113 Impossible Worlds in Russian and English Ficiton. .,N/A,N/A,N/A,N/A,N/A,3.00 points,N/A,"It is often remarked that narratives constrain. The pressure to fit knowledge to a plot structure can limit understanding. This course explores the problem of narrative structure by focusing on the storyworld. We ask, can distorting the time and space of a fictional world enable new knowledge? We consider fictions set in other places (heterotopias), stories without endings, genre hybrids, time travel, 4D space. In addition to texts, units focus on oral storytelling, and image and game based narrative. The syllabus is historical and comparative, contrasting (primarily) Russophone and Anglophone works drawn from the 19th-20th centuries. Our investigation of impossible worlds is supported throughout by readings in narrative theory. The course thus also provides an introduction to Bakhtinian, structuralist, and cognitive narrative studies. No prerequisites. All assigned reading is provided in English",https://bulletin.columbia.edu/columbia-college/departments-instruction/slavic-languages/
N/A,CLRS GU4213 Cold War Reason: Cybernetics and the Systems Sciences. .,N/A,N/A,N/A,N/A,N/A,3.00 points,N/A,"The Cold War epoch saw broad transformations in science, technology, and politics. At their nexus a new knowledge was proclaimed, cybernetics, a putative universal science of communication and control. It has disappeared so completely that most have forgotten that it ever existed. Its failure seems complete and final. Yet in another sense, cybernetics was so powerful and successful that the concepts, habits, and institutions born with it have become intrinsic parts of our world and how we make sense of it. Key cybernetic concepts of information, system, and feedback are now fundamental to our basic ways of understanding the mind, brain and computer, of grasping the economy and ecology, and finally of imagining the nature of human life itself. This course will trace the echoes of the cybernetic explosion from the wake of World War II to the onset of Silicon Valley euphoria",https://bulletin.columbia.edu/columbia-college/departments-instruction/slavic-languages/
N/A,CLRS GU4215 Thinking Socialism: The Soviet Intelligentsia After Stalin. .,N/A,N/A,N/A,N/A,N/A,3.00 points,N/A,"While Soviet Union after the second World War is often figured as a country of “stagnation,” in contrast to the avant garde 1920s and the tumult of Stalin’s 1930s, this figure is currently being re-evaluated. Political calm belied a rapidly changing society. The period developed a Soviet culture that was indubitably educated, modern, and mass. Despite, or within, or against the ever changing and ambiguous boundaries, censors, and dogmas, Soviet intellectuals generated cultural productions that reflected upon, processed, and critiqued the reality in which they lived and created. This course examines the development of this late Soviet “intelligentsia,” the first that was fully a product of Soviet society itself. Against a background of social history, we will select developments in various realms of cultural production for further examination, which from year to year may include philosophy, literature, political culture and ideology, art, and science",https://bulletin.columbia.edu/columbia-college/departments-instruction/slavic-languages/
N/A,POLI GU4051 Movements in Polish Cinema. .,N/A,N/A,N/A,N/A,N/A,3 points,N/A,,https://bulletin.columbia.edu/columbia-college/departments-instruction/slavic-languages/
N/A,POLI GU4101 ADVANCED POLISH. .,N/A,N/A,N/A,N/A,N/A,3.00 points,N/A,"Prerequisites: two years of college Polish or the instructor's permission. Extensive readings from 19th- and 20th-century texts in the original. Both fiction and nonfiction, with emphasis depending on the interests and needs of individual students",https://bulletin.columbia.edu/columbia-college/departments-instruction/slavic-languages/
N/A,RUSS UN3105 Real World Russian. .,N/A,N/A,N/A,N/A,N/A,3 points,N/A,Prerequisites: (RUSS UN2102),https://bulletin.columbia.edu/columbia-college/departments-instruction/slavic-languages/
N/A,"RUSS GU4350 Moving to Advanced-Plus: Language, Culture, Society in Russian Today. .",N/A,N/A,N/A,N/A,N/A,3 points,N/A,Prerequisites: Six semesters of college Russian and the instructorâ€™s permission.,https://bulletin.columbia.edu/columbia-college/departments-instruction/slavic-languages/
N/A,"RUSS GU4351 Moving to Advanced-Plus: Language, Culture, Society in Russian Today. .",N/A,N/A,N/A,N/A,N/A,3 points,N/A,,https://bulletin.columbia.edu/columbia-college/departments-instruction/slavic-languages/
N/A,RUSS UN3223 Magical Mystery Tour: The Legacy of Old Rus'. .,N/A,N/A,N/A,N/A,N/A,3 points,N/A,,https://bulletin.columbia.edu/columbia-college/departments-instruction/slavic-languages/
N/A,"RUSS GU4006 Russian Religious Thought, Praxis, and Literature. .",N/A,N/A,N/A,N/A,N/A,3 points,N/A,,https://bulletin.columbia.edu/columbia-college/departments-instruction/slavic-languages/
N/A,"RUSS GU4013 Late Tolstoy (Beyond Anna Karenina): Thinker, Writer, Activist, Pacifist, Humanitarian, and Mortal. .",N/A,N/A,N/A,N/A,N/A,4 points,N/A,,https://bulletin.columbia.edu/columbia-college/departments-instruction/slavic-languages/
N/A,RUSS GU4046 The Trickster in the Modern Russian Lit. .,N/A,N/A,N/A,N/A,N/A,3.00 points,N/A,"“Trickster” does not simply mean “deceiver” or “rogue” (the definition of trickster according to the Oxford Encyclopedic English Dictionary), but rather “creative idiot”, to use Lewis Hyde’s expression. This hero unites the qualities of characters who at first sight have little in common — the “selfish buffoon” and the “culture hero”; someone whose subversions and transgressions paradoxically amplify the culture-constructing effects of his (and most often it is a “he”) tricks. The trickster is a typical comic protagonist – it is enough to recollect Renard the Fox from the medieval Roman de Renard, Panurge from François Rabelais’ The Life of Gargantua and of Pantagruel, Cervantes’ Sanchо Panza, Beaumarchais’s Figaro, Gogol’s Khlestakov, Mark Twain’s Tom Sawyer and Huckleberry Finn, Yaroslav Hašek’s Švejk, Charlie Chaplin’s Tramp, Max Bialystock in Mel Brooks’ Producers, Bart Simpson and Borat (Sacha Baron Cohen), as well as Jon Stewart and Stephen Colbert along with many other comical characters of the same genre – to confirm this self-evident thesis",https://bulletin.columbia.edu/columbia-college/departments-instruction/slavic-languages/
N/A,RUSS GU4107 RUSS LIT/CULTR-NEW MILLENNIUM. .,N/A,N/A,N/A,N/A,N/A,3.00 points,N/A,"Thе course examines most representative works of Russian literature and culture since the 1990s and until the present moment. While discussing recent novels, short stories, dramas, poems, and films, we will address the issues of politics, re-assessment of history, gender, family, national identity, violence and terrorism. No knowledge of Russian is expected",https://bulletin.columbia.edu/columbia-college/departments-instruction/slavic-languages/
N/A,RUSS GU4126 Remediating Protest: Transgressive Aesthetics in Soviet ＆ Post-Soviet Culture. .,N/A,N/A,N/A,N/A,N/A,3.00 points,N/A,"In the past ten years the authoritarian regime in Russia has rendered political protest exceedingly dangerous but it has not immobilized the cultural forms of dissent shaping contemporary anti-war resistance. From a feminist performance in a church to satirical documentary and whimsical trial speeches, contemporary artists, journalists, and activists have been creating the language of protest essential to understanding post-Soviet space. Why has protest in the post-Soviet region been taking these specific aesthetic forms? Taking our point of departure from Rancière’s idea of resistance – signifying both firm persistence and a practice yielding change – we will explore how contemporary post-Soviet protest genres rely on the communication strategies that return to Soviet parody, poetic form, underground art, and dissident practices of cultural distribution. Looking at laughter as a transgressive communicative device, we will search for the reverberations of Soviet satire in Russian and Belorussian stand-up, as well as in less obvious genres, such as the recent documentary work by Alexey Navalny. We will focus on mimesis as a tool of resistance in Soviet underground art and contemporary performative practices. Exploring the aesthetics of testimony rooted in Soviet show trials, we will examine how Soviet journalistic prose and, later, contemporary theater reclaimed its devices. We will study the persistence of bodily tropes and language of violence in women’s prose, drama, contemporary feminist poetry and feminist performance from Russia and Belarus. Finally, we will discuss how dissident practices of samizdat and tamizdat helped create cultural networks in Soviet Russia and beyond as we reflect on the use of new media platforms and technologies of digital activism in post-Soviet space. Rather than searching for instances of direct influence between cultural producers, we will examine how protest strategies are shaped and remediated while activating multiple layers of cultural memory. Students will learn to annotate images and videos online, write blog posts and carry out an independent research project in consultation with the instructor. At the end of the course they have a choice of presenting the project in the form of a paper or a multimedia digital piece. Enrollment is open to upper level undergraduate and graduate students. All primary and secondary readings are in English or have subtitles",https://bulletin.columbia.edu/columbia-college/departments-instruction/slavic-languages/
N/A,RUSS GU4453 Women and Resistance in Russia. .,N/A,N/A,N/A,N/A,N/A,3 points,N/A,,https://bulletin.columbia.edu/columbia-college/departments-instruction/slavic-languages/
N/A,RUSS UN3333 VVEDENIE V RUSSKUIU LITERATURU. .,N/A,N/A,N/A,N/A,N/A,3.00 points,N/A,"Prerequisites: two years of college Russian or the instructor's permission.
Prerequisites: two years of college Russian or the instructor's permission. The course is devoted to the reading, analysis, and discussion of a number of Russian prose fiction works from the eighteenth to twentieth century. Its purpose is to give students an opportunity to apply their language skills to literature. It will teach students to read Russian literary texts as well as to talk and write about them. Its goal is, thus, twofold: to improve the students’ linguistic skills and to introduce them to Russian literature and literary history. In 2007-2008: A close study in the original of the “fallen woman” plot in Russian literature from the late eighteenth century. Conducted in Russian",https://bulletin.columbia.edu/columbia-college/departments-instruction/slavic-languages/
N/A,RUSS GU4332 CHTENIIA PO RUSSKOI LITERATURE. .,N/A,N/A,N/A,N/A,N/A,3.00 points,N/A,"Prerequisites: Three years of college Russian and the instructors permission. The course is devoted to reading shorter works by Nikolai Gogol. The syllabus includes a selection of stories from Evenings at a Farm near Dikanka and Mirgorod, “Nevsky Prospect,” “The Overcoat,” “Nose,” and “Petersburg Tales,” and The Inspector General",https://bulletin.columbia.edu/columbia-college/departments-instruction/slavic-languages/
N/A,RUSS GU4340 Chteniia po russkoi literature: Bulgakov. .,N/A,N/A,N/A,N/A,N/A,3.00 points,N/A,The course is devoted to reading and discussing of Mikhail Bulgakov’s masterpiece Master i Margarita. Classes are conducted entirely in Russian,https://bulletin.columbia.edu/columbia-college/departments-instruction/slavic-languages/
N/A,RUSS GU4344 ADV RUSSIAN THROUGH HISTORY. .,N/A,N/A,N/A,N/A,N/A,3.00 points,N/A,"Prerequisites: RUSS UN3101 and RUSS UN3102 three years of college Russian or the equivalent.
Prerequisites: RUSS UN3101 and RUSS UN3102 Third-Year Russian I and II, or placement test. A language course designed to meet the needs of those foreign learners of Russian as well as heritage speakers who want to develop further their reading, speaking, and writing skills and be introduced to the history of Russia",https://bulletin.columbia.edu/columbia-college/departments-instruction/slavic-languages/
N/A,RUSS GU4345 ADV RUSSIAN THROUGH HISTORY. .,N/A,N/A,N/A,N/A,N/A,3.00 points,N/A,"Prerequisites: three years of Russian.
Prerequisites: three years of Russian. This is a language course designed to meet the needs of those foreign learners of Russian as well as heritage speakers who want to further develop their reading, listening, speaking, and writing skills and be introduced to the history of Russia",https://bulletin.columbia.edu/columbia-college/departments-instruction/slavic-languages/
N/A,SLCL UN3001 SLAVIC CULTURES. .,N/A,N/A,N/A,N/A,N/A,3.00 points,N/A,"The history of Slavic peoples - Russians, Czechs, Poles, Serbs, Croats, Ukrainians, Bulgarians - is rife with transformations, some voluntary, some imposed. Against the background of a schematic external history, this course examines how Slavic peoples have responded to and have represented these transformations in various modes: historical writing, hagiography, polemics, drama and fiction, folk poetry, music, visual art, and film. Activity ranges over lecture (for historical background) and discussion (of primary sources)",https://bulletin.columbia.edu/columbia-college/departments-instruction/slavic-languages/
N/A,SLCL UN3100 FOLKLORE PAST ＆ PRESENT. .,N/A,N/A,N/A,N/A,N/A,3.00 points,N/A,"An introduction to the concept of folklore as an evolving, historical concept, and to primary source materials which have been framed as such. These are translated from Bosnian, Chukchi, Czech, Finnish, German, Polish, Russian, Serbian, Tuvan, Ukrainian, Yiddish, Yupik languages, and others. Geographical range is from South-Eastern Europe to the Russian Far East. We learn about particular oral traditions, their social mechanisms of transmission and performance, their central themes and poetics. Attention is paid to the broader sociopolitical factors (Romantic nationalism, colonization) which have informed the transcription, collection and publication of these traditions. For the final project, students learn how to conduct an ethnographic interview, and to analyze the folklore of a contemporary social group. Our goal is to experientially understand—as folklorists and as members of folk groups ourselves—the choices entailed in transcribing and analyzing folklore",https://bulletin.columbia.edu/columbia-college/departments-instruction/slavic-languages/
N/A,HNGR GU4028 Modern Hungarian Prose in Translation: Exposing Naked Reality. .,N/A,N/A,N/A,N/A,N/A,3 points,N/A,,https://bulletin.columbia.edu/columbia-college/departments-instruction/slavic-languages/
N/A,HNGR GU4050 The Hungarian New Wave: Cinema in Kadarist Hungary [In English]. .,N/A,N/A,N/A,N/A,N/A,3 points,N/A,,https://bulletin.columbia.edu/columbia-college/departments-instruction/slavic-languages/
N/A,SLLT GU4000 EURASIAN EXILES & LIT IN N.Y.. .,N/A,N/A,N/A,N/A,N/A,3 points,N/A,,https://bulletin.columbia.edu/columbia-college/departments-instruction/slavic-languages/
N/A,UKRN GU4001 Advanced Ukrainian I. .,N/A,N/A,N/A,N/A,N/A,3 points,N/A,,https://bulletin.columbia.edu/columbia-college/departments-instruction/slavic-languages/
N/A,UKRN GU4002 Advanced Ukrainian II. .,N/A,N/A,N/A,N/A,N/A,3 points,N/A,,https://bulletin.columbia.edu/columbia-college/departments-instruction/slavic-languages/
N/A,"UKRN GU4037 SOV UKRAINIAN MODERNISM: REV, REB, EXPER. .",N/A,N/A,N/A,N/A,N/A,3.00 points,N/A,"This course studies the renaissance in Ukrainian culture of the 1920s - a period of revolution, experimentation, vibrant expression and polemics. Focusing on the most important developments in literature, as well as on the intellectual debates they inspired, the course will also examine the major achievements in Ukrainian theater, visual art and film as integral components of the cultural spirit that defined the era. Additionally, the course also looks at the subsequent implementation of the socialist realism and its impact on Ukrainian culture and on the cultural leaders of the renaissance. The course treats one of the most important periods of Ukrainian culture and examines it lasting impact on today's Ukraine. This period produced several world-renowned cultural figures, whose connections with the 1920s Ukraine have only recently begun to be discussed. The course will be complemented by film screenings, presentations of visual art and rare publications from this period. Entirely in English with a parallel reading list for those who read Ukrainian",https://bulletin.columbia.edu/columbia-college/departments-instruction/slavic-languages/
N/A,UKRN GU4054 CREATING ID-CONTEMP UKRN CULTR. .,N/A,N/A,N/A,N/A,N/A,3.00 points,N/A,"This course presents and examines post-Soviet Ukrainian literature. Students will learn about the significant achievements, names, events, scandals and polemics in contemporary Ukrainian literature and will see how they have contributed to Ukraine’s post-Soviet identity. Students will examine how Ukrainian literature became an important site for experimentation with language, for providing feminist perspectives, for engaging previously-banned taboos and for deconstructing Soviet and Ukrainian national myths. Among the writers to be focused on in the course are Serhiy Zhadan, Yuri Andrukhovych, Oksana Zabuzhko and Taras Prokhasko. Centered on the most important successes in literature, the course will also explore key developments in music and visual art of this period. Special focus will be given to how the 2013/2014 Euromaidan revolution and war are treated in today’s literature. By also studying Ukrainian literature with regards to its relationship with Ukraine’s changing political life, students will obtain a good understanding of the dynamics of today’s Ukraine and the development of Ukrainians as a nation in the 21st century. The course will be complemented by audio and video presentations. Entirely in English with a parallel reading list for those who read Ukrainian",https://bulletin.columbia.edu/columbia-college/departments-instruction/slavic-languages/
N/A,SOCI UN3960 SEMINAR - PROBLEMS OF LAW ＆ SOCIETY. .,N/A,N/A,N/A,N/A,N/A,4.00 points,N/A,"This course addresses basic contemporary social issues from several angles of vision: from the perspective of scientists, social scientists, legal scholars, and judges. Through the use of case studies, students will examine the nature of theories, evidence, facts, proof, and argument as found in the work of scientists and scholars who have engaged the substantive issues presented in the course",https://bulletin.columbia.edu/columbia-college/departments-instruction/sociology/
N/A,CSER UN1040 CRIT APPRO-STUDY OF ETH ＆ RACE. .,N/A,N/A,N/A,N/A,N/A,3.00 points,N/A,"This course provides an introduction to central approaches and concepts animating the investigation of race and ethnicity. We will not treat either of these categories of difference as a given, nor as separable from other axes of social difference. Rather, we will apply an interdisciplinary and intersectional framework to illuminate how these concepts have come to emerge and cohere within a number of familiar and less familiar socio-cultural and historical contexts. We will consider how racial and ethnic differentiation as fraught but powerful processes have bolstered global labor regimes and imperial expansion projects; parsed, managed, and regulated populations; governed sexed and gendered logics of subject and social formation; and finally, opened and constrained axes of self-understanding, political organization, and social belonging. Special attention will be given to broadening students understanding of racial and ethnic differentiation beyond examinations of identity. Taken together, theoretical and empirical readings, discussions, and outside film screenings will prepare students for further coursework in race and ethnic studies, as well as fields such as literary studies, women’s studies, history, sociology, and anthropology",https://bulletin.columbia.edu/columbia-college/departments-instruction/sociology/
N/A,SOCI UN2235 Sexuality in Social Context. .,N/A,N/A,N/A,N/A,N/A,4.00 points,N/A,"Despite the ubiquity of sexual imagery in contemporary Western popular culture, most people regard sexuality to be an intimate topic that concerns the drives, experiences and pleasures of individuals. In this course, we will examine the social and pluralistic character of sexual desires, meanings, practices and politics, their variations, cultural locations, institutional determinants and even geopolitical dimensions. We will begin by surveying some of the most influential theoretical works from psychoanalysis, sexology and early sociological writings on sexualities, paying particular attention to how they undergird more contemporary social thought. We then move on to examine the influence of queer theoretical critique on sociological thinking about heterosexuality, whiteness, sexual diversity, and cross-national differences in the interrelationships between gender and sexuality. We will end the course by looking at three discrete topics within the larger sociological subfield of sexuality studies: global sex work, the ethics of participants observation in sexual; communities and contemporary discourses of sexual consent (the last with a particular focus on campus sexual cultures)",https://bulletin.columbia.edu/columbia-college/departments-instruction/sociology/
N/A,SOCI UN3120 Trust and Mistrust in Science and Expertise. .,N/A,N/A,N/A,N/A,N/A,4 points,N/A,,https://bulletin.columbia.edu/columbia-college/departments-instruction/sociology/
N/A,SOCI UN3121 Trust and Mistrust in Science and Expertise - DISC. .,N/A,N/A,N/A,N/A,N/A,0.00 points,N/A,"Discussion Section for SOCI 3120UN - TRUST AND MISTRUST IN SCIENCE AND EXPERTISE. Skepticism about science and expertise is evident today in multiple arenas and clearly can no longer be considered a passing phenomenon. From climate change to vaccines; from mammograms to Coronavirus testing; from opposition to rules regulating acceptable levels of carcinogens to AI algorithms purporting to yield better decisions than human experts; the challenges to the authority of experts come from both sides of the political spectrum and take multiple forms. Most discussions of the challenges to expertise start from the question of mistrust. They ask why do people mistrust science and experts given their obvious and well-documented successes and their contribution to immense improvements in collective well-being? This way of posing the question inevitably leads to the conclusion that people mistrusting experts are irrational, uninformed or duped. This, however, may not be the most productive way to pose the question. For the social scientist, mistrust is not the puzzle, trust is. It is not surprising that people would tend to mistrust decisions taken in locales far removed from their daily lives, that are supported by forms of knowledge and technical arrangements that can be relatively opaque and difficult to grasp. It is not surprising especially since these decisions impact some individuals and groups adversely, while benefitting others. Finally, every now and then, but predictably so, it becomes obvious in hindsight that the wrong decisions were taken. Under these circumstances it is far more puzzling, counter-intuitive and difficult to understand why, how, and under what conditions people do trust science and experts",https://bulletin.columbia.edu/columbia-college/departments-instruction/sociology/
N/A,SOCI UN3324 Global Urbanism. .,N/A,N/A,N/A,N/A,N/A,3 points,N/A,,https://bulletin.columbia.edu/columbia-college/departments-instruction/sociology/
N/A,SOCI UN3321 Global Urbanism Discussion Section. .,N/A,N/A,N/A,N/A,N/A,0 points,N/A,,https://bulletin.columbia.edu/columbia-college/departments-instruction/sociology/
N/A,SOCI UN3675 ORGANIZING INNOVATION. .,N/A,N/A,N/A,N/A,N/A,4.00 points,N/A,"This course examines major innovations in organizations and asks whether innovation itself can be organized. We study a range of forms of organizing (e.g. bureaucratic, post-bureaucratic, and open architecture network forms) in a broad variety of settings: from fast food franchises to the military-entertainment complex, from airline cockpits to Wall Street trading rooms, from engineering firms to mega-churches, from scientific management at the turn of the twentieth century to collaborative filtering and open source programming at the beginning of the twenty-first. Special attention will be paid to the relationship between organizational forms and new digital technologies",https://bulletin.columbia.edu/columbia-college/departments-instruction/sociology/
N/A,SOCI UN3900 Societal Adaptations to Terrorism. .,N/A,N/A,N/A,N/A,N/A,4 points,N/A,Prerequisites: Junior or Senior standing,https://bulletin.columbia.edu/columbia-college/departments-instruction/sociology/
N/A,SOCI BC3916 CROSSOVER CULTURE. .,N/A,N/A,N/A,N/A,N/A,4.00 points,N/A,"The rise of crossover culture: racially segregated markets and genres; organizational environments and the rise of independent labels; the creative process and black-white conflict and connection; the emergence of rock as a white genre; civil rights, Black Power, and the politics of soul; cultural borrowing and the postracial ethos",https://bulletin.columbia.edu/columbia-college/departments-instruction/sociology/
N/A,SOCI BC3920 ADV TOPICS GENDER ＆ SEXUALITY. .,N/A,N/A,N/A,N/A,N/A,4.00 points,N/A,"This research and writing-intensive seminar is designed for senior majors with a background and interest in the sociology of gender and sexuality. The goal of the seminar is to facilitate completion of the senior requirement (a 25-30 page paper) based on ;hands on; research with original qualitative data. Since the seminar will be restricted to students with prior academic training in the subfield, students will be able to receive intensive research training and guidance through every step of the research process, from choosing a research question to conducting original ethnographic and interview-based research, to analyzing and interpreting ones findings. The final goal of the course will be the production of an original paper of standard journal-article length. Students who choose to pursue their projects over the course of a second semester will have the option of revisiting their articles further for submission and publications",https://bulletin.columbia.edu/columbia-college/departments-instruction/sociology/
N/A,"SOCI UN3926 Race, Place, and the United States. .",N/A,N/A,N/A,N/A,N/A,4.00 points,N/A,"The course analyzes the relationship between race/ethnicity and spatial inequality, emphasizing the institutions, processes, and mechanisms that shape the lives of urban dwellers. It surveys major theoretical approaches and empirical investigations of racial and ethnic stratification in several urban cities, and their concomitant policy considerations",https://bulletin.columbia.edu/columbia-college/departments-instruction/sociology/
N/A,SOCI UN3937 Sociology of Human Rights. .,N/A,N/A,N/A,N/A,N/A,4.00 points,N/A,"Sociology came to the study of human rights much later than law, philosophy, or political science. In this course, you’ll learn (1) what constitutes a sociology of human rights and (2) what sociology, its classics, and its diverse methods bring to the empirical study and theory of human rights. We’ll explore the history, social institutions and laws, ideas, practices, and theories of human rights. We’ll become familiar with the social actors, social structures, and relationships involved in practices such as violation, claims-making, advocacy, and protection. We’ll consider how social, cultural, political, and economic forces affect human rights issues. We’ll learn about the questions sociologists ask, starting with the most basic (but far from simple) question, “what is a human right?” We’ll tackle key debates in the field, considering – for instance – whether human rights are universal and how human rights relate to cultural norms/values, national sovereignty, and national security. Finally, we’ll apply the concepts we’ve learned to a wide range of issues (ex: how racial, ethnic, gender, and other social inequalities relate to human rights), rights (ex: LGBTQ rights, the rights of laborers, the rights of refugees), and cases (ex: enslavement, the separation of children from their families, circumcision, sterilization, the use of torture). We’ll consider human rights cases in the United States and across the globe, and how events and actions in one place relate to human rights violations in another",https://bulletin.columbia.edu/columbia-college/departments-instruction/sociology/
N/A,"SOCI UN3974 SOCI OF SCHOOLS,TEACH,LEARNING. .",N/A,N/A,N/A,N/A,N/A,4.00 points,N/A,"In this class we will examine the school as a central institution in modern society, and we will grapple with an important question in the sociology of education: what role to schools play in reinforcing or challenging broader patters of social inequality? We will pay special attention to the ways in which students class, race/ethnicity and gender shape their educational experiences. We will also look at how schools are organized, how schools construct differences among students, and how schools sort kids into different (and unequal) groups. Finally we will explore the types of interventions - at both the individual and organizational levels - that can mitigate inequality in educational achievement and help low-income students to succeed. One such intervention that has shown promise is tutoring in academic and social and behavioral skills, and interventions that strengthen self-affirmation. A major component of this class is your experience as a tutor. You will be trained as tutors to work with students from local high schools both through in-person tutoring and through tutoring using social networking technologies. Throughout the semester we will combine our academic learning with critical reflection on our experience sin the field. Because you will be working with NYC high school students, we will pay special attention to how NYC high schools are organized and how current issues in education play out in the context of NYC schools",https://bulletin.columbia.edu/columbia-college/departments-instruction/sociology/
N/A,STAT UN1010 Statistical Thinking For Data Science. .,N/A,N/A,N/A,N/A,N/A,4.00 points,N/A,"The advent of large scale data collection and the computer power to analyze the data has led to the emergence of a new discipline known as Data Science. Data Scientists in all sectors analyze data to derive business insights, find solutions to societal challenges, and predict outcomes with potentially high impact. The goal of this course is to provide the student with a rigorous understanding of the statistical thinking behind the fundamental techniques of statistical analysis used by data scientists. The student will learn how to apply these techniques to data, understand why they work and how to use the analysis results to make informed decisions. The student will gain this understanding in the classroom and through the analysis of real-world data in the lab using the programming language Python. The student will learn the fundamentals of Python and how to write and run code to apply the statistical concepts taught in the classroom",https://bulletin.columbia.edu/columbia-college/departments-instruction/statistics/
N/A,STAT GU4223 MULTIVARIATE STAT INFERENCE. .,N/A,N/A,N/A,N/A,N/A,3.00 points,N/A,"Prerequisites: STAT GU4205 or the equivalent.
Prerequisites: STAT GU4205 or the equivalent. Multivariate normal distribution, multivariate regression and classification; canonical correlation; graphical models and Bayesian networks; principal components and other models for factor analysis; SVD; discriminant analysis; cluster analysis",https://bulletin.columbia.edu/columbia-college/departments-instruction/statistics/
N/A,STAT GU4232 GENERALIZED LINEAR MODELS. .,N/A,N/A,N/A,N/A,N/A,3.00 points,N/A,"Prerequisites: STAT GU4205 or the equivalent.
Prerequisites: STAT GU4205 or the equivalent. Statistical methods for rates and proportions, ordered and nominal categorical responses, contingency tables, odds-ratios, exact inference, logistic regression, Poisson regression, generalized linear models",https://bulletin.columbia.edu/columbia-college/departments-instruction/statistics/
N/A,STAT GU4233 Multilevel Models. .,N/A,N/A,N/A,N/A,N/A,3 points,N/A,,https://bulletin.columbia.edu/columbia-college/departments-instruction/statistics/
N/A,SDEV UN2320 ECON ＆ FIN MTHDS FOR SDEV. 3.00 Points.,N/A,N/A,N/A,N/A,N/A,N/A,N/A,"Prerequisites: Principles of Economics and one semester of calculus. The objective of this course is to introduce students to the skills and methods necessary to understand and evaluate the economic and financial aspects of sustainable development. Throughout the course, students will compare competing objectives and policies through the prism of economic ＆ financial reasoning. Environmental economics and finance are broad areas covering all the multi-faceted and complex interactions between the economic system and the natural environment. Financial markets are the primary source of signals used to direct economic activity in a capitalist global economy. Economic activity is the primary determinant of the quality and sustainability of the natural environment. Students interested in sustainable development who are unfamiliar with economics and who do not develop a facility with economic and financial concepts are severely handicapped in their efforts to increase the level of environmental responsibility embedded in economic activity. This course is intended to provide students with a flying introduction to key analytical concepts required to understand topics in environmental economics and finance and to introduce them to selected topics within the field. The first part of the course (the Analytical Toolbox) is designed to provide a set of portable skills for two sets of students: a) those who will work in fields specifically devoted to sustainable development who, as part of their work, will need to engage with sources of economic ＆ financial information and with discourses where sustainable development is not a focus; and b) students who may end up following careers in organizations where sustainability is not the primary objective. The topics and readings in the second part of the course were chosen to facilitate a critical engagement with the broad intellectual framework underlying sustainable development from the perspective of economics and finance. The topics are intended to create a community of intellectual discourse on sustainable development that will spill over beyond the classroom to the conversations of students and alumni that will far outlive graduation. Offered in the Fall",https://bulletin.columbia.edu/columbia-college/departments-instruction/sustainable-development/
N/A,SDEV UN3330 Ecological and Social Systems for Sustainable Development. 3 Points.,N/A,N/A,N/A,N/A,N/A,N/A,N/A,Prerequisites: SDEV W2300 Challenges of Sustainable Development; EESC W2330 Science for Sustainable Development.,https://bulletin.columbia.edu/columbia-college/departments-instruction/sustainable-development/
N/A,SDEV UN3360 DISASTERS AND DEVELOPMENT. 3.00 Points.,N/A,N/A,N/A,N/A,N/A,N/A,N/A,"Prerequisites: EESC 2330; SDEV W2300. Human welfare status is very unevenly distributed throughout the globe - some of us live very comfortable lives, others remain in desperate poverty showing little progress away from their condition. Between are countries that are rapidly developing and converging toward the welfare of the richest. At all levels of economic development human activities place significant pressure on the environment and threatens all of Earth’s vital functions and support systems for human life. This challenge requires timely responses based on solid understanding of the human/environment interface, technological and economic approaches to mitigate adverse effects on the environment, and routes to understanding the complex dynamics of the coupled human/natural systems that can chart a pathway to improvement in the lives of the poorest and continued well-being for those who have achieved prosperity without forcing natural systems into decline or massive fluctuation. This course offers undergraduate students, for the first time, a comprehensive course on the link between natural disaster events and human development at all levels of welfare. It explores the role that natural disasters might have and have had in modulating development prospects. Any student seriously interested in sustainable development, especially in light of climate change, must study the nature of extreme events - their causes, global distribution and likelihood of future change. This course will cover not only the nature of extreme events, including earthquakes, hurricanes, floods and droughts but also their transformation into disaster through social processes. It will ultimately help students to understand the link between such extreme events, the economic/social shock they represent and development outcomes. The course will combine careful analysis of the natural and social systems dynamics that give rise to disasters and examine through group learning case studies from the many disasters that have occurred in the first decade of the 21st century. Offered in the Spring (odd years only)",https://bulletin.columbia.edu/columbia-college/departments-instruction/sustainable-development/
N/A,SDEV UN3400 HUMAN POPULATIONS ＆ SDEV. 3.00 Points.,N/A,N/A,N/A,N/A,N/A,N/A,N/A,,https://bulletin.columbia.edu/columbia-college/departments-instruction/sustainable-development/
N/A,SDEV GU4015 Complexity Science. 3 Points.,N/A,N/A,N/A,N/A,N/A,N/A,N/A,,https://bulletin.columbia.edu/columbia-college/departments-instruction/sustainable-development/
N/A,SDEV GU4101 QUAL RESEARCH METHODS SDEV. 3.00 Points.,N/A,N/A,N/A,N/A,N/A,N/A,N/A,"Students of sustainable development are faced with an array of global challenges that warrant scholarly inquiry. Social science questions are particularly well suited for qualitative research. This course will provide an overview of social science research methods, with a focus on building a toolkit for undergraduate students. We begin with an overview of the science of knowing. How do we generate scientific hypotheses in the social sciences, and then how can we find out whether those hypotheses are accurate? An exploration of a range of qualitative research methods will occupy the majority of our class time, including interviewing, case studies, questionnaires, surveys, coding, and participant observation. Toward the end of the course we consider how mixed methods allow for the integration of quantitative tools in the social sciences. Throughout, students will both study and practice these research methods, experimenting to better understand the strengths and challenges associated with each approach. The course will end with poster presentations in which students share their own research and justify the methods they have employed",https://bulletin.columbia.edu/columbia-college/departments-instruction/sustainable-development/
N/A,SDEV GU4250 CLIMATE CHANGE: RESILIENCE ＆ ADAPTATION. 3.00 Points.,N/A,N/A,N/A,N/A,N/A,N/A,N/A,"This course will offer a focused study of climate change adaptation policy, exploring dimensions of adaptation across sectors and scales. With a thematic focus on pervasive global inequities, students will also consider challenges associated with international development and disaster risk management. An inter-disciplinary framework will enrich the course, and students will learn about perspectives from the natural sciences, law, architecture, anthropology, humanitarian aid, and public policy. The online intensive version of this course will combine synchronous and asynchronous learning: twice weekly live discussion sessions will be matched with assigned readings, recorded lectures and videos",https://bulletin.columbia.edu/columbia-college/departments-instruction/sustainable-development/
N/A,SDEV GU4350 PUBLIC LANDS IN THE AMERICAN WEST. 3.00 Points.,N/A,N/A,N/A,N/A,N/A,N/A,N/A,"The course fulfills the “complex problems” major requirement for the Undergraduate Program in Sustainable Development (UPSD). The American West is perhaps best known for the dramatic landscapes managed through a web of federal land management agencies. Indeed, western states have a land base that is at least 35％ public, and competing interests vie for limited resources and navigate a complex bureaucracy. Less well understood are the dynamics that arise from the interactions among different land ownership categories: federal, state, and private. Working landscapes are essential pieces of the cultural heartbeat of the region. This course will focus on: 1) the history of western settlement, highlighting the ways in which early Westerners divided up the land base and allocated resources; 2) the agencies in charge of managing federal public land including the U.S. Forest Service, U.S. Bureau of Land Management, and U.S. Park Service; and 3) state and private land, with a particular interest in the State Land Board. We will explore the legal and regulatory framework that guides land-use decisions, and study enduring resource access conflicts. Pulling from both academic scholarship and the gray literature in political science, environmental sciences, law, and organizational behavior, this course provides an interdisciplinary overview of governance challenges in the American West. Academic Schedule The course will start on Tuesday, May 31st and meet on Tuesdays/Wednesdays/Thursdays on Zoom (likely from 2-5 pm EST each day). The week of June 12th-19th the course will take place in the field in Colorado. The final week will be on Zoom on Tuesday, Wednesday Thursday, again likely from 2-5 pm EST each day. The course ends on Thursday, June 23rd. Modality The course will be offered in a hybrid format. The first two weeks and final (fourth) week of the class will be held entirely on Zoom. We will meet three times per week (Tues/Wed/Thurs) for three hours each session. Week three of the course (June 12-19) will be held in person in Colorado. There, we have the opportunity to visit a broad spectrum of land use types including federally managed forest and grasslands, protected parks, state land board parcels, and private ranches. Student will have some access to local leaders who will accompany us on various field trips to offer their perspectives. The class will participate in many kinds of field activities including hiking in federally designated Wilderness areas, visiting an oil and gas well on public lands, exploring an area recently burned by wildfire, and meeting with rural ranchers. To enroll in this course, you must apply to the Columbia Summer Field Course: Public Lands in the American West through the Center for Undergraduate Global Engagement (UGE)",https://bulletin.columbia.edu/columbia-college/departments-instruction/sustainable-development/
N/A,"SDEV GU4420 Oil, Rights ＆ Development. 1.00 Point.",N/A,N/A,N/A,N/A,N/A,N/A,N/A,"The Simulation class has as its purpose to familiarize and inform the student participants with the real-life interests, objectives, constraints, working and strategies of the range of stakeholders concerned or engaged with a large natural resource development project (oil) in a developing and civil war torn country. It challenges the students, as members of pre-assigned teams with different goals and objectives, as well as values, to seek ways to reconcile, to the extent possible, through discussion and negotiation the different and even conflicting interests, goals and strategies of the multiple stakeholders. These stakeholders include the governing parties, opposition parties, local and international NGOs, local and international media and think tanks, as well as two oil companies, including one from an authoritarian country, competing for the oil development contract",https://bulletin.columbia.edu/columbia-college/departments-instruction/sustainable-development/
N/A,SDEV GU4501 History of the Climate Crisis. 4.00 Points.,N/A,N/A,N/A,N/A,N/A,N/A,N/A,"The climate crisis is a defining feature of contemporary life. How did we get here? This course considers the historical, social, ethical, and political life of global warming in an effort to better understand the present climate age. Themes and topics include: the origins of fossil fuel-based energy systems and the cultural life of oil; the history of climate science and the geopolitics of climate knowledge production; the emergence of climate change as a global political issue; debates about political responses to climate change versus market-based approaches; the question of culpability and who should be held responsible for causing global warming; and the recent emergence of a global climate justice movement and its relationship to racial justice and indigenous rights movements",https://bulletin.columbia.edu/columbia-college/departments-instruction/sustainable-development/
N/A,SDEV GU4600 SPECIAL TOPICS IN SDEV ＆ CLIMATE. 3.00 Points.,N/A,N/A,N/A,N/A,N/A,N/A,N/A,"A novel course on the history of understanding of global climate crisis during the Cold War period and a role of science in the agenda of global climate change aims to demonstrate the connections of present state of knowledge and policy with the trajectory of the past. How much this past (s) could and should be useful is the focus of the discussions in the class. The discussions are based on historical narratives, including the history of institutional landscape of science, impacts of individual scientists, imaginaries of the future in the past. All narratives are imbedded in a larger socio-economic and political context. The unique dimension of the course is the inclusion of Soviet climate science which is considered as a global force with a significant knowledge circulations and participation in international organizations. The course is useful for climate students as well as for history and political science students",https://bulletin.columbia.edu/columbia-college/departments-instruction/sustainable-development/
N/A,URBS UN3452 HOUSING POLICY IN THE UNITED STATES. .,N/A,N/A,N/A,N/A,N/A,4.00 points,N/A,"How should we define housing? As a concept, housing is both simple and complex. As a physical concept, housing provides shelter, and it is durable and visible. Yet, housing is more than just its physical components. As a social concept, housing is a clear insignia of social status and can be an investment vehicle to accumulate and hoard wealth. Additionally, housing (and housing policy) both amplifies and reinforces larger patterns of racial and economic bias witnessed in wider society. This course examines the institutional, economic, regulatory, and political factors that affect the production, subsidization, and siting of housing in the United States. We will trace the varied policy approaches that local, state, and federal governments have leveraged to deliver affordable housing over time. Throughout the course, we will pay particular attention to how U.S. housing policy historically is built on a segregationist ideology, often linking the presence of non-white and low-income households with neighborhood instability and as a threat to stable property values. We will also explore the various approaches that the public sector has pursued to attempt to undo the racially segregated housing market of its own making. The course is divided into three sections. Part I reviews how previous scholars have defined housing, provides a brief introduction to housing policy history, and introduces the basics of supply and demand in housing markets and housing finance. Part II examines various approaches to provide affordable housing at the federal, state, and local level and how these approaches have evolved over time. Part III examines contemporary housing policy debates. Since this class is an upper-level seminar, students should expect to read about 150 pages of reading per week and to listen to a podcast or watch a select movie on specific weeks. Students will be expected to complete all of the assigned readings before class. Class time primarily will be devoted to class discussions, so students should plan to formulate thoughts about the readings before class and to participate actively in class discussions each week",https://bulletin.columbia.edu/columbia-college/departments-instruction/urban-studies/
N/A,URBS UN3480 From Homelessness to Foreclosure: NYC Geographies of Shelter and Home. .,N/A,N/A,N/A,N/A,N/A,4 points,N/A,,https://bulletin.columbia.edu/columbia-college/departments-instruction/urban-studies/
N/A,ARCH UN3502 URBANIZING CHINA. .,N/A,N/A,N/A,N/A,N/A,4 points,N/A,,https://bulletin.columbia.edu/columbia-college/departments-instruction/urban-studies/
N/A,HIST UN1786 History of the City in Latin America. .,N/A,N/A,N/A,N/A,N/A,4.00 points,N/A,"This course covers the historical development of cities in Latin America. Readings, lectures, and discussion sections will examine the concentration of people in commercial and political centers from the beginnings of European colonization in the fifteenth century to the present day and will introduce contrasting approaches to the study of urban culture, politics, society, and the built environment. Central themes include the reciprocal relationships between growing urban areas and the countryside; changing power dynamics in modern Latin America, especially as they impacted the lives of cities’ nonelite majority populations; the legalities and politics of urban space; planned versus unplanned cities and the rise of informal economies; the way changing legal and political rights regimes have affected urban life; and the constant tension between tradition and progress through which urban society was formed. There are no prerequisites for this course. Attendance at weekly Discussion Sections required",https://bulletin.columbia.edu/columbia-college/departments-instruction/urban-studies/
N/A,HIST UN3277 History of Urban Crime and Policing in Latin America in Global Perspective. .,N/A,N/A,N/A,N/A,N/A,4 points,N/A,,https://bulletin.columbia.edu/columbia-college/departments-instruction/urban-studies/
N/A,HIST GU4012 HISTORY OF THE CITY IN LATIN AMERICA. .,N/A,N/A,N/A,N/A,N/A,4.00 points,N/A,"This course covers the historical development of cities in Latin America. Readings examine the concentration of people in commercial and political centers from the beginnings of European colonization in the sixteenth century to the present day and will introduce contrasting approaches to the study of urban culture, politics, society, and the built environment. Central themes include the reciprocal relationships between growing urban areas and the countryside; cities as sites of imperial power and their post-colonial role in nation-building; changing power dynamics in modern Latin America, especially as they impacted the lives of cities’ nonelite majority populations; the legalities and politics of urban space; the complexity and historical development of urban segregation; the rise of informal economies; and the constant tension between tradition and progress through which urban societies have formed. Reading knowledge of Spanish and/or Portuguese will be helpful but is not required. Open to both undergraduate and graduate students; graduate students will be given additional reading and writing assignments",https://bulletin.columbia.edu/columbia-college/departments-instruction/urban-studies/
N/A,VIAR UN3103 Advanced Painting: Process. .,N/A,N/A,N/A,N/A,N/A,3 points,N/A,Prerequisites: VIAR UN1000 and VIAR UN2100,https://bulletin.columbia.edu/columbia-college/departments-instruction/visual-arts/
N/A,VIAR UN3104 Painting III: Advanced Painting. .,N/A,N/A,N/A,N/A,N/A,3.00 points,N/A,"This advanced painting class will consider contemporary painting in the context of traditional genres, exploring both continuity and discontinuity between contemporary painting and the tradition out of which it arose. Questions considered will include: Do traditional genres such as the history painting, the still-life, the nude, the portrait, the landscape painting have any relevance to contemporary painting? If not, where have these genres migrated to in our contemporary culture? Does contemporary painting exist solely as a cliché of art production, a hand-made status symbol and luxury commodity or can an argument be made for painting as an individual revolt against mass culture? Is painting’s appeal simply due to nostalgia for a now-obsolete technology of representation or does its enduring popularity result from a desire for the physical/personal in a screen-based world? How are contemporary artists using painting today and what critical strategies are available to painters today? Students will be expected to present artwork weekly for individual and group critiques. The course will use an expanded definition of painting so students should feel free to experiment with other media as desired. Students will be required to research historical and contemporary (both art and mass culture) examples of the various genres and to create visual presentations of their research. Supplemental readings will be assigned weekly. Students will spend the last month working on a project of their choice",https://bulletin.columbia.edu/columbia-college/departments-instruction/visual-arts/
N/A,VIAR UN3121 Figure Painting: Alternative Source Material. .,N/A,N/A,N/A,N/A,N/A,3.00 points,N/A,"This class is designed to introduce you not only to the subject of painting the human figure and its expressive potential, but also to focus on the art and craft of Painting. We will be painting the figure from secondary source material that can include photos, other artworks, clay models etc. The focus will be on figurative narration. We will be learning to see color, and use paint in response to that. Painting is a way to account for, express and communicate what you have seen with your eyes, mind or in your imagination. You will be introduced to different approaches to the craft of painting, and will by the end of the semester be more free and confident in interpreting your inner and outer vision. We will also be looking at paintings made in different times and places and discuss how and why they look the way they do. You will also be designing and carrying out your own independent project to be completed by the final critique",https://bulletin.columbia.edu/columbia-college/departments-instruction/visual-arts/
N/A,VIAR UN3135 Medieval to Contemporary Painting Techniques. .,N/A,N/A,N/A,N/A,N/A,3.00 points,N/A,"Medieval to Contemporary Painting Techniques explores the fundamental properties of paint materials by studying the paint-making techniques used by old masters of the late Medieval and Renaissance periods up through the contemporary era. Through hands-on work and experimentation, including preparing paint materials themselves, students will gain experience making and working with egg tempera, oil paint, and synthetic materials such as acrylics. They will develop a stronger understanding of how these materials function and how their uses fit into historical traditions and cultural contexts. Students will participate in weekly material and technique-building workshops. They will be given select open-ended assignments for which they can choose a particular approach to explore. Students will learn how to handle traditional and contemporary materials in compliance with high material safety standards",https://bulletin.columbia.edu/columbia-college/departments-instruction/visual-arts/
N/A,VIAR UN1703 AI ＆ PHOTOGRAPHY. .,N/A,N/A,N/A,N/A,N/A,3.00 points,N/A,"As far back as Walter Benjamin’s “work of art in the age of mechanical reproduction” (1935), photography has always been challenged by mechanical means of image processing. Photographers and Institutions have first resisted and then (mostly) embraced each of these changes. This class explores Artificial Intelligence Photography as the latest in a series of earthquakes in the history of the photographic image, accompanying the desires of business, globalization, and science. This class seeks an ethically guided, globally representative model for photography and artificial intelligence. Debates around authorship and creativity (e.g., Supreme Court case with Andy Warhol) now face a radically new context of an “authorless” photograph. As crowdsourced imagemaking begins, the bias of massive datasets have taken techno-utopians by surprise, underlining that the task of building an equitable image-bank of the world cannot be left to algorithms and entrepreneurs. This class will explore the ethics and aesthetics of Artificial Intelligence and Imagery. There will be equal emphasis on reading and writing papers, as there will be on learning new software and tools",https://bulletin.columbia.edu/columbia-college/departments-instruction/visual-arts/
N/A,VIAR GU4702 Photography: Advanced Photo III Seminar. .,N/A,N/A,N/A,N/A,N/A,3 points,N/A,Prerequisites: VIAR UN1700,https://bulletin.columbia.edu/columbia-college/departments-instruction/visual-arts/
N/A,VIAR UN3410 PRINTMAKING I: PHOTOGRAVURE. .,N/A,N/A,N/A,N/A,N/A,3.00 points,N/A,"Prerequisites: VIAR UN1400 or VIAR UN2420 or VIAR UN1700 VIAR R1400, VIAR R2420, or VIAR R1700.
Prerequisites: VIAR UN1400 or VIAR UN2420 or VIAR UN1700 (Formerly R3417) The purpose of this course is to incorporate the photomechanical intaglio printmaking process into the student’s own work, and in turn, for them to capitalize on its usage as part of their visual arts language. The students will learn the polymer plate process known as Solar Plate and structure it to the concepts they are creating and investigating. By integrating it into conventional intaglio techniques and combining them into finished works, the student’s printmaking lexicon will be expanded. This course is a concise study and practice of the process of photoetching, also known as photoengraving, utilizing non-toxic photo-polymer plates, thus reducing the exposure to harmful chemicals used in other photomechanical printmaking processes. This also coincides with the transitioning of the print studio into a Green workplace",https://bulletin.columbia.edu/columbia-college/departments-instruction/visual-arts/
N/A,"VIAR GU4501 Advanced Moving Image: Video, Film ＆ Art. .",N/A,N/A,N/A,N/A,N/A,3.00 points,N/A,"Prerequisites: (VIAR UN3500) VIAR UN3500 Intro to Moving Image: Video, Film ＆ Art or prior experience in video or film production. Advanced Moving Image: Video, Film ＆ Art is an advanced, intensive project-based class on the production of digital video. The class is designed for advanced students to develop an ambitious project or series of projects during the course of the semester. Through this production, students will fine-tune shooting and editing skills as well as become more sophisticated in terms of their aesthetic and theoretical approach to the moving image. The class will follow each student through proposal, dailies, rough-cut and fine cut stage. The course is organized for knowledge to be shared and accumulated, so that each student will learn both from her/his own process, as well as the processes of all the other students. Additional screenings and readings will be organized around the history of video art and the problematics of the moving image in general, as well as particular issues that are raised by individual student projects. NOTE: There is only one section offered per semester. If the class is full, please visit http://arts.columbia.edu/undergraduate-visual-arts-program",https://bulletin.columbia.edu/columbia-college/departments-instruction/visual-arts/
N/A,WMST UN3125 INTRO TO SEXUALITY STUDIES. .,N/A,N/A,N/A,N/A,N/A,3.00 points,N/A,,https://bulletin.columbia.edu/columbia-college/departments-instruction/womens-gender-studies/
